[14:13:17.751] [INFO] [SYSTEM] === MobileMinerOng Log Session Started ===
[14:13:17.756] [INFO] [SYSTEM] MobileMinerOng initialized
[14:14:33.365] [INFO] [EVENT] Diagnostic run started
[14:14:33.366] [INFO] [BOT] State: RECOVERING
[14:14:33.370] [INFO] [POSITION] Player: (-83.46405236442507, 84.0, -102.25442428460207)
[14:14:33.372] [INFO] [ROTATION] Yaw: 5.364811 Pitch: 49.98782
[14:14:33.373] [INFO] [EVENT] Diagnostic run complete
[14:14:49.799] [DEBUG] [PATHFINDER] Blocked at: BlockPos{x=-83, y=85, z=-103} | Feet: Air | FloorSolid: false
[14:14:49.801] [DEBUG] [PATHFINDER] Blocked at: BlockPos{x=-83, y=85, z=-101} | Feet: Air | FloorSolid: false
[14:14:49.805] [DEBUG] [PATHFINDER] Blocked at: BlockPos{x=-82, y=85, z=-102} | Feet: Air | FloorSolid: false
[14:14:49.808] [DEBUG] [PATHFINDER] Blocked at: BlockPos{x=-84, y=85, z=-102} | Feet: Air | FloorSolid: false
[14:14:49.809] [DEBUG] [PATHFINDER] Blocked at: BlockPos{x=-83, y=83, z=-103} | Feet: Black Concrete | FloorSolid: true
[14:14:49.809] [DEBUG] [PATHFINDER] Blocked at: BlockPos{x=-83, y=83, z=-101} | Feet: White Concrete | FloorSolid: true
[14:14:49.810] [DEBUG] [PATHFINDER] Blocked at: BlockPos{x=-82, y=83, z=-102} | Feet: White Concrete | FloorSolid: true
[14:14:49.811] [DEBUG] [PATHFINDER] Blocked at: BlockPos{x=-84, y=83, z=-102} | Feet: White Concrete | FloorSolid: true
[14:14:49.812] [DEBUG] [PATHFINDER] Blocked at: BlockPos{x=-82, y=85, z=-103} | Feet: Air | FloorSolid: false
[14:14:49.814] [DEBUG] [PATHFINDER] Blocked at: BlockPos{x=-82, y=85, z=-101} | Feet: Air | FloorSolid: false
[14:14:49.815] [DEBUG] [PATHFINDER] Blocked at: BlockPos{x=-81, y=85, z=-102} | Feet: Air | FloorSolid: false
[14:14:49.816] [DEBUG] [PATHFINDER] Blocked at: BlockPos{x=-83, y=85, z=-102} | Feet: Air | FloorSolid: false
[14:14:49.818] [DEBUG] [PATHFINDER] Blocked at: BlockPos{x=-82, y=83, z=-103} | Feet: Black Concrete | FloorSolid: true
[14:14:49.818] [DEBUG] [PATHFINDER] Blocked at: BlockPos{x=-82, y=83, z=-101} | Feet: White Concrete | FloorSolid: true
[14:14:49.819] [DEBUG] [PATHFINDER] Blocked at: BlockPos{x=-81, y=83, z=-102} | Feet: White Concrete | FloorSolid: true
[14:14:49.820] [DEBUG] [PATHFINDER] Blocked at: BlockPos{x=-83, y=83, z=-102} | Feet: White Concrete | FloorSolid: true
[14:14:49.820] [DEBUG] [PATHFINDER] Blocked at: BlockPos{x=-82, y=85, z=-102} | Feet: Air | FloorSolid: false
[14:14:49.820] [DEBUG] [PATHFINDER] Blocked at: BlockPos{x=-82, y=85, z=-100} | Feet: Air | FloorSolid: false
[14:14:49.821] [DEBUG] [PATHFINDER] Blocked at: BlockPos{x=-81, y=85, z=-101} | Feet: Air | FloorSolid: false
[14:14:49.821] [DEBUG] [PATHFINDER] Blocked at: BlockPos{x=-83, y=85, z=-101} | Feet: Air | FloorSolid: false
[14:14:49.821] [DEBUG] [PATHFINDER] Blocked at: BlockPos{x=-82, y=83, z=-102} | Feet: White Concrete | FloorSolid: true
[14:14:49.822] [DEBUG] [PATHFINDER] Blocked at: BlockPos{x=-82, y=83, z=-100} | Feet: White Concrete | FloorSolid: true
[14:14:49.822] [DEBUG] [PATHFINDER] Blocked at: BlockPos{x=-81, y=83, z=-101} | Feet: White Concrete | FloorSolid: true
[14:14:49.822] [DEBUG] [PATHFINDER] Blocked at: BlockPos{x=-83, y=83, z=-101} | Feet: White Concrete | FloorSolid: true
[14:14:49.823] [DEBUG] [PATHFINDER] Blocked at: BlockPos{x=-81, y=85, z=-102} | Feet: Air | FloorSolid: false
[14:14:49.823] [DEBUG] [PATHFINDER] Blocked at: BlockPos{x=-81, y=85, z=-100} | Feet: Air | FloorSolid: false
[14:14:49.823] [DEBUG] [PATHFINDER] Blocked at: BlockPos{x=-80, y=85, z=-101} | Feet: Air | FloorSolid: false
[14:14:49.824] [DEBUG] [PATHFINDER] Blocked at: BlockPos{x=-82, y=85, z=-101} | Feet: Air | FloorSolid: false
[14:14:49.824] [DEBUG] [PATHFINDER] Blocked at: BlockPos{x=-81, y=83, z=-102} | Feet: White Concrete | FloorSolid: true
[14:14:49.824] [DEBUG] [PATHFINDER] Blocked at: BlockPos{x=-81, y=83, z=-100} | Feet: White Concrete | FloorSolid: true
[14:14:49.825] [DEBUG] [PATHFINDER] Blocked at: BlockPos{x=-80, y=83, z=-101} | Feet: Black Concrete | FloorSolid: true
[14:14:49.825] [DEBUG] [PATHFINDER] Blocked at: BlockPos{x=-82, y=83, z=-101} | Feet: White Concrete | FloorSolid: true
[14:14:49.826] [DEBUG] [PATHFINDER] Blocked at: BlockPos{x=-81, y=85, z=-101} | Feet: Air | FloorSolid: false
[14:14:49.826] [DEBUG] [PATHFINDER] Blocked at: BlockPos{x=-81, y=85, z=-99} | Feet: Air | FloorSolid: false
[14:14:49.826] [DEBUG] [PATHFINDER] Blocked at: BlockPos{x=-80, y=85, z=-100} | Feet: Air | FloorSolid: false
[14:14:49.827] [DEBUG] [PATHFINDER] Blocked at: BlockPos{x=-82, y=85, z=-100} | Feet: Air | FloorSolid: false
[14:14:49.827] [DEBUG] [PATHFINDER] Blocked at: BlockPos{x=-81, y=83, z=-101} | Feet: White Concrete | FloorSolid: true
[14:14:49.827] [DEBUG] [PATHFINDER] Blocked at: BlockPos{x=-81, y=83, z=-99} | Feet: White Concrete | FloorSolid: true
[14:14:49.827] [DEBUG] [PATHFINDER] Blocked at: BlockPos{x=-80, y=83, z=-100} | Feet: Black Concrete | FloorSolid: true
[14:14:49.828] [DEBUG] [PATHFINDER] Blocked at: BlockPos{x=-82, y=83, z=-100} | Feet: White Concrete | FloorSolid: true
[14:14:49.828] [DEBUG] [PATHFINDER] Blocked at: BlockPos{x=-80, y=85, z=-101} | Feet: Air | FloorSolid: false
[14:14:49.828] [DEBUG] [PATHFINDER] Blocked at: BlockPos{x=-80, y=85, z=-99} | Feet: Air | FloorSolid: false
[14:14:49.829] [DEBUG] [PATHFINDER] Blocked at: BlockPos{x=-79, y=85, z=-100} | Feet: Air | FloorSolid: false
[14:14:49.829] [DEBUG] [PATHFINDER] Blocked at: BlockPos{x=-81, y=85, z=-100} | Feet: Air | FloorSolid: false
[14:14:49.829] [DEBUG] [PATHFINDER] Blocked at: BlockPos{x=-80, y=83, z=-101} | Feet: Black Concrete | FloorSolid: true
[14:14:49.829] [DEBUG] [PATHFINDER] Blocked at: BlockPos{x=-80, y=83, z=-99} | Feet: Black Concrete | FloorSolid: true
[14:14:49.830] [DEBUG] [PATHFINDER] Blocked at: BlockPos{x=-79, y=83, z=-100} | Feet: White Concrete | FloorSolid: true
[14:14:49.830] [DEBUG] [PATHFINDER] Blocked at: BlockPos{x=-81, y=83, z=-100} | Feet: White Concrete | FloorSolid: true
[14:14:49.830] [DEBUG] [PATHFINDER] Blocked at: BlockPos{x=-80, y=85, z=-100} | Feet: Air | FloorSolid: false
[14:14:49.831] [DEBUG] [PATHFINDER] Blocked at: BlockPos{x=-80, y=85, z=-98} | Feet: Air | FloorSolid: false
[14:14:49.831] [DEBUG] [PATHFINDER] Blocked at: BlockPos{x=-79, y=85, z=-99} | Feet: Air | FloorSolid: false
[14:14:49.831] [DEBUG] [PATHFINDER] Blocked at: BlockPos{x=-81, y=85, z=-99} | Feet: Air | FloorSolid: false
[14:14:49.831] [DEBUG] [PATHFINDER] Blocked at: BlockPos{x=-80, y=83, z=-100} | Feet: Black Concrete | FloorSolid: true
[14:14:49.832] [DEBUG] [PATHFINDER] Blocked at: BlockPos{x=-80, y=83, z=-98} | Feet: Black Concrete | FloorSolid: true
[14:14:49.832] [DEBUG] [PATHFINDER] Blocked at: BlockPos{x=-79, y=83, z=-99} | Feet: White Concrete | FloorSolid: true
[14:14:49.832] [DEBUG] [PATHFINDER] Blocked at: BlockPos{x=-81, y=83, z=-99} | Feet: White Concrete | FloorSolid: true
[14:14:49.833] [DEBUG] [PATHFINDER] Blocked at: BlockPos{x=-79, y=85, z=-100} | Feet: Air | FloorSolid: false
[14:14:49.833] [DEBUG] [PATHFINDER] Blocked at: BlockPos{x=-79, y=85, z=-98} | Feet: Air | FloorSolid: false
[14:14:49.834] [DEBUG] [PATHFINDER] Blocked at: BlockPos{x=-78, y=85, z=-99} | Feet: Air | FloorSolid: false
[14:14:49.834] [DEBUG] [PATHFINDER] Blocked at: BlockPos{x=-80, y=85, z=-99} | Feet: Air | FloorSolid: false
[14:14:49.834] [DEBUG] [PATHFINDER] Blocked at: BlockPos{x=-79, y=83, z=-100} | Feet: White Concrete | FloorSolid: true
[14:14:49.834] [DEBUG] [PATHFINDER] Blocked at: BlockPos{x=-79, y=83, z=-98} | Feet: Black Concrete | FloorSolid: true
[14:14:49.835] [DEBUG] [PATHFINDER] Blocked at: BlockPos{x=-78, y=83, z=-99} | Feet: White Concrete | FloorSolid: true
[14:14:49.835] [DEBUG] [PATHFINDER] Blocked at: BlockPos{x=-80, y=83, z=-99} | Feet: Black Concrete | FloorSolid: true
[14:14:49.835] [DEBUG] [PATHFINDER] Blocked at: BlockPos{x=-79, y=85, z=-99} | Feet: Air | FloorSolid: false
[14:14:49.836] [DEBUG] [PATHFINDER] Blocked at: BlockPos{x=-79, y=85, z=-97} | Feet: Air | FloorSolid: false
[14:14:49.836] [DEBUG] [PATHFINDER] Blocked at: BlockPos{x=-78, y=85, z=-98} | Feet: Air | FloorSolid: false
[14:14:49.836] [DEBUG] [PATHFINDER] Blocked at: BlockPos{x=-80, y=85, z=-98} | Feet: Air | FloorSolid: false
[14:14:49.836] [DEBUG] [PATHFINDER] Blocked at: BlockPos{x=-79, y=83, z=-99} | Feet: White Concrete | FloorSolid: true
[14:14:49.836] [DEBUG] [PATHFINDER] Blocked at: BlockPos{x=-79, y=83, z=-97} | Feet: White Concrete | FloorSolid: true
[14:14:49.837] [DEBUG] [PATHFINDER] Blocked at: BlockPos{x=-78, y=83, z=-98} | Feet: Black Concrete | FloorSolid: true
[14:14:49.837] [DEBUG] [PATHFINDER] Blocked at: BlockPos{x=-80, y=83, z=-98} | Feet: Black Concrete | FloorSolid: true
[14:14:49.837] [DEBUG] [PATHFINDER] Blocked at: BlockPos{x=-78, y=85, z=-99} | Feet: Air | FloorSolid: false
[14:14:49.838] [DEBUG] [PATHFINDER] Blocked at: BlockPos{x=-78, y=85, z=-97} | Feet: Air | FloorSolid: false
[14:14:49.838] [DEBUG] [PATHFINDER] Blocked at: BlockPos{x=-77, y=85, z=-98} | Feet: Air | FloorSolid: false
[14:14:49.839] [DEBUG] [PATHFINDER] Blocked at: BlockPos{x=-79, y=85, z=-98} | Feet: Air | FloorSolid: false
[14:14:49.839] [DEBUG] [PATHFINDER] Blocked at: BlockPos{x=-78, y=83, z=-99} | Feet: White Concrete | FloorSolid: true
[14:14:49.839] [DEBUG] [PATHFINDER] Blocked at: BlockPos{x=-78, y=83, z=-97} | Feet: White Concrete | FloorSolid: true
[14:14:49.839] [DEBUG] [PATHFINDER] Blocked at: BlockPos{x=-77, y=83, z=-98} | Feet: Black Concrete | FloorSolid: true
[14:14:49.840] [DEBUG] [PATHFINDER] Blocked at: BlockPos{x=-79, y=83, z=-98} | Feet: Black Concrete | FloorSolid: true
[14:14:49.840] [DEBUG] [PATHFINDER] Blocked at: BlockPos{x=-78, y=85, z=-98} | Feet: Air | FloorSolid: false
[14:14:49.840] [DEBUG] [PATHFINDER] Blocked at: BlockPos{x=-78, y=85, z=-96} | Feet: Air | FloorSolid: false
[14:14:49.841] [DEBUG] [PATHFINDER] Blocked at: BlockPos{x=-77, y=85, z=-97} | Feet: Air | FloorSolid: false
[14:14:49.841] [DEBUG] [PATHFINDER] Blocked at: BlockPos{x=-79, y=85, z=-97} | Feet: Air | FloorSolid: false
[14:14:49.841] [DEBUG] [PATHFINDER] Blocked at: BlockPos{x=-78, y=83, z=-98} | Feet: Black Concrete | FloorSolid: true
[14:14:49.842] [DEBUG] [PATHFINDER] Blocked at: BlockPos{x=-78, y=83, z=-96} | Feet: White Concrete | FloorSolid: true
[14:14:49.842] [DEBUG] [PATHFINDER] Blocked at: BlockPos{x=-77, y=83, z=-97} | Feet: White Concrete | FloorSolid: true
[14:14:49.842] [DEBUG] [PATHFINDER] Blocked at: BlockPos{x=-79, y=83, z=-97} | Feet: White Concrete | FloorSolid: true
[14:14:51.769] [DEBUG] [PATHFINDER] Blocked at: BlockPos{x=-77, y=85, z=-98} | Feet: Air | FloorSolid: false
[14:14:51.770] [DEBUG] [PATHFINDER] Blocked at: BlockPos{x=-77, y=85, z=-96} | Feet: Air | FloorSolid: false
[14:14:51.770] [DEBUG] [PATHFINDER] Blocked at: BlockPos{x=-76, y=85, z=-97} | Feet: Air | FloorSolid: false
[14:14:51.771] [DEBUG] [PATHFINDER] Blocked at: BlockPos{x=-78, y=85, z=-97} | Feet: Air | FloorSolid: false
[14:14:51.771] [DEBUG] [PATHFINDER] Blocked at: BlockPos{x=-77, y=83, z=-98} | Feet: Black Concrete | FloorSolid: true
[14:14:51.771] [DEBUG] [PATHFINDER] Blocked at: BlockPos{x=-77, y=83, z=-96} | Feet: White Concrete | FloorSolid: true
[14:14:51.771] [DEBUG] [PATHFINDER] Blocked at: BlockPos{x=-76, y=83, z=-97} | Feet: White Concrete | FloorSolid: true
[14:14:51.771] [DEBUG] [PATHFINDER] Blocked at: BlockPos{x=-78, y=83, z=-97} | Feet: White Concrete | FloorSolid: true
[14:14:51.772] [DEBUG] [PATHFINDER] Blocked at: BlockPos{x=-77, y=85, z=-99} | Feet: Air | FloorSolid: false
[14:14:51.772] [DEBUG] [PATHFINDER] Blocked at: BlockPos{x=-77, y=85, z=-97} | Feet: Air | FloorSolid: false
[14:14:51.772] [DEBUG] [PATHFINDER] Blocked at: BlockPos{x=-76, y=85, z=-98} | Feet: Air | FloorSolid: false
[14:14:51.772] [DEBUG] [PATHFINDER] Blocked at: BlockPos{x=-78, y=85, z=-98} | Feet: Air | FloorSolid: false
[14:14:51.772] [DEBUG] [PATHFINDER] Blocked at: BlockPos{x=-77, y=83, z=-99} | Feet: White Concrete | FloorSolid: true
[14:14:51.773] [DEBUG] [PATHFINDER] Blocked at: BlockPos{x=-77, y=83, z=-97} | Feet: White Concrete | FloorSolid: true
[14:14:51.773] [DEBUG] [PATHFINDER] Blocked at: BlockPos{x=-76, y=83, z=-98} | Feet: Black Concrete | FloorSolid: true
[14:14:51.773] [DEBUG] [PATHFINDER] Blocked at: BlockPos{x=-78, y=83, z=-98} | Feet: Black Concrete | FloorSolid: true
[14:14:51.774] [DEBUG] [PATHFINDER] Blocked at: BlockPos{x=-77, y=85, z=-100} | Feet: Air | FloorSolid: false
[14:14:51.774] [DEBUG] [PATHFINDER] Blocked at: BlockPos{x=-77, y=85, z=-98} | Feet: Air | FloorSolid: false
[14:14:51.774] [DEBUG] [PATHFINDER] Blocked at: BlockPos{x=-76, y=85, z=-99} | Feet: Air | FloorSolid: false
[14:14:51.774] [DEBUG] [PATHFINDER] Blocked at: BlockPos{x=-78, y=85, z=-99} | Feet: Air | FloorSolid: false
[14:14:51.775] [DEBUG] [PATHFINDER] Blocked at: BlockPos{x=-77, y=83, z=-100} | Feet: White Concrete | FloorSolid: true
[14:14:51.775] [DEBUG] [PATHFINDER] Blocked at: BlockPos{x=-77, y=83, z=-98} | Feet: Black Concrete | FloorSolid: true
[14:14:51.775] [DEBUG] [PATHFINDER] Blocked at: BlockPos{x=-76, y=83, z=-99} | Feet: White Concrete | FloorSolid: true
[14:14:51.775] [DEBUG] [PATHFINDER] Blocked at: BlockPos{x=-78, y=83, z=-99} | Feet: White Concrete | FloorSolid: true
[14:14:51.776] [DEBUG] [PATHFINDER] Blocked at: BlockPos{x=-77, y=85, z=-101} | Feet: Air | FloorSolid: false
[14:14:51.776] [DEBUG] [PATHFINDER] Blocked at: BlockPos{x=-77, y=85, z=-99} | Feet: Air | FloorSolid: false
[14:14:51.776] [DEBUG] [PATHFINDER] Blocked at: BlockPos{x=-76, y=85, z=-100} | Feet: Air | FloorSolid: false
[14:14:51.776] [DEBUG] [PATHFINDER] Blocked at: BlockPos{x=-78, y=85, z=-100} | Feet: Air | FloorSolid: false
[14:14:51.777] [DEBUG] [PATHFINDER] Blocked at: BlockPos{x=-77, y=83, z=-101} | Feet: White Concrete | FloorSolid: true
[14:14:51.777] [DEBUG] [PATHFINDER] Blocked at: BlockPos{x=-77, y=83, z=-99} | Feet: White Concrete | FloorSolid: true
[14:14:51.777] [DEBUG] [PATHFINDER] Blocked at: BlockPos{x=-76, y=83, z=-100} | Feet: White Concrete | FloorSolid: true
[14:14:51.778] [DEBUG] [PATHFINDER] Blocked at: BlockPos{x=-78, y=83, z=-100} | Feet: White Concrete | FloorSolid: true
[14:14:53.165] [DEBUG] [PATHFINDER] Blocked at: BlockPos{x=-77, y=85, z=-102} | Feet: Air | FloorSolid: false
[14:14:53.166] [DEBUG] [PATHFINDER] Blocked at: BlockPos{x=-77, y=85, z=-100} | Feet: Air | FloorSolid: false
[14:14:53.166] [DEBUG] [PATHFINDER] Blocked at: BlockPos{x=-76, y=85, z=-101} | Feet: Air | FloorSolid: false
[14:14:53.166] [DEBUG] [PATHFINDER] Blocked at: BlockPos{x=-78, y=85, z=-101} | Feet: Air | FloorSolid: false
[14:14:53.167] [DEBUG] [PATHFINDER] Blocked at: BlockPos{x=-77, y=83, z=-102} | Feet: White Concrete | FloorSolid: true
[14:14:53.167] [DEBUG] [PATHFINDER] Blocked at: BlockPos{x=-77, y=83, z=-100} | Feet: White Concrete | FloorSolid: true
[14:14:53.167] [DEBUG] [PATHFINDER] Blocked at: BlockPos{x=-76, y=83, z=-101} | Feet: White Concrete | FloorSolid: true
[14:14:53.167] [DEBUG] [PATHFINDER] Blocked at: BlockPos{x=-78, y=83, z=-101} | Feet: White Concrete | FloorSolid: true
[14:14:53.167] [DEBUG] [PATHFINDER] Blocked at: BlockPos{x=-78, y=85, z=-102} | Feet: Air | FloorSolid: false
[14:14:53.168] [DEBUG] [PATHFINDER] Blocked at: BlockPos{x=-78, y=85, z=-100} | Feet: Air | FloorSolid: false
[14:14:53.168] [DEBUG] [PATHFINDER] Blocked at: BlockPos{x=-77, y=85, z=-101} | Feet: Air | FloorSolid: false
[14:14:53.168] [DEBUG] [PATHFINDER] Blocked at: BlockPos{x=-79, y=85, z=-101} | Feet: Air | FloorSolid: false
[14:14:53.168] [DEBUG] [PATHFINDER] Blocked at: BlockPos{x=-78, y=83, z=-102} | Feet: White Concrete | FloorSolid: true
[14:14:53.169] [DEBUG] [PATHFINDER] Blocked at: BlockPos{x=-78, y=83, z=-100} | Feet: White Concrete | FloorSolid: true
[14:14:53.169] [DEBUG] [PATHFINDER] Blocked at: BlockPos{x=-77, y=83, z=-101} | Feet: White Concrete | FloorSolid: true
[14:14:53.169] [DEBUG] [PATHFINDER] Blocked at: BlockPos{x=-79, y=83, z=-101} | Feet: White Concrete | FloorSolid: true
[14:14:53.169] [DEBUG] [PATHFINDER] Blocked at: BlockPos{x=-79, y=85, z=-102} | Feet: Air | FloorSolid: false
[14:14:53.170] [DEBUG] [PATHFINDER] Blocked at: BlockPos{x=-79, y=85, z=-100} | Feet: Air | FloorSolid: false
[14:14:53.170] [DEBUG] [PATHFINDER] Blocked at: BlockPos{x=-78, y=85, z=-101} | Feet: Air | FloorSolid: false
[14:14:53.171] [DEBUG] [PATHFINDER] Blocked at: BlockPos{x=-80, y=85, z=-101} | Feet: Air | FloorSolid: false
[14:14:53.171] [DEBUG] [PATHFINDER] Blocked at: BlockPos{x=-79, y=83, z=-102} | Feet: White Concrete | FloorSolid: true
[14:14:53.172] [DEBUG] [PATHFINDER] Blocked at: BlockPos{x=-79, y=83, z=-100} | Feet: White Concrete | FloorSolid: true
[14:14:53.172] [DEBUG] [PATHFINDER] Blocked at: BlockPos{x=-78, y=83, z=-101} | Feet: White Concrete | FloorSolid: true
[14:14:53.173] [DEBUG] [PATHFINDER] Blocked at: BlockPos{x=-80, y=83, z=-101} | Feet: Black Concrete | FloorSolid: true
[14:14:53.173] [DEBUG] [PATHFINDER] Blocked at: BlockPos{x=-79, y=85, z=-103} | Feet: Air | FloorSolid: false
[14:14:53.174] [DEBUG] [PATHFINDER] Blocked at: BlockPos{x=-79, y=85, z=-101} | Feet: Air | FloorSolid: false
[14:14:53.174] [DEBUG] [PATHFINDER] Blocked at: BlockPos{x=-78, y=85, z=-102} | Feet: Air | FloorSolid: false
[14:14:53.175] [DEBUG] [PATHFINDER] Blocked at: BlockPos{x=-80, y=85, z=-102} | Feet: Air | FloorSolid: false
[14:14:53.175] [DEBUG] [PATHFINDER] Blocked at: BlockPos{x=-79, y=83, z=-103} | Feet: Black Concrete | FloorSolid: true
[14:14:53.175] [DEBUG] [PATHFINDER] Blocked at: BlockPos{x=-79, y=83, z=-101} | Feet: White Concrete | FloorSolid: true
[14:14:53.175] [DEBUG] [PATHFINDER] Blocked at: BlockPos{x=-78, y=83, z=-102} | Feet: White Concrete | FloorSolid: true
[14:14:53.176] [DEBUG] [PATHFINDER] Blocked at: BlockPos{x=-80, y=83, z=-102} | Feet: Black Concrete | FloorSolid: true
[14:14:54.065] [DEBUG] [PATHFINDER] Blocked at: BlockPos{x=-80, y=85, z=-103} | Feet: Air | FloorSolid: false
[14:14:54.066] [DEBUG] [PATHFINDER] Blocked at: BlockPos{x=-80, y=85, z=-101} | Feet: Air | FloorSolid: false
[14:14:54.067] [DEBUG] [PATHFINDER] Blocked at: BlockPos{x=-79, y=85, z=-102} | Feet: Air | FloorSolid: false
[14:14:54.067] [DEBUG] [PATHFINDER] Blocked at: BlockPos{x=-81, y=85, z=-102} | Feet: Air | FloorSolid: false
[14:14:54.067] [DEBUG] [PATHFINDER] Blocked at: BlockPos{x=-80, y=83, z=-103} | Feet: Black Concrete | FloorSolid: true
[14:14:54.068] [DEBUG] [PATHFINDER] Blocked at: BlockPos{x=-80, y=83, z=-101} | Feet: Black Concrete | FloorSolid: true
[14:14:54.068] [DEBUG] [PATHFINDER] Blocked at: BlockPos{x=-79, y=83, z=-102} | Feet: White Concrete | FloorSolid: true
[14:14:54.068] [DEBUG] [PATHFINDER] Blocked at: BlockPos{x=-81, y=83, z=-102} | Feet: White Concrete | FloorSolid: true
[14:14:54.069] [DEBUG] [PATHFINDER] Blocked at: BlockPos{x=-81, y=85, z=-103} | Feet: Air | FloorSolid: false
[14:14:54.069] [DEBUG] [PATHFINDER] Blocked at: BlockPos{x=-81, y=85, z=-101} | Feet: Air | FloorSolid: false
[14:14:54.069] [DEBUG] [PATHFINDER] Blocked at: BlockPos{x=-80, y=85, z=-102} | Feet: Air | FloorSolid: false
[14:14:54.070] [DEBUG] [PATHFINDER] Blocked at: BlockPos{x=-82, y=85, z=-102} | Feet: Air | FloorSolid: false
[14:14:54.070] [DEBUG] [PATHFINDER] Blocked at: BlockPos{x=-81, y=83, z=-103} | Feet: Black Concrete | FloorSolid: true
[14:14:54.070] [DEBUG] [PATHFINDER] Blocked at: BlockPos{x=-81, y=83, z=-101} | Feet: White Concrete | FloorSolid: true
[14:14:54.070] [DEBUG] [PATHFINDER] Blocked at: BlockPos{x=-80, y=83, z=-102} | Feet: Black Concrete | FloorSolid: true
[14:14:54.071] [DEBUG] [PATHFINDER] Blocked at: BlockPos{x=-82, y=83, z=-102} | Feet: White Concrete | FloorSolid: true
[14:14:54.071] [DEBUG] [PATHFINDER] Blocked at: BlockPos{x=-82, y=85, z=-103} | Feet: Air | FloorSolid: false
[14:14:54.071] [DEBUG] [PATHFINDER] Blocked at: BlockPos{x=-82, y=85, z=-101} | Feet: Air | FloorSolid: false
[14:14:54.072] [DEBUG] [PATHFINDER] Blocked at: BlockPos{x=-81, y=85, z=-102} | Feet: Air | FloorSolid: false
[14:14:54.072] [DEBUG] [PATHFINDER] Blocked at: BlockPos{x=-83, y=85, z=-102} | Feet: Air | FloorSolid: false
[14:14:54.072] [DEBUG] [PATHFINDER] Blocked at: BlockPos{x=-82, y=83, z=-103} | Feet: Black Concrete | FloorSolid: true
[14:14:54.073] [DEBUG] [PATHFINDER] Blocked at: BlockPos{x=-82, y=83, z=-101} | Feet: White Concrete | FloorSolid: true
[14:14:54.073] [DEBUG] [PATHFINDER] Blocked at: BlockPos{x=-81, y=83, z=-102} | Feet: White Concrete | FloorSolid: true
[14:14:54.074] [DEBUG] [PATHFINDER] Blocked at: BlockPos{x=-83, y=83, z=-102} | Feet: White Concrete | FloorSolid: true
[14:14:54.768] [DEBUG] [PATHFINDER] Blocked at: BlockPos{x=-81, y=85, z=-103} | Feet: Air | FloorSolid: false
[14:14:54.769] [DEBUG] [PATHFINDER] Blocked at: BlockPos{x=-81, y=85, z=-101} | Feet: Air | FloorSolid: false
[14:14:54.769] [DEBUG] [PATHFINDER] Blocked at: BlockPos{x=-80, y=85, z=-102} | Feet: Air | FloorSolid: false
[14:14:54.770] [DEBUG] [PATHFINDER] Blocked at: BlockPos{x=-82, y=85, z=-102} | Feet: Air | FloorSolid: false
[14:14:54.770] [DEBUG] [PATHFINDER] Blocked at: BlockPos{x=-81, y=83, z=-103} | Feet: Black Concrete | FloorSolid: true
[14:14:54.770] [DEBUG] [PATHFINDER] Blocked at: BlockPos{x=-81, y=83, z=-101} | Feet: White Concrete | FloorSolid: true
[14:14:54.771] [DEBUG] [PATHFINDER] Blocked at: BlockPos{x=-80, y=83, z=-102} | Feet: Black Concrete | FloorSolid: true
[14:14:54.771] [DEBUG] [PATHFINDER] Blocked at: BlockPos{x=-82, y=83, z=-102} | Feet: White Concrete | FloorSolid: true
[14:14:54.771] [DEBUG] [PATHFINDER] Blocked at: BlockPos{x=-82, y=85, z=-103} | Feet: Air | FloorSolid: false
[14:14:54.772] [DEBUG] [PATHFINDER] Blocked at: BlockPos{x=-82, y=85, z=-101} | Feet: Air | FloorSolid: false
[14:14:54.772] [DEBUG] [PATHFINDER] Blocked at: BlockPos{x=-81, y=85, z=-102} | Feet: Air | FloorSolid: false
[14:14:54.772] [DEBUG] [PATHFINDER] Blocked at: BlockPos{x=-83, y=85, z=-102} | Feet: Air | FloorSolid: false
[14:14:54.772] [DEBUG] [PATHFINDER] Blocked at: BlockPos{x=-82, y=83, z=-103} | Feet: Black Concrete | FloorSolid: true
[14:14:54.773] [DEBUG] [PATHFINDER] Blocked at: BlockPos{x=-82, y=83, z=-101} | Feet: White Concrete | FloorSolid: true
[14:14:54.773] [DEBUG] [PATHFINDER] Blocked at: BlockPos{x=-81, y=83, z=-102} | Feet: White Concrete | FloorSolid: true
[14:14:54.773] [DEBUG] [PATHFINDER] Blocked at: BlockPos{x=-83, y=83, z=-102} | Feet: White Concrete | FloorSolid: true
[14:14:55.372] [DEBUG] [PATHFINDER] Blocked at: BlockPos{x=-83, y=85, z=-103} | Feet: Air | FloorSolid: false
[14:14:55.373] [DEBUG] [PATHFINDER] Blocked at: BlockPos{x=-83, y=85, z=-101} | Feet: Air | FloorSolid: false
[14:14:55.374] [DEBUG] [PATHFINDER] Blocked at: BlockPos{x=-82, y=85, z=-102} | Feet: Air | FloorSolid: false
[14:14:55.374] [DEBUG] [PATHFINDER] Blocked at: BlockPos{x=-84, y=85, z=-102} | Feet: Air | FloorSolid: false
[14:14:55.375] [DEBUG] [PATHFINDER] Blocked at: BlockPos{x=-83, y=83, z=-103} | Feet: Black Concrete | FloorSolid: true
[14:14:55.375] [DEBUG] [PATHFINDER] Blocked at: BlockPos{x=-83, y=83, z=-101} | Feet: White Concrete | FloorSolid: true
[14:14:55.375] [DEBUG] [PATHFINDER] Blocked at: BlockPos{x=-82, y=83, z=-102} | Feet: White Concrete | FloorSolid: true
[14:14:55.375] [DEBUG] [PATHFINDER] Blocked at: BlockPos{x=-84, y=83, z=-102} | Feet: White Concrete | FloorSolid: true
[14:14:55.376] [DEBUG] [PATHFINDER] Blocked at: BlockPos{x=-83, y=85, z=-102} | Feet: Air | FloorSolid: false
[14:14:55.376] [DEBUG] [PATHFINDER] Blocked at: BlockPos{x=-83, y=85, z=-100} | Feet: Air | FloorSolid: false
[14:14:55.376] [DEBUG] [PATHFINDER] Blocked at: BlockPos{x=-82, y=85, z=-101} | Feet: Air | FloorSolid: false
[14:14:55.376] [DEBUG] [PATHFINDER] Blocked at: BlockPos{x=-84, y=85, z=-101} | Feet: Air | FloorSolid: false
[14:14:55.377] [DEBUG] [PATHFINDER] Blocked at: BlockPos{x=-83, y=83, z=-102} | Feet: White Concrete | FloorSolid: true
[14:14:55.377] [DEBUG] [PATHFINDER] Blocked at: BlockPos{x=-83, y=83, z=-100} | Feet: White Concrete | FloorSolid: true
[14:14:55.377] [DEBUG] [PATHFINDER] Blocked at: BlockPos{x=-82, y=83, z=-101} | Feet: White Concrete | FloorSolid: true
[14:14:55.377] [DEBUG] [PATHFINDER] Blocked at: BlockPos{x=-84, y=83, z=-101} | Feet: White Concrete | FloorSolid: true
[14:14:55.378] [DEBUG] [PATHFINDER] Blocked at: BlockPos{x=-83, y=85, z=-101} | Feet: Air | FloorSolid: false
[14:14:55.378] [DEBUG] [PATHFINDER] Blocked at: BlockPos{x=-83, y=85, z=-99} | Feet: Air | FloorSolid: false
[14:14:55.378] [DEBUG] [PATHFINDER] Blocked at: BlockPos{x=-82, y=85, z=-100} | Feet: Air | FloorSolid: false
[14:14:55.378] [DEBUG] [PATHFINDER] Blocked at: BlockPos{x=-84, y=85, z=-100} | Feet: Air | FloorSolid: false
[14:14:55.378] [DEBUG] [PATHFINDER] Blocked at: BlockPos{x=-83, y=83, z=-101} | Feet: White Concrete | FloorSolid: true
[14:14:55.379] [DEBUG] [PATHFINDER] Blocked at: BlockPos{x=-83, y=83, z=-99} | Feet: White Concrete | FloorSolid: true
[14:14:55.379] [DEBUG] [PATHFINDER] Blocked at: BlockPos{x=-82, y=83, z=-100} | Feet: White Concrete | FloorSolid: true
[14:14:55.379] [DEBUG] [PATHFINDER] Blocked at: BlockPos{x=-84, y=83, z=-100} | Feet: White Concrete | FloorSolid: true
[14:14:56.174] [DEBUG] [PATHFINDER] Blocked at: BlockPos{x=-84, y=85, z=-103} | Feet: Air | FloorSolid: false
[14:14:56.175] [DEBUG] [PATHFINDER] Blocked at: BlockPos{x=-84, y=85, z=-101} | Feet: Air | FloorSolid: false
[14:14:56.175] [DEBUG] [PATHFINDER] Blocked at: BlockPos{x=-83, y=85, z=-102} | Feet: Air | FloorSolid: false
[14:14:56.176] [DEBUG] [PATHFINDER] Blocked at: BlockPos{x=-85, y=85, z=-102} | Feet: Air | FloorSolid: false
[14:14:56.176] [DEBUG] [PATHFINDER] Blocked at: BlockPos{x=-84, y=83, z=-103} | Feet: Black Concrete | FloorSolid: true
[14:14:56.176] [DEBUG] [PATHFINDER] Blocked at: BlockPos{x=-84, y=83, z=-101} | Feet: White Concrete | FloorSolid: true
[14:14:56.176] [DEBUG] [PATHFINDER] Blocked at: BlockPos{x=-83, y=83, z=-102} | Feet: White Concrete | FloorSolid: true
[14:14:56.176] [DEBUG] [PATHFINDER] Blocked at: BlockPos{x=-85, y=83, z=-102} | Feet: Black Concrete | FloorSolid: true
[14:14:56.177] [DEBUG] [PATHFINDER] Blocked at: BlockPos{x=-84, y=85, z=-102} | Feet: Air | FloorSolid: false
[14:14:56.177] [DEBUG] [PATHFINDER] Blocked at: BlockPos{x=-84, y=85, z=-100} | Feet: Air | FloorSolid: false
[14:14:56.177] [DEBUG] [PATHFINDER] Blocked at: BlockPos{x=-83, y=85, z=-101} | Feet: Air | FloorSolid: false
[14:14:56.177] [DEBUG] [PATHFINDER] Blocked at: BlockPos{x=-85, y=85, z=-101} | Feet: Air | FloorSolid: false
[14:14:56.178] [DEBUG] [PATHFINDER] Blocked at: BlockPos{x=-84, y=83, z=-102} | Feet: White Concrete | FloorSolid: true
[14:14:56.178] [DEBUG] [PATHFINDER] Blocked at: BlockPos{x=-84, y=83, z=-100} | Feet: White Concrete | FloorSolid: true
[14:14:56.178] [DEBUG] [PATHFINDER] Blocked at: BlockPos{x=-83, y=83, z=-101} | Feet: White Concrete | FloorSolid: true
[14:14:56.178] [DEBUG] [PATHFINDER] Blocked at: BlockPos{x=-85, y=83, z=-101} | Feet: Black Concrete | FloorSolid: true
[14:14:56.179] [DEBUG] [PATHFINDER] Blocked at: BlockPos{x=-84, y=85, z=-101} | Feet: Air | FloorSolid: false
[14:14:56.179] [DEBUG] [PATHFINDER] Blocked at: BlockPos{x=-84, y=85, z=-99} | Feet: Air | FloorSolid: false
[14:14:56.180] [DEBUG] [PATHFINDER] Blocked at: BlockPos{x=-83, y=85, z=-100} | Feet: Air | FloorSolid: false
[14:14:56.180] [DEBUG] [PATHFINDER] Blocked at: BlockPos{x=-85, y=85, z=-100} | Feet: Air | FloorSolid: false
[14:14:56.180] [DEBUG] [PATHFINDER] Blocked at: BlockPos{x=-84, y=83, z=-101} | Feet: White Concrete | FloorSolid: true
[14:14:56.180] [DEBUG] [PATHFINDER] Blocked at: BlockPos{x=-84, y=83, z=-99} | Feet: White Concrete | FloorSolid: true
[14:14:56.181] [DEBUG] [PATHFINDER] Blocked at: BlockPos{x=-83, y=83, z=-100} | Feet: White Concrete | FloorSolid: true
[14:14:56.181] [DEBUG] [PATHFINDER] Blocked at: BlockPos{x=-85, y=83, z=-100} | Feet: Black Concrete | FloorSolid: true
[14:14:57.721] [DEBUG] [PATHFINDER] Blocked at: BlockPos{x=-83, y=85, z=-101} | Feet: Air | FloorSolid: false
[14:14:57.722] [DEBUG] [PATHFINDER] Blocked at: BlockPos{x=-83, y=85, z=-99} | Feet: Air | FloorSolid: false
[14:14:57.723] [DEBUG] [PATHFINDER] Blocked at: BlockPos{x=-82, y=85, z=-100} | Feet: Air | FloorSolid: false
[14:14:57.723] [DEBUG] [PATHFINDER] Blocked at: BlockPos{x=-84, y=85, z=-100} | Feet: Air | FloorSolid: false
[14:14:57.723] [DEBUG] [PATHFINDER] Blocked at: BlockPos{x=-83, y=83, z=-101} | Feet: White Concrete | FloorSolid: true
[14:14:57.723] [DEBUG] [PATHFINDER] Blocked at: BlockPos{x=-83, y=83, z=-99} | Feet: White Concrete | FloorSolid: true
[14:14:57.724] [DEBUG] [PATHFINDER] Blocked at: BlockPos{x=-82, y=83, z=-100} | Feet: White Concrete | FloorSolid: true
[14:14:57.724] [DEBUG] [PATHFINDER] Blocked at: BlockPos{x=-84, y=83, z=-100} | Feet: White Concrete | FloorSolid: true
[14:14:57.724] [DEBUG] [PATHFINDER] Blocked at: BlockPos{x=-83, y=85, z=-100} | Feet: Air | FloorSolid: false
[14:14:57.725] [DEBUG] [PATHFINDER] Blocked at: BlockPos{x=-83, y=85, z=-98} | Feet: Air | FloorSolid: false
[14:14:57.725] [DEBUG] [PATHFINDER] Blocked at: BlockPos{x=-82, y=85, z=-99} | Feet: Air | FloorSolid: false
[14:14:57.726] [DEBUG] [PATHFINDER] Blocked at: BlockPos{x=-84, y=85, z=-99} | Feet: Air | FloorSolid: false
[14:14:57.726] [DEBUG] [PATHFINDER] Blocked at: BlockPos{x=-83, y=83, z=-100} | Feet: White Concrete | FloorSolid: true
[14:14:57.727] [DEBUG] [PATHFINDER] Blocked at: BlockPos{x=-83, y=83, z=-98} | Feet: Black Concrete | FloorSolid: true
[14:14:57.727] [DEBUG] [PATHFINDER] Blocked at: BlockPos{x=-82, y=83, z=-99} | Feet: White Concrete | FloorSolid: true
[14:14:57.727] [DEBUG] [PATHFINDER] Blocked at: BlockPos{x=-84, y=83, z=-99} | Feet: White Concrete | FloorSolid: true
[14:14:57.727] [DEBUG] [PATHFINDER] Blocked at: BlockPos{x=-83, y=85, z=-99} | Feet: Air | FloorSolid: false
[14:14:57.728] [DEBUG] [PATHFINDER] Blocked at: BlockPos{x=-83, y=85, z=-97} | Feet: Air | FloorSolid: false
[14:14:57.728] [DEBUG] [PATHFINDER] Blocked at: BlockPos{x=-82, y=85, z=-98} | Feet: Air | FloorSolid: false
[14:14:57.728] [DEBUG] [PATHFINDER] Blocked at: BlockPos{x=-84, y=85, z=-98} | Feet: Air | FloorSolid: false
[14:14:57.728] [DEBUG] [PATHFINDER] Blocked at: BlockPos{x=-83, y=83, z=-99} | Feet: White Concrete | FloorSolid: true
[14:14:57.729] [DEBUG] [PATHFINDER] Blocked at: BlockPos{x=-83, y=83, z=-97} | Feet: White Concrete | FloorSolid: true
[14:14:57.729] [DEBUG] [PATHFINDER] Blocked at: BlockPos{x=-82, y=83, z=-98} | Feet: Black Concrete | FloorSolid: true
[14:14:57.729] [DEBUG] [PATHFINDER] Blocked at: BlockPos{x=-84, y=83, z=-98} | Feet: Black Concrete | FloorSolid: true
[14:14:57.730] [DEBUG] [PATHFINDER] Blocked at: BlockPos{x=-83, y=85, z=-98} | Feet: Air | FloorSolid: false
[14:14:57.730] [DEBUG] [PATHFINDER] Blocked at: BlockPos{x=-83, y=85, z=-96} | Feet: Air | FloorSolid: false
[14:14:57.730] [DEBUG] [PATHFINDER] Blocked at: BlockPos{x=-82, y=85, z=-97} | Feet: Air | FloorSolid: false
[14:14:57.731] [DEBUG] [PATHFINDER] Blocked at: BlockPos{x=-84, y=85, z=-97} | Feet: Air | FloorSolid: false
[14:14:57.731] [DEBUG] [PATHFINDER] Blocked at: BlockPos{x=-83, y=83, z=-98} | Feet: Black Concrete | FloorSolid: true
[14:14:57.731] [DEBUG] [PATHFINDER] Blocked at: BlockPos{x=-83, y=83, z=-96} | Feet: White Concrete | FloorSolid: true
[14:14:57.732] [DEBUG] [PATHFINDER] Blocked at: BlockPos{x=-82, y=83, z=-97} | Feet: White Concrete | FloorSolid: true
[14:14:57.732] [DEBUG] [PATHFINDER] Blocked at: BlockPos{x=-84, y=83, z=-97} | Feet: White Concrete | FloorSolid: true
[14:14:59.017] [DEBUG] [PATHFINDER] Blocked at: BlockPos{x=-83, y=85, z=-98} | Feet: Air | FloorSolid: false
[14:14:59.018] [DEBUG] [PATHFINDER] Blocked at: BlockPos{x=-83, y=85, z=-96} | Feet: Air | FloorSolid: false
[14:14:59.018] [DEBUG] [PATHFINDER] Blocked at: BlockPos{x=-82, y=85, z=-97} | Feet: Air | FloorSolid: false
[14:14:59.019] [DEBUG] [PATHFINDER] Blocked at: BlockPos{x=-84, y=85, z=-97} | Feet: Air | FloorSolid: false
[14:14:59.019] [DEBUG] [PATHFINDER] Blocked at: BlockPos{x=-83, y=83, z=-98} | Feet: Black Concrete | FloorSolid: true
[14:14:59.019] [DEBUG] [PATHFINDER] Blocked at: BlockPos{x=-83, y=83, z=-96} | Feet: White Concrete | FloorSolid: true
[14:14:59.019] [DEBUG] [PATHFINDER] Blocked at: BlockPos{x=-82, y=83, z=-97} | Feet: White Concrete | FloorSolid: true
[14:14:59.020] [DEBUG] [PATHFINDER] Blocked at: BlockPos{x=-84, y=83, z=-97} | Feet: White Concrete | FloorSolid: true
[14:14:59.020] [DEBUG] [PATHFINDER] Blocked at: BlockPos{x=-83, y=85, z=-97} | Feet: Air | FloorSolid: false
[14:14:59.020] [DEBUG] [PATHFINDER] Blocked at: BlockPos{x=-83, y=85, z=-95} | Feet: Air | FloorSolid: false
[14:14:59.021] [DEBUG] [PATHFINDER] Blocked at: BlockPos{x=-82, y=85, z=-96} | Feet: Air | FloorSolid: false
[14:14:59.021] [DEBUG] [PATHFINDER] Blocked at: BlockPos{x=-84, y=85, z=-96} | Feet: Air | FloorSolid: false
[14:14:59.021] [DEBUG] [PATHFINDER] Blocked at: BlockPos{x=-83, y=83, z=-97} | Feet: White Concrete | FloorSolid: true
[14:14:59.021] [DEBUG] [PATHFINDER] Blocked at: BlockPos{x=-83, y=83, z=-95} | Feet: White Concrete | FloorSolid: true
[14:14:59.022] [DEBUG] [PATHFINDER] Blocked at: BlockPos{x=-82, y=83, z=-96} | Feet: White Concrete | FloorSolid: true
[14:14:59.022] [DEBUG] [PATHFINDER] Blocked at: BlockPos{x=-84, y=83, z=-96} | Feet: White Concrete | FloorSolid: true
[14:14:59.578] [DEBUG] [PATHFINDER] Blocked at: BlockPos{x=-83, y=85, z=-96} | Feet: Air | FloorSolid: false
[14:14:59.578] [DEBUG] [PATHFINDER] Blocked at: BlockPos{x=-83, y=85, z=-94} | Feet: Air | FloorSolid: false
[14:14:59.579] [DEBUG] [PATHFINDER] Blocked at: BlockPos{x=-82, y=85, z=-95} | Feet: Air | FloorSolid: false
[14:14:59.579] [DEBUG] [PATHFINDER] Blocked at: BlockPos{x=-84, y=85, z=-95} | Feet: Air | FloorSolid: false
[14:14:59.579] [DEBUG] [PATHFINDER] Blocked at: BlockPos{x=-83, y=83, z=-96} | Feet: White Concrete | FloorSolid: true
[14:14:59.580] [DEBUG] [PATHFINDER] Blocked at: BlockPos{x=-83, y=83, z=-94} | Feet: White Concrete | FloorSolid: true
[14:14:59.580] [DEBUG] [PATHFINDER] Blocked at: BlockPos{x=-82, y=83, z=-95} | Feet: White Concrete | FloorSolid: true
[14:14:59.580] [DEBUG] [PATHFINDER] Blocked at: BlockPos{x=-84, y=83, z=-95} | Feet: White Concrete | FloorSolid: true
[14:14:59.580] [DEBUG] [PATHFINDER] Blocked at: BlockPos{x=-83, y=85, z=-95} | Feet: Air | FloorSolid: false
[14:14:59.580] [DEBUG] [PATHFINDER] Blocked at: BlockPos{x=-83, y=85, z=-93} | Feet: Air | FloorSolid: false
[14:14:59.581] [DEBUG] [PATHFINDER] Blocked at: BlockPos{x=-82, y=85, z=-94} | Feet: Air | FloorSolid: false
[14:14:59.581] [DEBUG] [PATHFINDER] Blocked at: BlockPos{x=-84, y=85, z=-94} | Feet: Air | FloorSolid: false
[14:14:59.581] [DEBUG] [PATHFINDER] Blocked at: BlockPos{x=-83, y=83, z=-95} | Feet: White Concrete | FloorSolid: true
[14:14:59.582] [DEBUG] [PATHFINDER] Blocked at: BlockPos{x=-83, y=83, z=-93} | Feet: Black Concrete | FloorSolid: true
[14:14:59.582] [DEBUG] [PATHFINDER] Blocked at: BlockPos{x=-82, y=83, z=-94} | Feet: White Concrete | FloorSolid: true
[14:14:59.583] [DEBUG] [PATHFINDER] Blocked at: BlockPos{x=-84, y=83, z=-94} | Feet: White Concrete | FloorSolid: true
[14:15:00.066] [DEBUG] [PATHFINDER] Blocked at: BlockPos{x=-82, y=85, z=-95} | Feet: Air | FloorSolid: false
[14:15:00.068] [DEBUG] [PATHFINDER] Blocked at: BlockPos{x=-82, y=85, z=-93} | Feet: Air | FloorSolid: false
[14:15:00.068] [DEBUG] [PATHFINDER] Blocked at: BlockPos{x=-81, y=85, z=-94} | Feet: Air | FloorSolid: false
[14:15:00.068] [DEBUG] [PATHFINDER] Blocked at: BlockPos{x=-83, y=85, z=-94} | Feet: Air | FloorSolid: false
[14:15:00.069] [DEBUG] [PATHFINDER] Blocked at: BlockPos{x=-82, y=83, z=-95} | Feet: White Concrete | FloorSolid: true
[14:15:00.069] [DEBUG] [PATHFINDER] Blocked at: BlockPos{x=-82, y=83, z=-93} | Feet: Black Concrete | FloorSolid: true
[14:15:00.069] [DEBUG] [PATHFINDER] Blocked at: BlockPos{x=-81, y=83, z=-94} | Feet: White Concrete | FloorSolid: true
[14:15:00.069] [DEBUG] [PATHFINDER] Blocked at: BlockPos{x=-83, y=83, z=-94} | Feet: White Concrete | FloorSolid: true
[14:15:00.070] [DEBUG] [PATHFINDER] Blocked at: BlockPos{x=-81, y=85, z=-95} | Feet: Air | FloorSolid: false
[14:15:00.070] [DEBUG] [PATHFINDER] Blocked at: BlockPos{x=-81, y=85, z=-93} | Feet: Air | FloorSolid: false
[14:15:00.070] [DEBUG] [PATHFINDER] Blocked at: BlockPos{x=-80, y=85, z=-94} | Feet: Air | FloorSolid: false
[14:15:00.070] [DEBUG] [PATHFINDER] Blocked at: BlockPos{x=-82, y=85, z=-94} | Feet: Air | FloorSolid: false
[14:15:00.071] [DEBUG] [PATHFINDER] Blocked at: BlockPos{x=-81, y=83, z=-95} | Feet: White Concrete | FloorSolid: true
[14:15:00.071] [DEBUG] [PATHFINDER] Blocked at: BlockPos{x=-81, y=83, z=-93} | Feet: Black Concrete | FloorSolid: true
[14:15:00.071] [DEBUG] [PATHFINDER] Blocked at: BlockPos{x=-80, y=83, z=-94} | Feet: Black Concrete | FloorSolid: true
[14:15:00.071] [DEBUG] [PATHFINDER] Blocked at: BlockPos{x=-82, y=83, z=-94} | Feet: White Concrete | FloorSolid: true
[14:15:00.668] [DEBUG] [PATHFINDER] Blocked at: BlockPos{x=-80, y=85, z=-95} | Feet: Air | FloorSolid: false
[14:15:00.668] [DEBUG] [PATHFINDER] Blocked at: BlockPos{x=-80, y=85, z=-93} | Feet: Air | FloorSolid: false
[14:15:00.669] [DEBUG] [PATHFINDER] Blocked at: BlockPos{x=-79, y=85, z=-94} | Feet: Air | FloorSolid: false
[14:15:00.669] [DEBUG] [PATHFINDER] Blocked at: BlockPos{x=-81, y=85, z=-94} | Feet: Air | FloorSolid: false
[14:15:00.669] [DEBUG] [PATHFINDER] Blocked at: BlockPos{x=-80, y=83, z=-95} | Feet: Black Concrete | FloorSolid: true
[14:15:00.670] [DEBUG] [PATHFINDER] Blocked at: BlockPos{x=-80, y=83, z=-93} | Feet: Black Concrete | FloorSolid: true
[14:15:00.670] [DEBUG] [PATHFINDER] Blocked at: BlockPos{x=-79, y=83, z=-94} | Feet: White Concrete | FloorSolid: true
[14:15:00.670] [DEBUG] [PATHFINDER] Blocked at: BlockPos{x=-81, y=83, z=-94} | Feet: White Concrete | FloorSolid: true
[14:15:00.670] [DEBUG] [PATHFINDER] Blocked at: BlockPos{x=-79, y=85, z=-95} | Feet: Air | FloorSolid: false
[14:15:00.671] [DEBUG] [PATHFINDER] Blocked at: BlockPos{x=-79, y=85, z=-93} | Feet: Air | FloorSolid: false
[14:15:00.671] [DEBUG] [PATHFINDER] Blocked at: BlockPos{x=-78, y=85, z=-94} | Feet: Air | FloorSolid: false
[14:15:00.671] [DEBUG] [PATHFINDER] Blocked at: BlockPos{x=-80, y=85, z=-94} | Feet: Air | FloorSolid: false
[14:15:00.671] [DEBUG] [PATHFINDER] Blocked at: BlockPos{x=-79, y=83, z=-95} | Feet: White Concrete | FloorSolid: true
[14:15:00.672] [DEBUG] [PATHFINDER] Blocked at: BlockPos{x=-79, y=83, z=-93} | Feet: Black Concrete | FloorSolid: true
[14:15:00.672] [DEBUG] [PATHFINDER] Blocked at: BlockPos{x=-78, y=83, z=-94} | Feet: White Concrete | FloorSolid: true
[14:15:00.672] [DEBUG] [PATHFINDER] Blocked at: BlockPos{x=-80, y=83, z=-94} | Feet: Black Concrete | FloorSolid: true
[14:15:00.672] [DEBUG] [PATHFINDER] Blocked at: BlockPos{x=-78, y=85, z=-95} | Feet: Air | FloorSolid: false
[14:15:00.672] [DEBUG] [PATHFINDER] Blocked at: BlockPos{x=-78, y=85, z=-93} | Feet: Air | FloorSolid: false
[14:15:00.673] [DEBUG] [PATHFINDER] Blocked at: BlockPos{x=-77, y=85, z=-94} | Feet: Air | FloorSolid: false
[14:15:00.673] [DEBUG] [PATHFINDER] Blocked at: BlockPos{x=-79, y=85, z=-94} | Feet: Air | FloorSolid: false
[14:15:00.673] [DEBUG] [PATHFINDER] Blocked at: BlockPos{x=-78, y=83, z=-95} | Feet: White Concrete | FloorSolid: true
[14:15:00.673] [DEBUG] [PATHFINDER] Blocked at: BlockPos{x=-78, y=83, z=-93} | Feet: Black Concrete | FloorSolid: true
[14:15:00.674] [DEBUG] [PATHFINDER] Blocked at: BlockPos{x=-77, y=83, z=-94} | Feet: White Concrete | FloorSolid: true
[14:15:00.674] [DEBUG] [PATHFINDER] Blocked at: BlockPos{x=-79, y=83, z=-94} | Feet: White Concrete | FloorSolid: true
[14:15:01.565] [DEBUG] [PATHFINDER] Blocked at: BlockPos{x=-79, y=85, z=-95} | Feet: Air | FloorSolid: false
[14:15:01.566] [DEBUG] [PATHFINDER] Blocked at: BlockPos{x=-79, y=85, z=-93} | Feet: Air | FloorSolid: false
[14:15:01.566] [DEBUG] [PATHFINDER] Blocked at: BlockPos{x=-78, y=85, z=-94} | Feet: Air | FloorSolid: false
[14:15:01.567] [DEBUG] [PATHFINDER] Blocked at: BlockPos{x=-80, y=85, z=-94} | Feet: Air | FloorSolid: false
[14:15:01.567] [DEBUG] [PATHFINDER] Blocked at: BlockPos{x=-79, y=83, z=-95} | Feet: White Concrete | FloorSolid: true
[14:15:01.567] [DEBUG] [PATHFINDER] Blocked at: BlockPos{x=-79, y=83, z=-93} | Feet: Black Concrete | FloorSolid: true
[14:15:01.568] [DEBUG] [PATHFINDER] Blocked at: BlockPos{x=-78, y=83, z=-94} | Feet: White Concrete | FloorSolid: true
[14:15:01.568] [DEBUG] [PATHFINDER] Blocked at: BlockPos{x=-80, y=83, z=-94} | Feet: Black Concrete | FloorSolid: true
[14:15:01.568] [DEBUG] [PATHFINDER] Blocked at: BlockPos{x=-78, y=85, z=-95} | Feet: Air | FloorSolid: false
[14:15:01.568] [DEBUG] [PATHFINDER] Blocked at: BlockPos{x=-78, y=85, z=-93} | Feet: Air | FloorSolid: false
[14:15:01.569] [DEBUG] [PATHFINDER] Blocked at: BlockPos{x=-77, y=85, z=-94} | Feet: Air | FloorSolid: false
[14:15:01.569] [DEBUG] [PATHFINDER] Blocked at: BlockPos{x=-79, y=85, z=-94} | Feet: Air | FloorSolid: false
[14:15:01.569] [DEBUG] [PATHFINDER] Blocked at: BlockPos{x=-78, y=83, z=-95} | Feet: White Concrete | FloorSolid: true
[14:15:01.569] [DEBUG] [PATHFINDER] Blocked at: BlockPos{x=-78, y=83, z=-93} | Feet: Black Concrete | FloorSolid: true
[14:15:01.570] [DEBUG] [PATHFINDER] Blocked at: BlockPos{x=-77, y=83, z=-94} | Feet: White Concrete | FloorSolid: true
[14:15:01.570] [DEBUG] [PATHFINDER] Blocked at: BlockPos{x=-79, y=83, z=-94} | Feet: White Concrete | FloorSolid: true
[14:15:02.118] [DEBUG] [PATHFINDER] Blocked at: BlockPos{x=-77, y=85, z=-95} | Feet: Air | FloorSolid: false
[14:15:02.118] [DEBUG] [PATHFINDER] Blocked at: BlockPos{x=-77, y=85, z=-93} | Feet: Air | FloorSolid: false
[14:15:02.119] [DEBUG] [PATHFINDER] Blocked at: BlockPos{x=-76, y=85, z=-94} | Feet: Air | FloorSolid: false
[14:15:02.119] [DEBUG] [PATHFINDER] Blocked at: BlockPos{x=-78, y=85, z=-94} | Feet: Air | FloorSolid: false
[14:15:02.119] [DEBUG] [PATHFINDER] Blocked at: BlockPos{x=-77, y=83, z=-95} | Feet: White Concrete | FloorSolid: true
[14:15:02.120] [DEBUG] [PATHFINDER] Blocked at: BlockPos{x=-77, y=83, z=-93} | Feet: Black Concrete | FloorSolid: true
[14:15:02.120] [DEBUG] [PATHFINDER] Blocked at: BlockPos{x=-76, y=83, z=-94} | Feet: White Concrete | FloorSolid: true
[14:15:02.120] [DEBUG] [PATHFINDER] Blocked at: BlockPos{x=-78, y=83, z=-94} | Feet: White Concrete | FloorSolid: true
[14:15:02.121] [DEBUG] [PATHFINDER] Blocked at: BlockPos{x=-77, y=85, z=-96} | Feet: Air | FloorSolid: false
[14:15:02.121] [DEBUG] [PATHFINDER] Blocked at: BlockPos{x=-77, y=85, z=-94} | Feet: Air | FloorSolid: false
[14:15:02.121] [DEBUG] [PATHFINDER] Blocked at: BlockPos{x=-76, y=85, z=-95} | Feet: Air | FloorSolid: false
[14:15:02.122] [DEBUG] [PATHFINDER] Blocked at: BlockPos{x=-78, y=85, z=-95} | Feet: Air | FloorSolid: false
[14:15:02.122] [DEBUG] [PATHFINDER] Blocked at: BlockPos{x=-77, y=83, z=-96} | Feet: White Concrete | FloorSolid: true
[14:15:02.123] [DEBUG] [PATHFINDER] Blocked at: BlockPos{x=-77, y=83, z=-94} | Feet: White Concrete | FloorSolid: true
[14:15:02.123] [DEBUG] [PATHFINDER] Blocked at: BlockPos{x=-76, y=83, z=-95} | Feet: White Concrete | FloorSolid: true
[14:15:02.123] [DEBUG] [PATHFINDER] Blocked at: BlockPos{x=-78, y=83, z=-95} | Feet: White Concrete | FloorSolid: true
[14:15:02.124] [DEBUG] [PATHFINDER] Blocked at: BlockPos{x=-77, y=85, z=-97} | Feet: Air | FloorSolid: false
[14:15:02.124] [DEBUG] [PATHFINDER] Blocked at: BlockPos{x=-77, y=85, z=-95} | Feet: Air | FloorSolid: false
[14:15:02.124] [DEBUG] [PATHFINDER] Blocked at: BlockPos{x=-76, y=85, z=-96} | Feet: Air | FloorSolid: false
[14:15:02.125] [DEBUG] [PATHFINDER] Blocked at: BlockPos{x=-78, y=85, z=-96} | Feet: Air | FloorSolid: false
[14:15:02.125] [DEBUG] [PATHFINDER] Blocked at: BlockPos{x=-77, y=83, z=-97} | Feet: White Concrete | FloorSolid: true
[14:15:02.126] [DEBUG] [PATHFINDER] Blocked at: BlockPos{x=-77, y=83, z=-95} | Feet: White Concrete | FloorSolid: true
[14:15:02.126] [DEBUG] [PATHFINDER] Blocked at: BlockPos{x=-76, y=83, z=-96} | Feet: White Concrete | FloorSolid: true
[14:15:02.126] [DEBUG] [PATHFINDER] Blocked at: BlockPos{x=-78, y=83, z=-96} | Feet: White Concrete | FloorSolid: true
[14:15:02.765] [DEBUG] [PATHFINDER] Blocked at: BlockPos{x=-76, y=85, z=-97} | Feet: Air | FloorSolid: false
[14:15:02.766] [DEBUG] [PATHFINDER] Blocked at: BlockPos{x=-76, y=85, z=-95} | Feet: Air | FloorSolid: false
[14:15:02.766] [DEBUG] [PATHFINDER] Blocked at: BlockPos{x=-75, y=85, z=-96} | Feet: Air | FloorSolid: false
[14:15:02.767] [DEBUG] [PATHFINDER] Blocked at: BlockPos{x=-77, y=85, z=-96} | Feet: Air | FloorSolid: false
[14:15:02.767] [DEBUG] [PATHFINDER] Blocked at: BlockPos{x=-76, y=83, z=-97} | Feet: White Concrete | FloorSolid: true
[14:15:02.767] [DEBUG] [PATHFINDER] Blocked at: BlockPos{x=-76, y=83, z=-95} | Feet: White Concrete | FloorSolid: true
[14:15:02.767] [DEBUG] [PATHFINDER] Blocked at: BlockPos{x=-75, y=83, z=-96} | Feet: Black Concrete | FloorSolid: true
[14:15:02.767] [DEBUG] [PATHFINDER] Blocked at: BlockPos{x=-77, y=83, z=-96} | Feet: White Concrete | FloorSolid: true
[14:15:02.768] [DEBUG] [PATHFINDER] Blocked at: BlockPos{x=-76, y=85, z=-98} | Feet: Air | FloorSolid: false
[14:15:02.768] [DEBUG] [PATHFINDER] Blocked at: BlockPos{x=-76, y=85, z=-96} | Feet: Air | FloorSolid: false
[14:15:02.768] [DEBUG] [PATHFINDER] Blocked at: BlockPos{x=-75, y=85, z=-97} | Feet: Air | FloorSolid: false
[14:15:02.768] [DEBUG] [PATHFINDER] Blocked at: BlockPos{x=-77, y=85, z=-97} | Feet: Air | FloorSolid: false
[14:15:02.769] [DEBUG] [PATHFINDER] Blocked at: BlockPos{x=-76, y=83, z=-98} | Feet: Black Concrete | FloorSolid: true
[14:15:02.769] [DEBUG] [PATHFINDER] Blocked at: BlockPos{x=-76, y=83, z=-96} | Feet: White Concrete | FloorSolid: true
[14:15:02.769] [DEBUG] [PATHFINDER] Blocked at: BlockPos{x=-75, y=83, z=-97} | Feet: Black Concrete | FloorSolid: true
[14:15:02.769] [DEBUG] [PATHFINDER] Blocked at: BlockPos{x=-77, y=83, z=-97} | Feet: White Concrete | FloorSolid: true
[14:15:03.425] [DEBUG] [PATHFINDER] Blocked at: BlockPos{x=-76, y=85, z=-99} | Feet: Air | FloorSolid: false
[14:15:03.426] [DEBUG] [PATHFINDER] Blocked at: BlockPos{x=-76, y=85, z=-97} | Feet: Air | FloorSolid: false
[14:15:03.426] [DEBUG] [PATHFINDER] Blocked at: BlockPos{x=-75, y=85, z=-98} | Feet: Air | FloorSolid: false
[14:15:03.426] [DEBUG] [PATHFINDER] Blocked at: BlockPos{x=-77, y=85, z=-98} | Feet: Air | FloorSolid: false
[14:15:03.426] [DEBUG] [PATHFINDER] Blocked at: BlockPos{x=-76, y=83, z=-99} | Feet: White Concrete | FloorSolid: true
[14:15:03.427] [DEBUG] [PATHFINDER] Blocked at: BlockPos{x=-76, y=83, z=-97} | Feet: White Concrete | FloorSolid: true
[14:15:03.427] [DEBUG] [PATHFINDER] Blocked at: BlockPos{x=-75, y=83, z=-98} | Feet: Black Concrete | FloorSolid: true
[14:15:03.427] [DEBUG] [PATHFINDER] Blocked at: BlockPos{x=-77, y=83, z=-98} | Feet: Black Concrete | FloorSolid: true
[14:15:03.427] [DEBUG] [PATHFINDER] Blocked at: BlockPos{x=-76, y=85, z=-100} | Feet: Air | FloorSolid: false
[14:15:03.428] [DEBUG] [PATHFINDER] Blocked at: BlockPos{x=-76, y=85, z=-98} | Feet: Air | FloorSolid: false
[14:15:03.428] [DEBUG] [PATHFINDER] Blocked at: BlockPos{x=-75, y=85, z=-99} | Feet: Air | FloorSolid: false
[14:15:03.428] [DEBUG] [PATHFINDER] Blocked at: BlockPos{x=-77, y=85, z=-99} | Feet: Air | FloorSolid: false
[14:15:03.428] [DEBUG] [PATHFINDER] Blocked at: BlockPos{x=-76, y=83, z=-100} | Feet: White Concrete | FloorSolid: true
[14:15:03.428] [DEBUG] [PATHFINDER] Blocked at: BlockPos{x=-76, y=83, z=-98} | Feet: Black Concrete | FloorSolid: true
[14:15:03.429] [DEBUG] [PATHFINDER] Blocked at: BlockPos{x=-75, y=83, z=-99} | Feet: Black Concrete | FloorSolid: true
[14:15:03.429] [DEBUG] [PATHFINDER] Blocked at: BlockPos{x=-77, y=83, z=-99} | Feet: White Concrete | FloorSolid: true
[14:15:03.429] [DEBUG] [PATHFINDER] Blocked at: BlockPos{x=-76, y=85, z=-101} | Feet: Air | FloorSolid: false
[14:15:03.430] [DEBUG] [PATHFINDER] Blocked at: BlockPos{x=-76, y=85, z=-99} | Feet: Air | FloorSolid: false
[14:15:03.430] [DEBUG] [PATHFINDER] Blocked at: BlockPos{x=-75, y=85, z=-100} | Feet: Air | FloorSolid: false
[14:15:03.430] [DEBUG] [PATHFINDER] Blocked at: BlockPos{x=-77, y=85, z=-100} | Feet: Air | FloorSolid: false
[14:15:03.430] [DEBUG] [PATHFINDER] Blocked at: BlockPos{x=-76, y=83, z=-101} | Feet: White Concrete | FloorSolid: true
[14:15:03.431] [DEBUG] [PATHFINDER] Blocked at: BlockPos{x=-76, y=83, z=-99} | Feet: White Concrete | FloorSolid: true
[14:15:03.433] [DEBUG] [PATHFINDER] Blocked at: BlockPos{x=-75, y=83, z=-100} | Feet: Black Concrete | FloorSolid: true
[14:15:03.433] [DEBUG] [PATHFINDER] Blocked at: BlockPos{x=-77, y=83, z=-100} | Feet: White Concrete | FloorSolid: true
[14:15:04.164] [DEBUG] [PATHFINDER] Blocked at: BlockPos{x=-76, y=85, z=-100} | Feet: Air | FloorSolid: false
[14:15:04.165] [DEBUG] [PATHFINDER] Blocked at: BlockPos{x=-76, y=85, z=-98} | Feet: Air | FloorSolid: false
[14:15:04.166] [DEBUG] [PATHFINDER] Blocked at: BlockPos{x=-75, y=85, z=-99} | Feet: Air | FloorSolid: false
[14:15:04.166] [DEBUG] [PATHFINDER] Blocked at: BlockPos{x=-77, y=85, z=-99} | Feet: Air | FloorSolid: false
[14:15:04.167] [DEBUG] [PATHFINDER] Blocked at: BlockPos{x=-76, y=83, z=-100} | Feet: White Concrete | FloorSolid: true
[14:15:04.167] [DEBUG] [PATHFINDER] Blocked at: BlockPos{x=-76, y=83, z=-98} | Feet: Black Concrete | FloorSolid: true
[14:15:04.167] [DEBUG] [PATHFINDER] Blocked at: BlockPos{x=-75, y=83, z=-99} | Feet: Black Concrete | FloorSolid: true
[14:15:04.167] [DEBUG] [PATHFINDER] Blocked at: BlockPos{x=-77, y=83, z=-99} | Feet: White Concrete | FloorSolid: true
[14:15:04.168] [DEBUG] [PATHFINDER] Blocked at: BlockPos{x=-76, y=85, z=-101} | Feet: Air | FloorSolid: false
[14:15:04.168] [DEBUG] [PATHFINDER] Blocked at: BlockPos{x=-76, y=85, z=-99} | Feet: Air | FloorSolid: false
[14:15:04.168] [DEBUG] [PATHFINDER] Blocked at: BlockPos{x=-75, y=85, z=-100} | Feet: Air | FloorSolid: false
[14:15:04.169] [DEBUG] [PATHFINDER] Blocked at: BlockPos{x=-77, y=85, z=-100} | Feet: Air | FloorSolid: false
[14:15:04.169] [DEBUG] [PATHFINDER] Blocked at: BlockPos{x=-76, y=83, z=-101} | Feet: White Concrete | FloorSolid: true
[14:15:04.170] [DEBUG] [PATHFINDER] Blocked at: BlockPos{x=-76, y=83, z=-99} | Feet: White Concrete | FloorSolid: true
[14:15:04.170] [DEBUG] [PATHFINDER] Blocked at: BlockPos{x=-75, y=83, z=-100} | Feet: Black Concrete | FloorSolid: true
[14:15:04.170] [DEBUG] [PATHFINDER] Blocked at: BlockPos{x=-77, y=83, z=-100} | Feet: White Concrete | FloorSolid: true
[14:15:04.768] [DEBUG] [PATHFINDER] Blocked at: BlockPos{x=-76, y=85, z=-102} | Feet: Air | FloorSolid: false
[14:15:04.769] [DEBUG] [PATHFINDER] Blocked at: BlockPos{x=-76, y=85, z=-100} | Feet: Air | FloorSolid: false
[14:15:04.770] [DEBUG] [PATHFINDER] Blocked at: BlockPos{x=-75, y=85, z=-101} | Feet: Air | FloorSolid: false
[14:15:04.770] [DEBUG] [PATHFINDER] Blocked at: BlockPos{x=-77, y=85, z=-101} | Feet: Air | FloorSolid: false
[14:15:04.771] [DEBUG] [PATHFINDER] Blocked at: BlockPos{x=-76, y=83, z=-102} | Feet: White Concrete | FloorSolid: true
[14:15:04.771] [DEBUG] [PATHFINDER] Blocked at: BlockPos{x=-76, y=83, z=-100} | Feet: White Concrete | FloorSolid: true
[14:15:04.771] [DEBUG] [PATHFINDER] Blocked at: BlockPos{x=-75, y=83, z=-101} | Feet: Black Concrete | FloorSolid: true
[14:15:04.771] [DEBUG] [PATHFINDER] Blocked at: BlockPos{x=-77, y=83, z=-101} | Feet: White Concrete | FloorSolid: true
[14:15:04.772] [DEBUG] [PATHFINDER] Blocked at: BlockPos{x=-77, y=85, z=-102} | Feet: Air | FloorSolid: false
[14:15:04.772] [DEBUG] [PATHFINDER] Blocked at: BlockPos{x=-77, y=85, z=-100} | Feet: Air | FloorSolid: false
[14:15:04.772] [DEBUG] [PATHFINDER] Blocked at: BlockPos{x=-76, y=85, z=-101} | Feet: Air | FloorSolid: false
[14:15:04.772] [DEBUG] [PATHFINDER] Blocked at: BlockPos{x=-78, y=85, z=-101} | Feet: Air | FloorSolid: false
[14:15:04.773] [DEBUG] [PATHFINDER] Blocked at: BlockPos{x=-77, y=83, z=-102} | Feet: White Concrete | FloorSolid: true
[14:15:04.773] [DEBUG] [PATHFINDER] Blocked at: BlockPos{x=-77, y=83, z=-100} | Feet: White Concrete | FloorSolid: true
[14:15:04.773] [DEBUG] [PATHFINDER] Blocked at: BlockPos{x=-76, y=83, z=-101} | Feet: White Concrete | FloorSolid: true
[14:15:04.773] [DEBUG] [PATHFINDER] Blocked at: BlockPos{x=-78, y=83, z=-101} | Feet: White Concrete | FloorSolid: true
[14:15:04.774] [DEBUG] [PATHFINDER] Blocked at: BlockPos{x=-77, y=85, z=-103} | Feet: Air | FloorSolid: false
[14:15:04.774] [DEBUG] [PATHFINDER] Blocked at: BlockPos{x=-77, y=85, z=-101} | Feet: Air | FloorSolid: false
[14:15:04.774] [DEBUG] [PATHFINDER] Blocked at: BlockPos{x=-76, y=85, z=-102} | Feet: Air | FloorSolid: false
[14:15:04.774] [DEBUG] [PATHFINDER] Blocked at: BlockPos{x=-78, y=85, z=-102} | Feet: Air | FloorSolid: false
[14:15:04.774] [DEBUG] [PATHFINDER] Blocked at: BlockPos{x=-77, y=83, z=-103} | Feet: Black Concrete | FloorSolid: true
[14:15:04.775] [DEBUG] [PATHFINDER] Blocked at: BlockPos{x=-77, y=83, z=-101} | Feet: White Concrete | FloorSolid: true
[14:15:04.775] [DEBUG] [PATHFINDER] Blocked at: BlockPos{x=-76, y=83, z=-102} | Feet: White Concrete | FloorSolid: true
[14:15:04.775] [DEBUG] [PATHFINDER] Blocked at: BlockPos{x=-78, y=83, z=-102} | Feet: White Concrete | FloorSolid: true
[14:15:05.470] [DEBUG] [PATHFINDER] Blocked at: BlockPos{x=-78, y=85, z=-103} | Feet: Air | FloorSolid: false
[14:15:05.471] [DEBUG] [PATHFINDER] Blocked at: BlockPos{x=-78, y=85, z=-101} | Feet: Air | FloorSolid: false
[14:15:05.472] [DEBUG] [PATHFINDER] Blocked at: BlockPos{x=-77, y=85, z=-102} | Feet: Air | FloorSolid: false
[14:15:05.473] [DEBUG] [PATHFINDER] Blocked at: BlockPos{x=-79, y=85, z=-102} | Feet: Air | FloorSolid: false
[14:15:05.473] [DEBUG] [PATHFINDER] Blocked at: BlockPos{x=-78, y=83, z=-103} | Feet: Black Concrete | FloorSolid: true
[14:15:05.474] [DEBUG] [PATHFINDER] Blocked at: BlockPos{x=-78, y=83, z=-101} | Feet: White Concrete | FloorSolid: true
[14:15:05.474] [DEBUG] [PATHFINDER] Blocked at: BlockPos{x=-77, y=83, z=-102} | Feet: White Concrete | FloorSolid: true
[14:15:05.474] [DEBUG] [PATHFINDER] Blocked at: BlockPos{x=-79, y=83, z=-102} | Feet: White Concrete | FloorSolid: true
[14:15:05.475] [DEBUG] [PATHFINDER] Blocked at: BlockPos{x=-79, y=85, z=-103} | Feet: Air | FloorSolid: false
[14:15:05.475] [DEBUG] [PATHFINDER] Blocked at: BlockPos{x=-79, y=85, z=-101} | Feet: Air | FloorSolid: false
[14:15:05.475] [DEBUG] [PATHFINDER] Blocked at: BlockPos{x=-78, y=85, z=-102} | Feet: Air | FloorSolid: false
[14:15:05.475] [DEBUG] [PATHFINDER] Blocked at: BlockPos{x=-80, y=85, z=-102} | Feet: Air | FloorSolid: false
[14:15:05.476] [DEBUG] [PATHFINDER] Blocked at: BlockPos{x=-79, y=83, z=-103} | Feet: Black Concrete | FloorSolid: true
[14:15:05.478] [DEBUG] [PATHFINDER] Blocked at: BlockPos{x=-79, y=83, z=-101} | Feet: White Concrete | FloorSolid: true
[14:15:05.478] [DEBUG] [PATHFINDER] Blocked at: BlockPos{x=-78, y=83, z=-102} | Feet: White Concrete | FloorSolid: true
[14:15:05.479] [DEBUG] [PATHFINDER] Blocked at: BlockPos{x=-80, y=83, z=-102} | Feet: Black Concrete | FloorSolid: true
[14:15:06.066] [DEBUG] [PATHFINDER] Blocked at: BlockPos{x=-80, y=85, z=-103} | Feet: Air | FloorSolid: false
[14:15:06.066] [DEBUG] [PATHFINDER] Blocked at: BlockPos{x=-80, y=85, z=-101} | Feet: Air | FloorSolid: false
[14:15:06.067] [DEBUG] [PATHFINDER] Blocked at: BlockPos{x=-79, y=85, z=-102} | Feet: Air | FloorSolid: false
[14:15:06.067] [DEBUG] [PATHFINDER] Blocked at: BlockPos{x=-81, y=85, z=-102} | Feet: Air | FloorSolid: false
[14:15:06.067] [DEBUG] [PATHFINDER] Blocked at: BlockPos{x=-80, y=83, z=-103} | Feet: Black Concrete | FloorSolid: true
[14:15:06.067] [DEBUG] [PATHFINDER] Blocked at: BlockPos{x=-80, y=83, z=-101} | Feet: Black Concrete | FloorSolid: true
[14:15:06.068] [DEBUG] [PATHFINDER] Blocked at: BlockPos{x=-79, y=83, z=-102} | Feet: White Concrete | FloorSolid: true
[14:15:06.068] [DEBUG] [PATHFINDER] Blocked at: BlockPos{x=-81, y=83, z=-102} | Feet: White Concrete | FloorSolid: true
[14:15:06.068] [DEBUG] [PATHFINDER] Blocked at: BlockPos{x=-81, y=85, z=-103} | Feet: Air | FloorSolid: false
[14:15:06.068] [DEBUG] [PATHFINDER] Blocked at: BlockPos{x=-81, y=85, z=-101} | Feet: Air | FloorSolid: false
[14:15:06.068] [DEBUG] [PATHFINDER] Blocked at: BlockPos{x=-80, y=85, z=-102} | Feet: Air | FloorSolid: false
[14:15:06.068] [DEBUG] [PATHFINDER] Blocked at: BlockPos{x=-82, y=85, z=-102} | Feet: Air | FloorSolid: false
[14:15:06.069] [DEBUG] [PATHFINDER] Blocked at: BlockPos{x=-81, y=83, z=-103} | Feet: Black Concrete | FloorSolid: true
[14:15:06.069] [DEBUG] [PATHFINDER] Blocked at: BlockPos{x=-81, y=83, z=-101} | Feet: White Concrete | FloorSolid: true
[14:15:06.069] [DEBUG] [PATHFINDER] Blocked at: BlockPos{x=-80, y=83, z=-102} | Feet: Black Concrete | FloorSolid: true
[14:15:06.069] [DEBUG] [PATHFINDER] Blocked at: BlockPos{x=-82, y=83, z=-102} | Feet: White Concrete | FloorSolid: true
[14:15:07.016] [DEBUG] [PATHFINDER] Blocked at: BlockPos{x=-81, y=85, z=-103} | Feet: Air | FloorSolid: false
[14:15:07.016] [DEBUG] [PATHFINDER] Blocked at: BlockPos{x=-81, y=85, z=-101} | Feet: Air | FloorSolid: false
[14:15:07.017] [DEBUG] [PATHFINDER] Blocked at: BlockPos{x=-80, y=85, z=-102} | Feet: Air | FloorSolid: false
[14:15:07.018] [DEBUG] [PATHFINDER] Blocked at: BlockPos{x=-82, y=85, z=-102} | Feet: Air | FloorSolid: false
[14:15:07.018] [DEBUG] [PATHFINDER] Blocked at: BlockPos{x=-81, y=83, z=-103} | Feet: Black Concrete | FloorSolid: true
[14:15:07.018] [DEBUG] [PATHFINDER] Blocked at: BlockPos{x=-81, y=83, z=-101} | Feet: White Concrete | FloorSolid: true
[14:15:07.019] [DEBUG] [PATHFINDER] Blocked at: BlockPos{x=-80, y=83, z=-102} | Feet: Black Concrete | FloorSolid: true
[14:15:07.019] [DEBUG] [PATHFINDER] Blocked at: BlockPos{x=-82, y=83, z=-102} | Feet: White Concrete | FloorSolid: true
[14:15:07.019] [DEBUG] [PATHFINDER] Blocked at: BlockPos{x=-82, y=85, z=-103} | Feet: Air | FloorSolid: false
[14:15:07.020] [DEBUG] [PATHFINDER] Blocked at: BlockPos{x=-82, y=85, z=-101} | Feet: Air | FloorSolid: false
[14:15:07.020] [DEBUG] [PATHFINDER] Blocked at: BlockPos{x=-81, y=85, z=-102} | Feet: Air | FloorSolid: false
[14:15:07.020] [DEBUG] [PATHFINDER] Blocked at: BlockPos{x=-83, y=85, z=-102} | Feet: Air | FloorSolid: false
[14:15:07.021] [DEBUG] [PATHFINDER] Blocked at: BlockPos{x=-82, y=83, z=-103} | Feet: Black Concrete | FloorSolid: true
[14:15:07.021] [DEBUG] [PATHFINDER] Blocked at: BlockPos{x=-82, y=83, z=-101} | Feet: White Concrete | FloorSolid: true
[14:15:07.021] [DEBUG] [PATHFINDER] Blocked at: BlockPos{x=-81, y=83, z=-102} | Feet: White Concrete | FloorSolid: true
[14:15:07.021] [DEBUG] [PATHFINDER] Blocked at: BlockPos{x=-83, y=83, z=-102} | Feet: White Concrete | FloorSolid: true
[14:15:07.022] [DEBUG] [PATHFINDER] Blocked at: BlockPos{x=-82, y=85, z=-102} | Feet: Air | FloorSolid: false
[14:15:07.022] [DEBUG] [PATHFINDER] Blocked at: BlockPos{x=-82, y=85, z=-100} | Feet: Air | FloorSolid: false
[14:15:07.022] [DEBUG] [PATHFINDER] Blocked at: BlockPos{x=-81, y=85, z=-101} | Feet: Air | FloorSolid: false
[14:15:07.023] [DEBUG] [PATHFINDER] Blocked at: BlockPos{x=-83, y=85, z=-101} | Feet: Air | FloorSolid: false
[14:15:07.023] [DEBUG] [PATHFINDER] Blocked at: BlockPos{x=-82, y=83, z=-102} | Feet: White Concrete | FloorSolid: true
[14:15:07.023] [DEBUG] [PATHFINDER] Blocked at: BlockPos{x=-82, y=83, z=-100} | Feet: White Concrete | FloorSolid: true
[14:15:07.023] [DEBUG] [PATHFINDER] Blocked at: BlockPos{x=-81, y=83, z=-101} | Feet: White Concrete | FloorSolid: true
[14:15:07.024] [DEBUG] [PATHFINDER] Blocked at: BlockPos{x=-83, y=83, z=-101} | Feet: White Concrete | FloorSolid: true
[14:15:08.566] [DEBUG] [PATHFINDER] Blocked at: BlockPos{x=-83, y=85, z=-102} | Feet: Air | FloorSolid: false
[14:15:08.567] [DEBUG] [PATHFINDER] Blocked at: BlockPos{x=-83, y=85, z=-100} | Feet: Air | FloorSolid: false
[14:15:08.567] [DEBUG] [PATHFINDER] Blocked at: BlockPos{x=-82, y=85, z=-101} | Feet: Air | FloorSolid: false
[14:15:08.568] [DEBUG] [PATHFINDER] Blocked at: BlockPos{x=-84, y=85, z=-101} | Feet: Air | FloorSolid: false
[14:15:08.568] [DEBUG] [PATHFINDER] Blocked at: BlockPos{x=-83, y=83, z=-102} | Feet: White Concrete | FloorSolid: true
[14:15:08.568] [DEBUG] [PATHFINDER] Blocked at: BlockPos{x=-83, y=83, z=-100} | Feet: White Concrete | FloorSolid: true
[14:15:08.568] [DEBUG] [PATHFINDER] Blocked at: BlockPos{x=-82, y=83, z=-101} | Feet: White Concrete | FloorSolid: true
[14:15:08.569] [DEBUG] [PATHFINDER] Blocked at: BlockPos{x=-84, y=83, z=-101} | Feet: White Concrete | FloorSolid: true
[14:15:08.569] [DEBUG] [PATHFINDER] Blocked at: BlockPos{x=-83, y=85, z=-101} | Feet: Air | FloorSolid: false
[14:15:08.569] [DEBUG] [PATHFINDER] Blocked at: BlockPos{x=-83, y=85, z=-99} | Feet: Air | FloorSolid: false
[14:15:08.570] [DEBUG] [PATHFINDER] Blocked at: BlockPos{x=-82, y=85, z=-100} | Feet: Air | FloorSolid: false
[14:15:08.570] [DEBUG] [PATHFINDER] Blocked at: BlockPos{x=-84, y=85, z=-100} | Feet: Air | FloorSolid: false
[14:15:08.570] [DEBUG] [PATHFINDER] Blocked at: BlockPos{x=-83, y=83, z=-101} | Feet: White Concrete | FloorSolid: true
[14:15:08.570] [DEBUG] [PATHFINDER] Blocked at: BlockPos{x=-83, y=83, z=-99} | Feet: White Concrete | FloorSolid: true
[14:15:08.570] [DEBUG] [PATHFINDER] Blocked at: BlockPos{x=-82, y=83, z=-100} | Feet: White Concrete | FloorSolid: true
[14:15:08.571] [DEBUG] [PATHFINDER] Blocked at: BlockPos{x=-84, y=83, z=-100} | Feet: White Concrete | FloorSolid: true
[14:15:08.571] [DEBUG] [PATHFINDER] Blocked at: BlockPos{x=-83, y=85, z=-100} | Feet: Air | FloorSolid: false
[14:15:08.571] [DEBUG] [PATHFINDER] Blocked at: BlockPos{x=-83, y=85, z=-98} | Feet: Air | FloorSolid: false
[14:15:08.571] [DEBUG] [PATHFINDER] Blocked at: BlockPos{x=-82, y=85, z=-99} | Feet: Air | FloorSolid: false
[14:15:08.572] [DEBUG] [PATHFINDER] Blocked at: BlockPos{x=-84, y=85, z=-99} | Feet: Air | FloorSolid: false
[14:15:08.572] [DEBUG] [PATHFINDER] Blocked at: BlockPos{x=-83, y=83, z=-100} | Feet: White Concrete | FloorSolid: true
[14:15:08.572] [DEBUG] [PATHFINDER] Blocked at: BlockPos{x=-83, y=83, z=-98} | Feet: Black Concrete | FloorSolid: true
[14:15:08.572] [DEBUG] [PATHFINDER] Blocked at: BlockPos{x=-82, y=83, z=-99} | Feet: White Concrete | FloorSolid: true
[14:15:08.572] [DEBUG] [PATHFINDER] Blocked at: BlockPos{x=-84, y=83, z=-99} | Feet: White Concrete | FloorSolid: true
[14:15:09.066] [DEBUG] [PATHFINDER] Blocked at: BlockPos{x=-83, y=85, z=-101} | Feet: Air | FloorSolid: false
[14:15:09.066] [DEBUG] [PATHFINDER] Blocked at: BlockPos{x=-83, y=85, z=-99} | Feet: Air | FloorSolid: false
[14:15:09.067] [DEBUG] [PATHFINDER] Blocked at: BlockPos{x=-82, y=85, z=-100} | Feet: Air | FloorSolid: false
[14:15:09.067] [DEBUG] [PATHFINDER] Blocked at: BlockPos{x=-84, y=85, z=-100} | Feet: Air | FloorSolid: false
[14:15:09.067] [DEBUG] [PATHFINDER] Blocked at: BlockPos{x=-83, y=83, z=-101} | Feet: White Concrete | FloorSolid: true
[14:15:09.067] [DEBUG] [PATHFINDER] Blocked at: BlockPos{x=-83, y=83, z=-99} | Feet: White Concrete | FloorSolid: true
[14:15:09.068] [DEBUG] [PATHFINDER] Blocked at: BlockPos{x=-82, y=83, z=-100} | Feet: White Concrete | FloorSolid: true
[14:15:09.068] [DEBUG] [PATHFINDER] Blocked at: BlockPos{x=-84, y=83, z=-100} | Feet: White Concrete | FloorSolid: true
[14:15:09.068] [DEBUG] [PATHFINDER] Blocked at: BlockPos{x=-83, y=85, z=-100} | Feet: Air | FloorSolid: false
[14:15:09.068] [DEBUG] [PATHFINDER] Blocked at: BlockPos{x=-83, y=85, z=-98} | Feet: Air | FloorSolid: false
[14:15:09.068] [DEBUG] [PATHFINDER] Blocked at: BlockPos{x=-82, y=85, z=-99} | Feet: Air | FloorSolid: false
[14:15:09.068] [DEBUG] [PATHFINDER] Blocked at: BlockPos{x=-84, y=85, z=-99} | Feet: Air | FloorSolid: false
[14:15:09.069] [DEBUG] [PATHFINDER] Blocked at: BlockPos{x=-83, y=83, z=-100} | Feet: White Concrete | FloorSolid: true
[14:15:09.069] [DEBUG] [PATHFINDER] Blocked at: BlockPos{x=-83, y=83, z=-98} | Feet: Black Concrete | FloorSolid: true
[14:15:09.069] [DEBUG] [PATHFINDER] Blocked at: BlockPos{x=-82, y=83, z=-99} | Feet: White Concrete | FloorSolid: true
[14:15:09.069] [DEBUG] [PATHFINDER] Blocked at: BlockPos{x=-84, y=83, z=-99} | Feet: White Concrete | FloorSolid: true
[14:15:09.516] [DEBUG] [PATHFINDER] Blocked at: BlockPos{x=-83, y=85, z=-100} | Feet: Air | FloorSolid: false
[14:15:09.516] [DEBUG] [PATHFINDER] Blocked at: BlockPos{x=-83, y=85, z=-98} | Feet: Air | FloorSolid: false
[14:15:09.517] [DEBUG] [PATHFINDER] Blocked at: BlockPos{x=-82, y=85, z=-99} | Feet: Air | FloorSolid: false
[14:15:09.517] [DEBUG] [PATHFINDER] Blocked at: BlockPos{x=-84, y=85, z=-99} | Feet: Air | FloorSolid: false
[14:15:09.518] [DEBUG] [PATHFINDER] Blocked at: BlockPos{x=-83, y=83, z=-100} | Feet: White Concrete | FloorSolid: true
[14:15:09.518] [DEBUG] [PATHFINDER] Blocked at: BlockPos{x=-83, y=83, z=-98} | Feet: Black Concrete | FloorSolid: true
[14:15:09.518] [DEBUG] [PATHFINDER] Blocked at: BlockPos{x=-82, y=83, z=-99} | Feet: White Concrete | FloorSolid: true
[14:15:09.518] [DEBUG] [PATHFINDER] Blocked at: BlockPos{x=-84, y=83, z=-99} | Feet: White Concrete | FloorSolid: true
[14:15:09.519] [DEBUG] [PATHFINDER] Blocked at: BlockPos{x=-83, y=85, z=-99} | Feet: Air | FloorSolid: false
[14:15:09.519] [DEBUG] [PATHFINDER] Blocked at: BlockPos{x=-83, y=85, z=-97} | Feet: Air | FloorSolid: false
[14:15:09.519] [DEBUG] [PATHFINDER] Blocked at: BlockPos{x=-82, y=85, z=-98} | Feet: Air | FloorSolid: false
[14:15:09.519] [DEBUG] [PATHFINDER] Blocked at: BlockPos{x=-84, y=85, z=-98} | Feet: Air | FloorSolid: false
[14:15:09.519] [DEBUG] [PATHFINDER] Blocked at: BlockPos{x=-83, y=83, z=-99} | Feet: White Concrete | FloorSolid: true
[14:15:09.519] [DEBUG] [PATHFINDER] Blocked at: BlockPos{x=-83, y=83, z=-97} | Feet: White Concrete | FloorSolid: true
[14:15:09.520] [DEBUG] [PATHFINDER] Blocked at: BlockPos{x=-82, y=83, z=-98} | Feet: Black Concrete | FloorSolid: true
[14:15:09.520] [DEBUG] [PATHFINDER] Blocked at: BlockPos{x=-84, y=83, z=-98} | Feet: Black Concrete | FloorSolid: true
[14:15:10.170] [DEBUG] [PATHFINDER] Blocked at: BlockPos{x=-83, y=85, z=-98} | Feet: Air | FloorSolid: false
[14:15:10.170] [DEBUG] [PATHFINDER] Blocked at: BlockPos{x=-83, y=85, z=-96} | Feet: Air | FloorSolid: false
[14:15:10.171] [DEBUG] [PATHFINDER] Blocked at: BlockPos{x=-82, y=85, z=-97} | Feet: Air | FloorSolid: false
[14:15:10.171] [DEBUG] [PATHFINDER] Blocked at: BlockPos{x=-84, y=85, z=-97} | Feet: Air | FloorSolid: false
[14:15:10.171] [DEBUG] [PATHFINDER] Blocked at: BlockPos{x=-83, y=83, z=-98} | Feet: Black Concrete | FloorSolid: true
[14:15:10.172] [DEBUG] [PATHFINDER] Blocked at: BlockPos{x=-83, y=83, z=-96} | Feet: White Concrete | FloorSolid: true
[14:15:10.172] [DEBUG] [PATHFINDER] Blocked at: BlockPos{x=-82, y=83, z=-97} | Feet: White Concrete | FloorSolid: true
[14:15:10.172] [DEBUG] [PATHFINDER] Blocked at: BlockPos{x=-84, y=83, z=-97} | Feet: White Concrete | FloorSolid: true
[14:15:10.173] [DEBUG] [PATHFINDER] Blocked at: BlockPos{x=-83, y=85, z=-97} | Feet: Air | FloorSolid: false
[14:15:10.173] [DEBUG] [PATHFINDER] Blocked at: BlockPos{x=-83, y=85, z=-95} | Feet: Air | FloorSolid: false
[14:15:10.173] [DEBUG] [PATHFINDER] Blocked at: BlockPos{x=-82, y=85, z=-96} | Feet: Air | FloorSolid: false
[14:15:10.173] [DEBUG] [PATHFINDER] Blocked at: BlockPos{x=-84, y=85, z=-96} | Feet: Air | FloorSolid: false
[14:15:10.174] [DEBUG] [PATHFINDER] Blocked at: BlockPos{x=-83, y=83, z=-97} | Feet: White Concrete | FloorSolid: true
[14:15:10.174] [DEBUG] [PATHFINDER] Blocked at: BlockPos{x=-83, y=83, z=-95} | Feet: White Concrete | FloorSolid: true
[14:15:10.174] [DEBUG] [PATHFINDER] Blocked at: BlockPos{x=-82, y=83, z=-96} | Feet: White Concrete | FloorSolid: true
[14:15:10.174] [DEBUG] [PATHFINDER] Blocked at: BlockPos{x=-84, y=83, z=-96} | Feet: White Concrete | FloorSolid: true
[14:15:10.175] [DEBUG] [PATHFINDER] Blocked at: BlockPos{x=-83, y=85, z=-96} | Feet: Air | FloorSolid: false
[14:15:10.175] [DEBUG] [PATHFINDER] Blocked at: BlockPos{x=-83, y=85, z=-94} | Feet: Air | FloorSolid: false
[14:15:10.175] [DEBUG] [PATHFINDER] Blocked at: BlockPos{x=-82, y=85, z=-95} | Feet: Air | FloorSolid: false
[14:15:10.175] [DEBUG] [PATHFINDER] Blocked at: BlockPos{x=-84, y=85, z=-95} | Feet: Air | FloorSolid: false
[14:15:10.175] [DEBUG] [PATHFINDER] Blocked at: BlockPos{x=-83, y=83, z=-96} | Feet: White Concrete | FloorSolid: true
[14:15:10.176] [DEBUG] [PATHFINDER] Blocked at: BlockPos{x=-83, y=83, z=-94} | Feet: White Concrete | FloorSolid: true
[14:15:10.176] [DEBUG] [PATHFINDER] Blocked at: BlockPos{x=-82, y=83, z=-95} | Feet: White Concrete | FloorSolid: true
[14:15:10.176] [DEBUG] [PATHFINDER] Blocked at: BlockPos{x=-84, y=83, z=-95} | Feet: White Concrete | FloorSolid: true
[14:15:11.168] [DEBUG] [PATHFINDER] Blocked at: BlockPos{x=-83, y=85, z=-97} | Feet: Air | FloorSolid: false
[14:15:11.169] [DEBUG] [PATHFINDER] Blocked at: BlockPos{x=-83, y=85, z=-95} | Feet: Air | FloorSolid: false
[14:15:11.169] [DEBUG] [PATHFINDER] Blocked at: BlockPos{x=-82, y=85, z=-96} | Feet: Air | FloorSolid: false
[14:15:11.170] [DEBUG] [PATHFINDER] Blocked at: BlockPos{x=-84, y=85, z=-96} | Feet: Air | FloorSolid: false
[14:15:11.170] [DEBUG] [PATHFINDER] Blocked at: BlockPos{x=-83, y=83, z=-97} | Feet: White Concrete | FloorSolid: true
[14:15:11.170] [DEBUG] [PATHFINDER] Blocked at: BlockPos{x=-83, y=83, z=-95} | Feet: White Concrete | FloorSolid: true
[14:15:11.170] [DEBUG] [PATHFINDER] Blocked at: BlockPos{x=-82, y=83, z=-96} | Feet: White Concrete | FloorSolid: true
[14:15:11.171] [DEBUG] [PATHFINDER] Blocked at: BlockPos{x=-84, y=83, z=-96} | Feet: White Concrete | FloorSolid: true
[14:15:11.670] [DEBUG] [PATHFINDER] Blocked at: BlockPos{x=-83, y=85, z=-96} | Feet: Air | FloorSolid: false
[14:15:11.671] [DEBUG] [PATHFINDER] Blocked at: BlockPos{x=-83, y=85, z=-94} | Feet: Air | FloorSolid: false
[14:15:11.671] [DEBUG] [PATHFINDER] Blocked at: BlockPos{x=-82, y=85, z=-95} | Feet: Air | FloorSolid: false
[14:15:11.671] [DEBUG] [PATHFINDER] Blocked at: BlockPos{x=-84, y=85, z=-95} | Feet: Air | FloorSolid: false
[14:15:11.671] [DEBUG] [PATHFINDER] Blocked at: BlockPos{x=-83, y=83, z=-96} | Feet: White Concrete | FloorSolid: true
[14:15:11.672] [DEBUG] [PATHFINDER] Blocked at: BlockPos{x=-83, y=83, z=-94} | Feet: White Concrete | FloorSolid: true
[14:15:11.672] [DEBUG] [PATHFINDER] Blocked at: BlockPos{x=-82, y=83, z=-95} | Feet: White Concrete | FloorSolid: true
[14:15:11.672] [DEBUG] [PATHFINDER] Blocked at: BlockPos{x=-84, y=83, z=-95} | Feet: White Concrete | FloorSolid: true
[14:15:11.672] [DEBUG] [PATHFINDER] Blocked at: BlockPos{x=-83, y=85, z=-95} | Feet: Air | FloorSolid: false
[14:15:11.673] [DEBUG] [PATHFINDER] Blocked at: BlockPos{x=-83, y=85, z=-93} | Feet: Air | FloorSolid: false
[14:15:11.673] [DEBUG] [PATHFINDER] Blocked at: BlockPos{x=-82, y=85, z=-94} | Feet: Air | FloorSolid: false
[14:15:11.673] [DEBUG] [PATHFINDER] Blocked at: BlockPos{x=-84, y=85, z=-94} | Feet: Air | FloorSolid: false
[14:15:11.673] [DEBUG] [PATHFINDER] Blocked at: BlockPos{x=-83, y=83, z=-95} | Feet: White Concrete | FloorSolid: true
[14:15:11.673] [DEBUG] [PATHFINDER] Blocked at: BlockPos{x=-83, y=83, z=-93} | Feet: Black Concrete | FloorSolid: true
[14:15:11.674] [DEBUG] [PATHFINDER] Blocked at: BlockPos{x=-82, y=83, z=-94} | Feet: White Concrete | FloorSolid: true
[14:15:11.674] [DEBUG] [PATHFINDER] Blocked at: BlockPos{x=-84, y=83, z=-94} | Feet: White Concrete | FloorSolid: true
[14:15:12.167] [DEBUG] [PATHFINDER] Blocked at: BlockPos{x=-82, y=85, z=-95} | Feet: Air | FloorSolid: false
[14:15:12.168] [DEBUG] [PATHFINDER] Blocked at: BlockPos{x=-82, y=85, z=-93} | Feet: Air | FloorSolid: false
[14:15:12.169] [DEBUG] [PATHFINDER] Blocked at: BlockPos{x=-81, y=85, z=-94} | Feet: Air | FloorSolid: false
[14:15:12.169] [DEBUG] [PATHFINDER] Blocked at: BlockPos{x=-83, y=85, z=-94} | Feet: Air | FloorSolid: false
[14:15:12.169] [DEBUG] [PATHFINDER] Blocked at: BlockPos{x=-82, y=83, z=-95} | Feet: White Concrete | FloorSolid: true
[14:15:12.170] [DEBUG] [PATHFINDER] Blocked at: BlockPos{x=-82, y=83, z=-93} | Feet: Black Concrete | FloorSolid: true
[14:15:12.170] [DEBUG] [PATHFINDER] Blocked at: BlockPos{x=-81, y=83, z=-94} | Feet: White Concrete | FloorSolid: true
[14:15:12.170] [DEBUG] [PATHFINDER] Blocked at: BlockPos{x=-83, y=83, z=-94} | Feet: White Concrete | FloorSolid: true
[14:15:12.170] [DEBUG] [PATHFINDER] Blocked at: BlockPos{x=-81, y=85, z=-95} | Feet: Air | FloorSolid: false
[14:15:12.171] [DEBUG] [PATHFINDER] Blocked at: BlockPos{x=-81, y=85, z=-93} | Feet: Air | FloorSolid: false
[14:15:12.171] [DEBUG] [PATHFINDER] Blocked at: BlockPos{x=-80, y=85, z=-94} | Feet: Air | FloorSolid: false
[14:15:12.171] [DEBUG] [PATHFINDER] Blocked at: BlockPos{x=-82, y=85, z=-94} | Feet: Air | FloorSolid: false
[14:15:12.171] [DEBUG] [PATHFINDER] Blocked at: BlockPos{x=-81, y=83, z=-95} | Feet: White Concrete | FloorSolid: true
[14:15:12.171] [DEBUG] [PATHFINDER] Blocked at: BlockPos{x=-81, y=83, z=-93} | Feet: Black Concrete | FloorSolid: true
[14:15:12.172] [DEBUG] [PATHFINDER] Blocked at: BlockPos{x=-80, y=83, z=-94} | Feet: Black Concrete | FloorSolid: true
[14:15:12.172] [DEBUG] [PATHFINDER] Blocked at: BlockPos{x=-82, y=83, z=-94} | Feet: White Concrete | FloorSolid: true
[14:15:12.765] [DEBUG] [PATHFINDER] Blocked at: BlockPos{x=-80, y=85, z=-95} | Feet: Air | FloorSolid: false
[14:15:12.766] [DEBUG] [PATHFINDER] Blocked at: BlockPos{x=-80, y=85, z=-93} | Feet: Air | FloorSolid: false
[14:15:12.766] [DEBUG] [PATHFINDER] Blocked at: BlockPos{x=-79, y=85, z=-94} | Feet: Air | FloorSolid: false
[14:15:12.767] [DEBUG] [PATHFINDER] Blocked at: BlockPos{x=-81, y=85, z=-94} | Feet: Air | FloorSolid: false
[14:15:12.767] [DEBUG] [PATHFINDER] Blocked at: BlockPos{x=-80, y=83, z=-95} | Feet: Black Concrete | FloorSolid: true
[14:15:12.767] [DEBUG] [PATHFINDER] Blocked at: BlockPos{x=-80, y=83, z=-93} | Feet: Black Concrete | FloorSolid: true
[14:15:12.767] [DEBUG] [PATHFINDER] Blocked at: BlockPos{x=-79, y=83, z=-94} | Feet: White Concrete | FloorSolid: true
[14:15:12.768] [DEBUG] [PATHFINDER] Blocked at: BlockPos{x=-81, y=83, z=-94} | Feet: White Concrete | FloorSolid: true
[14:15:12.768] [DEBUG] [PATHFINDER] Blocked at: BlockPos{x=-79, y=85, z=-95} | Feet: Air | FloorSolid: false
[14:15:12.768] [DEBUG] [PATHFINDER] Blocked at: BlockPos{x=-79, y=85, z=-93} | Feet: Air | FloorSolid: false
[14:15:12.768] [DEBUG] [PATHFINDER] Blocked at: BlockPos{x=-78, y=85, z=-94} | Feet: Air | FloorSolid: false
[14:15:12.769] [DEBUG] [PATHFINDER] Blocked at: BlockPos{x=-80, y=85, z=-94} | Feet: Air | FloorSolid: false
[14:15:12.769] [DEBUG] [PATHFINDER] Blocked at: BlockPos{x=-79, y=83, z=-95} | Feet: White Concrete | FloorSolid: true
[14:15:12.769] [DEBUG] [PATHFINDER] Blocked at: BlockPos{x=-79, y=83, z=-93} | Feet: Black Concrete | FloorSolid: true
[14:15:12.769] [DEBUG] [PATHFINDER] Blocked at: BlockPos{x=-78, y=83, z=-94} | Feet: White Concrete | FloorSolid: true
[14:15:12.769] [DEBUG] [PATHFINDER] Blocked at: BlockPos{x=-80, y=83, z=-94} | Feet: Black Concrete | FloorSolid: true
[14:15:13.629] [DEBUG] [PATHFINDER] Blocked at: BlockPos{x=-79, y=85, z=-95} | Feet: Air | FloorSolid: false
[14:15:13.630] [DEBUG] [PATHFINDER] Blocked at: BlockPos{x=-79, y=85, z=-93} | Feet: Air | FloorSolid: false
[14:15:13.630] [DEBUG] [PATHFINDER] Blocked at: BlockPos{x=-78, y=85, z=-94} | Feet: Air | FloorSolid: false
[14:15:13.631] [DEBUG] [PATHFINDER] Blocked at: BlockPos{x=-80, y=85, z=-94} | Feet: Air | FloorSolid: false
[14:15:13.631] [DEBUG] [PATHFINDER] Blocked at: BlockPos{x=-79, y=83, z=-95} | Feet: White Concrete | FloorSolid: true
[14:15:13.631] [DEBUG] [PATHFINDER] Blocked at: BlockPos{x=-79, y=83, z=-93} | Feet: Black Concrete | FloorSolid: true
[14:15:13.632] [DEBUG] [PATHFINDER] Blocked at: BlockPos{x=-78, y=83, z=-94} | Feet: White Concrete | FloorSolid: true
[14:15:13.632] [DEBUG] [PATHFINDER] Blocked at: BlockPos{x=-80, y=83, z=-94} | Feet: Black Concrete | FloorSolid: true
[14:15:13.632] [DEBUG] [PATHFINDER] Blocked at: BlockPos{x=-78, y=85, z=-95} | Feet: Air | FloorSolid: false
[14:15:13.632] [DEBUG] [PATHFINDER] Blocked at: BlockPos{x=-78, y=85, z=-93} | Feet: Air | FloorSolid: false
[14:15:13.632] [DEBUG] [PATHFINDER] Blocked at: BlockPos{x=-77, y=85, z=-94} | Feet: Air | FloorSolid: false
[14:15:13.632] [DEBUG] [PATHFINDER] Blocked at: BlockPos{x=-79, y=85, z=-94} | Feet: Air | FloorSolid: false
[14:15:13.632] [DEBUG] [PATHFINDER] Blocked at: BlockPos{x=-78, y=83, z=-95} | Feet: White Concrete | FloorSolid: true
[14:15:13.633] [DEBUG] [PATHFINDER] Blocked at: BlockPos{x=-78, y=83, z=-93} | Feet: Black Concrete | FloorSolid: true
[14:15:13.633] [DEBUG] [PATHFINDER] Blocked at: BlockPos{x=-77, y=83, z=-94} | Feet: White Concrete | FloorSolid: true
[14:15:13.633] [DEBUG] [PATHFINDER] Blocked at: BlockPos{x=-79, y=83, z=-94} | Feet: White Concrete | FloorSolid: true
[14:15:14.172] [DEBUG] [PATHFINDER] Blocked at: BlockPos{x=-77, y=85, z=-95} | Feet: Air | FloorSolid: false
[14:15:14.173] [DEBUG] [PATHFINDER] Blocked at: BlockPos{x=-77, y=85, z=-93} | Feet: Air | FloorSolid: false
[14:15:14.174] [DEBUG] [PATHFINDER] Blocked at: BlockPos{x=-76, y=85, z=-94} | Feet: Air | FloorSolid: false
[14:15:14.174] [DEBUG] [PATHFINDER] Blocked at: BlockPos{x=-78, y=85, z=-94} | Feet: Air | FloorSolid: false
[14:15:14.175] [DEBUG] [PATHFINDER] Blocked at: BlockPos{x=-77, y=83, z=-95} | Feet: White Concrete | FloorSolid: true
[14:15:14.175] [DEBUG] [PATHFINDER] Blocked at: BlockPos{x=-77, y=83, z=-93} | Feet: Black Concrete | FloorSolid: true
[14:15:14.175] [DEBUG] [PATHFINDER] Blocked at: BlockPos{x=-76, y=83, z=-94} | Feet: White Concrete | FloorSolid: true
[14:15:14.175] [DEBUG] [PATHFINDER] Blocked at: BlockPos{x=-78, y=83, z=-94} | Feet: White Concrete | FloorSolid: true
[14:15:14.176] [DEBUG] [PATHFINDER] Blocked at: BlockPos{x=-77, y=85, z=-96} | Feet: Air | FloorSolid: false
[14:15:14.176] [DEBUG] [PATHFINDER] Blocked at: BlockPos{x=-77, y=85, z=-94} | Feet: Air | FloorSolid: false
[14:15:14.176] [DEBUG] [PATHFINDER] Blocked at: BlockPos{x=-76, y=85, z=-95} | Feet: Air | FloorSolid: false
[14:15:14.177] [DEBUG] [PATHFINDER] Blocked at: BlockPos{x=-78, y=85, z=-95} | Feet: Air | FloorSolid: false
[14:15:14.177] [DEBUG] [PATHFINDER] Blocked at: BlockPos{x=-77, y=83, z=-96} | Feet: White Concrete | FloorSolid: true
[14:15:14.177] [DEBUG] [PATHFINDER] Blocked at: BlockPos{x=-77, y=83, z=-94} | Feet: White Concrete | FloorSolid: true
[14:15:14.177] [DEBUG] [PATHFINDER] Blocked at: BlockPos{x=-76, y=83, z=-95} | Feet: White Concrete | FloorSolid: true
[14:15:14.178] [DEBUG] [PATHFINDER] Blocked at: BlockPos{x=-78, y=83, z=-95} | Feet: White Concrete | FloorSolid: true
[14:15:14.178] [DEBUG] [PATHFINDER] Blocked at: BlockPos{x=-77, y=85, z=-97} | Feet: Air | FloorSolid: false
[14:15:14.178] [DEBUG] [PATHFINDER] Blocked at: BlockPos{x=-77, y=85, z=-95} | Feet: Air | FloorSolid: false
[14:15:14.178] [DEBUG] [PATHFINDER] Blocked at: BlockPos{x=-76, y=85, z=-96} | Feet: Air | FloorSolid: false
[14:15:14.179] [DEBUG] [PATHFINDER] Blocked at: BlockPos{x=-78, y=85, z=-96} | Feet: Air | FloorSolid: false
[14:15:14.179] [DEBUG] [PATHFINDER] Blocked at: BlockPos{x=-77, y=83, z=-97} | Feet: White Concrete | FloorSolid: true
[14:15:14.179] [DEBUG] [PATHFINDER] Blocked at: BlockPos{x=-77, y=83, z=-95} | Feet: White Concrete | FloorSolid: true
[14:15:14.179] [DEBUG] [PATHFINDER] Blocked at: BlockPos{x=-76, y=83, z=-96} | Feet: White Concrete | FloorSolid: true
[14:15:14.180] [DEBUG] [PATHFINDER] Blocked at: BlockPos{x=-78, y=83, z=-96} | Feet: White Concrete | FloorSolid: true
[14:15:14.875] [DEBUG] [PATHFINDER] Blocked at: BlockPos{x=-76, y=85, z=-97} | Feet: Air | FloorSolid: false
[14:15:14.876] [DEBUG] [PATHFINDER] Blocked at: BlockPos{x=-76, y=85, z=-95} | Feet: Air | FloorSolid: false
[14:15:14.876] [DEBUG] [PATHFINDER] Blocked at: BlockPos{x=-75, y=85, z=-96} | Feet: Air | FloorSolid: false
[14:15:14.877] [DEBUG] [PATHFINDER] Blocked at: BlockPos{x=-77, y=85, z=-96} | Feet: Air | FloorSolid: false
[14:15:14.877] [DEBUG] [PATHFINDER] Blocked at: BlockPos{x=-76, y=83, z=-97} | Feet: White Concrete | FloorSolid: true
[14:15:14.877] [DEBUG] [PATHFINDER] Blocked at: BlockPos{x=-76, y=83, z=-95} | Feet: White Concrete | FloorSolid: true
[14:15:14.877] [DEBUG] [PATHFINDER] Blocked at: BlockPos{x=-75, y=83, z=-96} | Feet: Black Concrete | FloorSolid: true
[14:15:14.878] [DEBUG] [PATHFINDER] Blocked at: BlockPos{x=-77, y=83, z=-96} | Feet: White Concrete | FloorSolid: true
[14:15:14.878] [DEBUG] [PATHFINDER] Blocked at: BlockPos{x=-76, y=85, z=-98} | Feet: Air | FloorSolid: false
[14:15:14.878] [DEBUG] [PATHFINDER] Blocked at: BlockPos{x=-76, y=85, z=-96} | Feet: Air | FloorSolid: false
[14:15:14.878] [DEBUG] [PATHFINDER] Blocked at: BlockPos{x=-75, y=85, z=-97} | Feet: Air | FloorSolid: false
[14:15:14.879] [DEBUG] [PATHFINDER] Blocked at: BlockPos{x=-77, y=85, z=-97} | Feet: Air | FloorSolid: false
[14:15:14.879] [DEBUG] [PATHFINDER] Blocked at: BlockPos{x=-76, y=83, z=-98} | Feet: Black Concrete | FloorSolid: true
[14:15:14.879] [DEBUG] [PATHFINDER] Blocked at: BlockPos{x=-76, y=83, z=-96} | Feet: White Concrete | FloorSolid: true
[14:15:14.879] [DEBUG] [PATHFINDER] Blocked at: BlockPos{x=-75, y=83, z=-97} | Feet: Black Concrete | FloorSolid: true
[14:15:14.880] [DEBUG] [PATHFINDER] Blocked at: BlockPos{x=-77, y=83, z=-97} | Feet: White Concrete | FloorSolid: true
[14:15:15.465] [DEBUG] [PATHFINDER] Blocked at: BlockPos{x=-76, y=85, z=-99} | Feet: Air | FloorSolid: false
[14:15:15.466] [DEBUG] [PATHFINDER] Blocked at: BlockPos{x=-76, y=85, z=-97} | Feet: Air | FloorSolid: false
[14:15:15.466] [DEBUG] [PATHFINDER] Blocked at: BlockPos{x=-75, y=85, z=-98} | Feet: Air | FloorSolid: false
[14:15:15.467] [DEBUG] [PATHFINDER] Blocked at: BlockPos{x=-77, y=85, z=-98} | Feet: Air | FloorSolid: false
[14:15:15.467] [DEBUG] [PATHFINDER] Blocked at: BlockPos{x=-76, y=83, z=-99} | Feet: White Concrete | FloorSolid: true
[14:15:15.467] [DEBUG] [PATHFINDER] Blocked at: BlockPos{x=-76, y=83, z=-97} | Feet: White Concrete | FloorSolid: true
[14:15:15.467] [DEBUG] [PATHFINDER] Blocked at: BlockPos{x=-75, y=83, z=-98} | Feet: Black Concrete | FloorSolid: true
[14:15:15.468] [DEBUG] [PATHFINDER] Blocked at: BlockPos{x=-77, y=83, z=-98} | Feet: Black Concrete | FloorSolid: true
[14:15:15.468] [DEBUG] [PATHFINDER] Blocked at: BlockPos{x=-76, y=85, z=-100} | Feet: Air | FloorSolid: false
[14:15:15.468] [DEBUG] [PATHFINDER] Blocked at: BlockPos{x=-76, y=85, z=-98} | Feet: Air | FloorSolid: false
[14:15:15.468] [DEBUG] [PATHFINDER] Blocked at: BlockPos{x=-75, y=85, z=-99} | Feet: Air | FloorSolid: false
[14:15:15.469] [DEBUG] [PATHFINDER] Blocked at: BlockPos{x=-77, y=85, z=-99} | Feet: Air | FloorSolid: false
[14:15:15.469] [DEBUG] [PATHFINDER] Blocked at: BlockPos{x=-76, y=83, z=-100} | Feet: White Concrete | FloorSolid: true
[14:15:15.469] [DEBUG] [PATHFINDER] Blocked at: BlockPos{x=-76, y=83, z=-98} | Feet: Black Concrete | FloorSolid: true
[14:15:15.469] [DEBUG] [PATHFINDER] Blocked at: BlockPos{x=-75, y=83, z=-99} | Feet: Black Concrete | FloorSolid: true
[14:15:15.469] [DEBUG] [PATHFINDER] Blocked at: BlockPos{x=-77, y=83, z=-99} | Feet: White Concrete | FloorSolid: true
[14:15:16.368] [DEBUG] [PATHFINDER] Blocked at: BlockPos{x=-76, y=85, z=-100} | Feet: Air | FloorSolid: false
[14:15:16.369] [DEBUG] [PATHFINDER] Blocked at: BlockPos{x=-76, y=85, z=-98} | Feet: Air | FloorSolid: false
[14:15:16.369] [DEBUG] [PATHFINDER] Blocked at: BlockPos{x=-75, y=85, z=-99} | Feet: Air | FloorSolid: false
[14:15:16.369] [DEBUG] [PATHFINDER] Blocked at: BlockPos{x=-77, y=85, z=-99} | Feet: Air | FloorSolid: false
[14:15:16.370] [DEBUG] [PATHFINDER] Blocked at: BlockPos{x=-76, y=83, z=-100} | Feet: White Concrete | FloorSolid: true
[14:15:16.370] [DEBUG] [PATHFINDER] Blocked at: BlockPos{x=-76, y=83, z=-98} | Feet: Black Concrete | FloorSolid: true
[14:15:16.370] [DEBUG] [PATHFINDER] Blocked at: BlockPos{x=-75, y=83, z=-99} | Feet: Black Concrete | FloorSolid: true
[14:15:16.370] [DEBUG] [PATHFINDER] Blocked at: BlockPos{x=-77, y=83, z=-99} | Feet: White Concrete | FloorSolid: true
[14:15:16.370] [DEBUG] [PATHFINDER] Blocked at: BlockPos{x=-76, y=85, z=-101} | Feet: Air | FloorSolid: false
[14:15:16.371] [DEBUG] [PATHFINDER] Blocked at: BlockPos{x=-76, y=85, z=-99} | Feet: Air | FloorSolid: false
[14:15:16.371] [DEBUG] [PATHFINDER] Blocked at: BlockPos{x=-75, y=85, z=-100} | Feet: Air | FloorSolid: false
[14:15:16.371] [DEBUG] [PATHFINDER] Blocked at: BlockPos{x=-77, y=85, z=-100} | Feet: Air | FloorSolid: false
[14:15:16.371] [DEBUG] [PATHFINDER] Blocked at: BlockPos{x=-76, y=83, z=-101} | Feet: White Concrete | FloorSolid: true
[14:15:16.371] [DEBUG] [PATHFINDER] Blocked at: BlockPos{x=-76, y=83, z=-99} | Feet: White Concrete | FloorSolid: true
[14:15:16.371] [DEBUG] [PATHFINDER] Blocked at: BlockPos{x=-75, y=83, z=-100} | Feet: Black Concrete | FloorSolid: true
[14:15:16.372] [DEBUG] [PATHFINDER] Blocked at: BlockPos{x=-77, y=83, z=-100} | Feet: White Concrete | FloorSolid: true
[14:15:16.914] [DEBUG] [PATHFINDER] Blocked at: BlockPos{x=-76, y=85, z=-102} | Feet: Air | FloorSolid: false
[14:15:16.914] [DEBUG] [PATHFINDER] Blocked at: BlockPos{x=-76, y=85, z=-100} | Feet: Air | FloorSolid: false
[14:15:16.914] [DEBUG] [PATHFINDER] Blocked at: BlockPos{x=-75, y=85, z=-101} | Feet: Air | FloorSolid: false
[14:15:16.915] [DEBUG] [PATHFINDER] Blocked at: BlockPos{x=-77, y=85, z=-101} | Feet: Air | FloorSolid: false
[14:15:16.915] [DEBUG] [PATHFINDER] Blocked at: BlockPos{x=-76, y=83, z=-102} | Feet: White Concrete | FloorSolid: true
[14:15:16.915] [DEBUG] [PATHFINDER] Blocked at: BlockPos{x=-76, y=83, z=-100} | Feet: White Concrete | FloorSolid: true
[14:15:16.916] [DEBUG] [PATHFINDER] Blocked at: BlockPos{x=-75, y=83, z=-101} | Feet: Black Concrete | FloorSolid: true
[14:15:16.916] [DEBUG] [PATHFINDER] Blocked at: BlockPos{x=-77, y=83, z=-101} | Feet: White Concrete | FloorSolid: true
[14:15:16.916] [DEBUG] [PATHFINDER] Blocked at: BlockPos{x=-77, y=85, z=-102} | Feet: Air | FloorSolid: false
[14:15:16.916] [DEBUG] [PATHFINDER] Blocked at: BlockPos{x=-77, y=85, z=-100} | Feet: Air | FloorSolid: false
[14:15:16.917] [DEBUG] [PATHFINDER] Blocked at: BlockPos{x=-76, y=85, z=-101} | Feet: Air | FloorSolid: false
[14:15:16.917] [DEBUG] [PATHFINDER] Blocked at: BlockPos{x=-78, y=85, z=-101} | Feet: Air | FloorSolid: false
[14:15:16.917] [DEBUG] [PATHFINDER] Blocked at: BlockPos{x=-77, y=83, z=-102} | Feet: White Concrete | FloorSolid: true
[14:15:16.918] [DEBUG] [PATHFINDER] Blocked at: BlockPos{x=-77, y=83, z=-100} | Feet: White Concrete | FloorSolid: true
[14:15:16.918] [DEBUG] [PATHFINDER] Blocked at: BlockPos{x=-76, y=83, z=-101} | Feet: White Concrete | FloorSolid: true
[14:15:16.918] [DEBUG] [PATHFINDER] Blocked at: BlockPos{x=-78, y=83, z=-101} | Feet: White Concrete | FloorSolid: true
[14:15:16.918] [DEBUG] [PATHFINDER] Blocked at: BlockPos{x=-77, y=85, z=-103} | Feet: Air | FloorSolid: false
[14:15:16.919] [DEBUG] [PATHFINDER] Blocked at: BlockPos{x=-77, y=85, z=-101} | Feet: Air | FloorSolid: false
[14:15:16.919] [DEBUG] [PATHFINDER] Blocked at: BlockPos{x=-76, y=85, z=-102} | Feet: Air | FloorSolid: false
[14:15:16.919] [DEBUG] [PATHFINDER] Blocked at: BlockPos{x=-78, y=85, z=-102} | Feet: Air | FloorSolid: false
[14:15:16.919] [DEBUG] [PATHFINDER] Blocked at: BlockPos{x=-77, y=83, z=-103} | Feet: Black Concrete | FloorSolid: true
[14:15:16.920] [DEBUG] [PATHFINDER] Blocked at: BlockPos{x=-77, y=83, z=-101} | Feet: White Concrete | FloorSolid: true
[14:15:16.920] [DEBUG] [PATHFINDER] Blocked at: BlockPos{x=-76, y=83, z=-102} | Feet: White Concrete | FloorSolid: true
[14:15:16.920] [DEBUG] [PATHFINDER] Blocked at: BlockPos{x=-78, y=83, z=-102} | Feet: White Concrete | FloorSolid: true
[14:15:17.614] [DEBUG] [PATHFINDER] Blocked at: BlockPos{x=-78, y=85, z=-103} | Feet: Air | FloorSolid: false
[14:15:17.614] [DEBUG] [PATHFINDER] Blocked at: BlockPos{x=-78, y=85, z=-101} | Feet: Air | FloorSolid: false
[14:15:17.615] [DEBUG] [PATHFINDER] Blocked at: BlockPos{x=-77, y=85, z=-102} | Feet: Air | FloorSolid: false
[14:15:17.615] [DEBUG] [PATHFINDER] Blocked at: BlockPos{x=-79, y=85, z=-102} | Feet: Air | FloorSolid: false
[14:15:17.616] [DEBUG] [PATHFINDER] Blocked at: BlockPos{x=-78, y=83, z=-103} | Feet: Black Concrete | FloorSolid: true
[14:15:17.616] [DEBUG] [PATHFINDER] Blocked at: BlockPos{x=-78, y=83, z=-101} | Feet: White Concrete | FloorSolid: true
[14:15:17.616] [DEBUG] [PATHFINDER] Blocked at: BlockPos{x=-77, y=83, z=-102} | Feet: White Concrete | FloorSolid: true
[14:15:17.617] [DEBUG] [PATHFINDER] Blocked at: BlockPos{x=-79, y=83, z=-102} | Feet: White Concrete | FloorSolid: true
[14:15:17.617] [DEBUG] [PATHFINDER] Blocked at: BlockPos{x=-79, y=85, z=-103} | Feet: Air | FloorSolid: false
[14:15:17.617] [DEBUG] [PATHFINDER] Blocked at: BlockPos{x=-79, y=85, z=-101} | Feet: Air | FloorSolid: false
[14:15:17.617] [DEBUG] [PATHFINDER] Blocked at: BlockPos{x=-78, y=85, z=-102} | Feet: Air | FloorSolid: false
[14:15:17.618] [DEBUG] [PATHFINDER] Blocked at: BlockPos{x=-80, y=85, z=-102} | Feet: Air | FloorSolid: false
[14:15:17.618] [DEBUG] [PATHFINDER] Blocked at: BlockPos{x=-79, y=83, z=-103} | Feet: Black Concrete | FloorSolid: true
[14:15:17.618] [DEBUG] [PATHFINDER] Blocked at: BlockPos{x=-79, y=83, z=-101} | Feet: White Concrete | FloorSolid: true
[14:15:17.619] [DEBUG] [PATHFINDER] Blocked at: BlockPos{x=-78, y=83, z=-102} | Feet: White Concrete | FloorSolid: true
[14:15:17.619] [DEBUG] [PATHFINDER] Blocked at: BlockPos{x=-80, y=83, z=-102} | Feet: Black Concrete | FloorSolid: true
[14:15:18.226] [DEBUG] [PATHFINDER] Blocked at: BlockPos{x=-80, y=85, z=-103} | Feet: Air | FloorSolid: false
[14:15:18.227] [DEBUG] [PATHFINDER] Blocked at: BlockPos{x=-80, y=85, z=-101} | Feet: Air | FloorSolid: false
[14:15:18.228] [DEBUG] [PATHFINDER] Blocked at: BlockPos{x=-79, y=85, z=-102} | Feet: Air | FloorSolid: false
[14:15:18.228] [DEBUG] [PATHFINDER] Blocked at: BlockPos{x=-81, y=85, z=-102} | Feet: Air | FloorSolid: false
[14:15:18.229] [DEBUG] [PATHFINDER] Blocked at: BlockPos{x=-80, y=83, z=-103} | Feet: Black Concrete | FloorSolid: true
[14:15:18.229] [DEBUG] [PATHFINDER] Blocked at: BlockPos{x=-80, y=83, z=-101} | Feet: Black Concrete | FloorSolid: true
[14:15:18.230] [DEBUG] [PATHFINDER] Blocked at: BlockPos{x=-79, y=83, z=-102} | Feet: White Concrete | FloorSolid: true
[14:15:18.230] [DEBUG] [PATHFINDER] Blocked at: BlockPos{x=-81, y=83, z=-102} | Feet: White Concrete | FloorSolid: true
[14:15:18.231] [DEBUG] [PATHFINDER] Blocked at: BlockPos{x=-81, y=85, z=-103} | Feet: Air | FloorSolid: false
[14:15:18.231] [DEBUG] [PATHFINDER] Blocked at: BlockPos{x=-81, y=85, z=-101} | Feet: Air | FloorSolid: false
[14:15:18.231] [DEBUG] [PATHFINDER] Blocked at: BlockPos{x=-80, y=85, z=-102} | Feet: Air | FloorSolid: false
[14:15:18.232] [DEBUG] [PATHFINDER] Blocked at: BlockPos{x=-82, y=85, z=-102} | Feet: Air | FloorSolid: false
[14:15:18.232] [DEBUG] [PATHFINDER] Blocked at: BlockPos{x=-81, y=83, z=-103} | Feet: Black Concrete | FloorSolid: true
[14:15:18.233] [DEBUG] [PATHFINDER] Blocked at: BlockPos{x=-81, y=83, z=-101} | Feet: White Concrete | FloorSolid: true
[14:15:18.234] [DEBUG] [PATHFINDER] Blocked at: BlockPos{x=-80, y=83, z=-102} | Feet: Black Concrete | FloorSolid: true
[14:15:18.234] [DEBUG] [PATHFINDER] Blocked at: BlockPos{x=-82, y=83, z=-102} | Feet: White Concrete | FloorSolid: true
[14:15:18.235] [DEBUG] [PATHFINDER] Blocked at: BlockPos{x=-82, y=85, z=-103} | Feet: Air | FloorSolid: false
[14:15:18.235] [DEBUG] [PATHFINDER] Blocked at: BlockPos{x=-82, y=85, z=-101} | Feet: Air | FloorSolid: false
[14:15:18.236] [DEBUG] [PATHFINDER] Blocked at: BlockPos{x=-81, y=85, z=-102} | Feet: Air | FloorSolid: false
[14:15:18.236] [DEBUG] [PATHFINDER] Blocked at: BlockPos{x=-83, y=85, z=-102} | Feet: Air | FloorSolid: false
[14:15:18.237] [DEBUG] [PATHFINDER] Blocked at: BlockPos{x=-82, y=83, z=-103} | Feet: Black Concrete | FloorSolid: true
[14:15:18.237] [DEBUG] [PATHFINDER] Blocked at: BlockPos{x=-82, y=83, z=-101} | Feet: White Concrete | FloorSolid: true
[14:15:18.238] [DEBUG] [PATHFINDER] Blocked at: BlockPos{x=-81, y=83, z=-102} | Feet: White Concrete | FloorSolid: true
[14:15:18.238] [DEBUG] [PATHFINDER] Blocked at: BlockPos{x=-83, y=83, z=-102} | Feet: White Concrete | FloorSolid: true
[14:15:19.064] [DEBUG] [PATHFINDER] Blocked at: BlockPos{x=-81, y=85, z=-103} | Feet: Air | FloorSolid: false
[14:15:19.064] [DEBUG] [PATHFINDER] Blocked at: BlockPos{x=-81, y=85, z=-101} | Feet: Air | FloorSolid: false
[14:15:19.065] [DEBUG] [PATHFINDER] Blocked at: BlockPos{x=-80, y=85, z=-102} | Feet: Air | FloorSolid: false
[14:15:19.065] [DEBUG] [PATHFINDER] Blocked at: BlockPos{x=-82, y=85, z=-102} | Feet: Air | FloorSolid: false
[14:15:19.065] [DEBUG] [PATHFINDER] Blocked at: BlockPos{x=-81, y=83, z=-103} | Feet: Black Concrete | FloorSolid: true
[14:15:19.065] [DEBUG] [PATHFINDER] Blocked at: BlockPos{x=-81, y=83, z=-101} | Feet: White Concrete | FloorSolid: true
[14:15:19.066] [DEBUG] [PATHFINDER] Blocked at: BlockPos{x=-80, y=83, z=-102} | Feet: Black Concrete | FloorSolid: true
[14:15:19.066] [DEBUG] [PATHFINDER] Blocked at: BlockPos{x=-82, y=83, z=-102} | Feet: White Concrete | FloorSolid: true
[14:15:19.066] [DEBUG] [PATHFINDER] Blocked at: BlockPos{x=-82, y=85, z=-103} | Feet: Air | FloorSolid: false
[14:15:19.066] [DEBUG] [PATHFINDER] Blocked at: BlockPos{x=-82, y=85, z=-101} | Feet: Air | FloorSolid: false
[14:15:19.066] [DEBUG] [PATHFINDER] Blocked at: BlockPos{x=-81, y=85, z=-102} | Feet: Air | FloorSolid: false
[14:15:19.066] [DEBUG] [PATHFINDER] Blocked at: BlockPos{x=-83, y=85, z=-102} | Feet: Air | FloorSolid: false
[14:15:19.067] [DEBUG] [PATHFINDER] Blocked at: BlockPos{x=-82, y=83, z=-103} | Feet: Black Concrete | FloorSolid: true
[14:15:19.067] [DEBUG] [PATHFINDER] Blocked at: BlockPos{x=-82, y=83, z=-101} | Feet: White Concrete | FloorSolid: true
[14:15:19.067] [DEBUG] [PATHFINDER] Blocked at: BlockPos{x=-81, y=83, z=-102} | Feet: White Concrete | FloorSolid: true
[14:15:19.067] [DEBUG] [PATHFINDER] Blocked at: BlockPos{x=-83, y=83, z=-102} | Feet: White Concrete | FloorSolid: true
[14:15:19.612] [DEBUG] [PATHFINDER] Blocked at: BlockPos{x=-83, y=85, z=-103} | Feet: Air | FloorSolid: false
[14:15:19.612] [DEBUG] [PATHFINDER] Blocked at: BlockPos{x=-83, y=85, z=-101} | Feet: Air | FloorSolid: false
[14:15:19.613] [DEBUG] [PATHFINDER] Blocked at: BlockPos{x=-82, y=85, z=-102} | Feet: Air | FloorSolid: false
[14:15:19.613] [DEBUG] [PATHFINDER] Blocked at: BlockPos{x=-84, y=85, z=-102} | Feet: Air | FloorSolid: false
[14:15:19.613] [DEBUG] [PATHFINDER] Blocked at: BlockPos{x=-83, y=83, z=-103} | Feet: Black Concrete | FloorSolid: true
[14:15:19.613] [DEBUG] [PATHFINDER] Blocked at: BlockPos{x=-83, y=83, z=-101} | Feet: White Concrete | FloorSolid: true
[14:15:19.614] [DEBUG] [PATHFINDER] Blocked at: BlockPos{x=-82, y=83, z=-102} | Feet: White Concrete | FloorSolid: true
[14:15:19.614] [DEBUG] [PATHFINDER] Blocked at: BlockPos{x=-84, y=83, z=-102} | Feet: White Concrete | FloorSolid: true
[14:15:19.614] [DEBUG] [PATHFINDER] Blocked at: BlockPos{x=-83, y=85, z=-102} | Feet: Air | FloorSolid: false
[14:15:19.614] [DEBUG] [PATHFINDER] Blocked at: BlockPos{x=-83, y=85, z=-100} | Feet: Air | FloorSolid: false
[14:15:19.614] [DEBUG] [PATHFINDER] Blocked at: BlockPos{x=-82, y=85, z=-101} | Feet: Air | FloorSolid: false
[14:15:19.614] [DEBUG] [PATHFINDER] Blocked at: BlockPos{x=-84, y=85, z=-101} | Feet: Air | FloorSolid: false
[14:15:19.614] [DEBUG] [PATHFINDER] Blocked at: BlockPos{x=-83, y=83, z=-102} | Feet: White Concrete | FloorSolid: true
[14:15:19.614] [DEBUG] [PATHFINDER] Blocked at: BlockPos{x=-83, y=83, z=-100} | Feet: White Concrete | FloorSolid: true
[14:15:19.615] [DEBUG] [PATHFINDER] Blocked at: BlockPos{x=-82, y=83, z=-101} | Feet: White Concrete | FloorSolid: true
[14:15:19.615] [DEBUG] [PATHFINDER] Blocked at: BlockPos{x=-84, y=83, z=-101} | Feet: White Concrete | FloorSolid: true
[14:15:19.615] [DEBUG] [PATHFINDER] Blocked at: BlockPos{x=-83, y=85, z=-101} | Feet: Air | FloorSolid: false
[14:15:19.615] [DEBUG] [PATHFINDER] Blocked at: BlockPos{x=-83, y=85, z=-99} | Feet: Air | FloorSolid: false
[14:15:19.615] [DEBUG] [PATHFINDER] Blocked at: BlockPos{x=-82, y=85, z=-100} | Feet: Air | FloorSolid: false
[14:15:19.615] [DEBUG] [PATHFINDER] Blocked at: BlockPos{x=-84, y=85, z=-100} | Feet: Air | FloorSolid: false
[14:15:19.615] [DEBUG] [PATHFINDER] Blocked at: BlockPos{x=-83, y=83, z=-101} | Feet: White Concrete | FloorSolid: true
[14:15:19.615] [DEBUG] [PATHFINDER] Blocked at: BlockPos{x=-83, y=83, z=-99} | Feet: White Concrete | FloorSolid: true
[14:15:19.616] [DEBUG] [PATHFINDER] Blocked at: BlockPos{x=-82, y=83, z=-100} | Feet: White Concrete | FloorSolid: true
[14:15:19.616] [DEBUG] [PATHFINDER] Blocked at: BlockPos{x=-84, y=83, z=-100} | Feet: White Concrete | FloorSolid: true
[14:15:20.515] [DEBUG] [PATHFINDER] Blocked at: BlockPos{x=-83, y=85, z=-102} | Feet: Air | FloorSolid: false
[14:15:20.516] [DEBUG] [PATHFINDER] Blocked at: BlockPos{x=-83, y=85, z=-100} | Feet: Air | FloorSolid: false
[14:15:20.516] [DEBUG] [PATHFINDER] Blocked at: BlockPos{x=-82, y=85, z=-101} | Feet: Air | FloorSolid: false
[14:15:20.517] [DEBUG] [PATHFINDER] Blocked at: BlockPos{x=-84, y=85, z=-101} | Feet: Air | FloorSolid: false
[14:15:20.517] [DEBUG] [PATHFINDER] Blocked at: BlockPos{x=-83, y=83, z=-102} | Feet: White Concrete | FloorSolid: true
[14:15:20.517] [DEBUG] [PATHFINDER] Blocked at: BlockPos{x=-83, y=83, z=-100} | Feet: White Concrete | FloorSolid: true
[14:15:20.518] [DEBUG] [PATHFINDER] Blocked at: BlockPos{x=-82, y=83, z=-101} | Feet: White Concrete | FloorSolid: true
[14:15:20.518] [DEBUG] [PATHFINDER] Blocked at: BlockPos{x=-84, y=83, z=-101} | Feet: White Concrete | FloorSolid: true
[14:15:21.218] [DEBUG] [PATHFINDER] Blocked at: BlockPos{x=-83, y=85, z=-101} | Feet: Air | FloorSolid: false
[14:15:21.218] [DEBUG] [PATHFINDER] Blocked at: BlockPos{x=-83, y=85, z=-99} | Feet: Air | FloorSolid: false
[14:15:21.218] [DEBUG] [PATHFINDER] Blocked at: BlockPos{x=-82, y=85, z=-100} | Feet: Air | FloorSolid: false
[14:15:21.219] [DEBUG] [PATHFINDER] Blocked at: BlockPos{x=-84, y=85, z=-100} | Feet: Air | FloorSolid: false
[14:15:21.219] [DEBUG] [PATHFINDER] Blocked at: BlockPos{x=-83, y=83, z=-101} | Feet: White Concrete | FloorSolid: true
[14:15:21.219] [DEBUG] [PATHFINDER] Blocked at: BlockPos{x=-83, y=83, z=-99} | Feet: White Concrete | FloorSolid: true
[14:15:21.219] [DEBUG] [PATHFINDER] Blocked at: BlockPos{x=-82, y=83, z=-100} | Feet: White Concrete | FloorSolid: true
[14:15:21.220] [DEBUG] [PATHFINDER] Blocked at: BlockPos{x=-84, y=83, z=-100} | Feet: White Concrete | FloorSolid: true
[14:15:21.220] [DEBUG] [PATHFINDER] Blocked at: BlockPos{x=-83, y=85, z=-100} | Feet: Air | FloorSolid: false
[14:15:21.220] [DEBUG] [PATHFINDER] Blocked at: BlockPos{x=-83, y=85, z=-98} | Feet: Air | FloorSolid: false
[14:15:21.220] [DEBUG] [PATHFINDER] Blocked at: BlockPos{x=-82, y=85, z=-99} | Feet: Air | FloorSolid: false
[14:15:21.220] [DEBUG] [PATHFINDER] Blocked at: BlockPos{x=-84, y=85, z=-99} | Feet: Air | FloorSolid: false
[14:15:21.220] [DEBUG] [PATHFINDER] Blocked at: BlockPos{x=-83, y=83, z=-100} | Feet: White Concrete | FloorSolid: true
[14:15:21.221] [DEBUG] [PATHFINDER] Blocked at: BlockPos{x=-83, y=83, z=-98} | Feet: Black Concrete | FloorSolid: true
[14:15:21.221] [DEBUG] [PATHFINDER] Blocked at: BlockPos{x=-82, y=83, z=-99} | Feet: White Concrete | FloorSolid: true
[14:15:21.221] [DEBUG] [PATHFINDER] Blocked at: BlockPos{x=-84, y=83, z=-99} | Feet: White Concrete | FloorSolid: true
[14:15:21.665] [DEBUG] [PATHFINDER] Blocked at: BlockPos{x=-83, y=85, z=-100} | Feet: Air | FloorSolid: false
[14:15:21.665] [DEBUG] [PATHFINDER] Blocked at: BlockPos{x=-83, y=85, z=-98} | Feet: Air | FloorSolid: false
[14:15:21.665] [DEBUG] [PATHFINDER] Blocked at: BlockPos{x=-82, y=85, z=-99} | Feet: Air | FloorSolid: false
[14:15:21.665] [DEBUG] [PATHFINDER] Blocked at: BlockPos{x=-84, y=85, z=-99} | Feet: Air | FloorSolid: false
[14:15:21.665] [DEBUG] [PATHFINDER] Blocked at: BlockPos{x=-83, y=83, z=-100} | Feet: White Concrete | FloorSolid: true
[14:15:21.666] [DEBUG] [PATHFINDER] Blocked at: BlockPos{x=-83, y=83, z=-98} | Feet: Black Concrete | FloorSolid: true
[14:15:21.666] [DEBUG] [PATHFINDER] Blocked at: BlockPos{x=-82, y=83, z=-99} | Feet: White Concrete | FloorSolid: true
[14:15:21.666] [DEBUG] [PATHFINDER] Blocked at: BlockPos{x=-84, y=83, z=-99} | Feet: White Concrete | FloorSolid: true
[14:15:21.666] [DEBUG] [PATHFINDER] Blocked at: BlockPos{x=-83, y=85, z=-99} | Feet: Air | FloorSolid: false
[14:15:21.666] [DEBUG] [PATHFINDER] Blocked at: BlockPos{x=-83, y=85, z=-97} | Feet: Air | FloorSolid: false
[14:15:21.666] [DEBUG] [PATHFINDER] Blocked at: BlockPos{x=-82, y=85, z=-98} | Feet: Air | FloorSolid: false
[14:15:21.666] [DEBUG] [PATHFINDER] Blocked at: BlockPos{x=-84, y=85, z=-98} | Feet: Air | FloorSolid: false
[14:15:21.666] [DEBUG] [PATHFINDER] Blocked at: BlockPos{x=-83, y=83, z=-99} | Feet: White Concrete | FloorSolid: true
[14:15:21.667] [DEBUG] [PATHFINDER] Blocked at: BlockPos{x=-83, y=83, z=-97} | Feet: White Concrete | FloorSolid: true
[14:15:21.667] [DEBUG] [PATHFINDER] Blocked at: BlockPos{x=-82, y=83, z=-98} | Feet: Black Concrete | FloorSolid: true
[14:15:21.667] [DEBUG] [PATHFINDER] Blocked at: BlockPos{x=-84, y=83, z=-98} | Feet: Black Concrete | FloorSolid: true
[14:15:22.312] [DEBUG] [PATHFINDER] Blocked at: BlockPos{x=-83, y=85, z=-98} | Feet: Air | FloorSolid: false
[14:15:22.313] [DEBUG] [PATHFINDER] Blocked at: BlockPos{x=-83, y=85, z=-96} | Feet: Air | FloorSolid: false
[14:15:22.314] [DEBUG] [PATHFINDER] Blocked at: BlockPos{x=-82, y=85, z=-97} | Feet: Air | FloorSolid: false
[14:15:22.314] [DEBUG] [PATHFINDER] Blocked at: BlockPos{x=-84, y=85, z=-97} | Feet: Air | FloorSolid: false
[14:15:22.314] [DEBUG] [PATHFINDER] Blocked at: BlockPos{x=-83, y=83, z=-98} | Feet: Black Concrete | FloorSolid: true
[14:15:22.315] [DEBUG] [PATHFINDER] Blocked at: BlockPos{x=-83, y=83, z=-96} | Feet: White Concrete | FloorSolid: true
[14:15:22.315] [DEBUG] [PATHFINDER] Blocked at: BlockPos{x=-82, y=83, z=-97} | Feet: White Concrete | FloorSolid: true
[14:15:22.315] [DEBUG] [PATHFINDER] Blocked at: BlockPos{x=-84, y=83, z=-97} | Feet: White Concrete | FloorSolid: true
[14:15:22.315] [DEBUG] [PATHFINDER] Blocked at: BlockPos{x=-83, y=85, z=-97} | Feet: Air | FloorSolid: false
[14:15:22.315] [DEBUG] [PATHFINDER] Blocked at: BlockPos{x=-83, y=85, z=-95} | Feet: Air | FloorSolid: false
[14:15:22.316] [DEBUG] [PATHFINDER] Blocked at: BlockPos{x=-82, y=85, z=-96} | Feet: Air | FloorSolid: false
[14:15:22.316] [DEBUG] [PATHFINDER] Blocked at: BlockPos{x=-84, y=85, z=-96} | Feet: Air | FloorSolid: false
[14:15:22.316] [DEBUG] [PATHFINDER] Blocked at: BlockPos{x=-83, y=83, z=-97} | Feet: White Concrete | FloorSolid: true
[14:15:22.316] [DEBUG] [PATHFINDER] Blocked at: BlockPos{x=-83, y=83, z=-95} | Feet: White Concrete | FloorSolid: true
[14:15:22.316] [DEBUG] [PATHFINDER] Blocked at: BlockPos{x=-82, y=83, z=-96} | Feet: White Concrete | FloorSolid: true
[14:15:22.316] [DEBUG] [PATHFINDER] Blocked at: BlockPos{x=-84, y=83, z=-96} | Feet: White Concrete | FloorSolid: true
[14:15:22.317] [DEBUG] [PATHFINDER] Blocked at: BlockPos{x=-83, y=85, z=-96} | Feet: Air | FloorSolid: false
[14:15:22.317] [DEBUG] [PATHFINDER] Blocked at: BlockPos{x=-83, y=85, z=-94} | Feet: Air | FloorSolid: false
[14:15:22.317] [DEBUG] [PATHFINDER] Blocked at: BlockPos{x=-82, y=85, z=-95} | Feet: Air | FloorSolid: false
[14:15:22.317] [DEBUG] [PATHFINDER] Blocked at: BlockPos{x=-84, y=85, z=-95} | Feet: Air | FloorSolid: false
[14:15:22.317] [DEBUG] [PATHFINDER] Blocked at: BlockPos{x=-83, y=83, z=-96} | Feet: White Concrete | FloorSolid: true
[14:15:22.318] [DEBUG] [PATHFINDER] Blocked at: BlockPos{x=-83, y=83, z=-94} | Feet: White Concrete | FloorSolid: true
[14:15:22.318] [DEBUG] [PATHFINDER] Blocked at: BlockPos{x=-82, y=83, z=-95} | Feet: White Concrete | FloorSolid: true
[14:15:22.318] [DEBUG] [PATHFINDER] Blocked at: BlockPos{x=-84, y=83, z=-95} | Feet: White Concrete | FloorSolid: true
[14:15:23.319] [DEBUG] [PATHFINDER] Blocked at: BlockPos{x=-83, y=85, z=-97} | Feet: Air | FloorSolid: false
[14:15:23.320] [DEBUG] [PATHFINDER] Blocked at: BlockPos{x=-83, y=85, z=-95} | Feet: Air | FloorSolid: false
[14:15:23.321] [DEBUG] [PATHFINDER] Blocked at: BlockPos{x=-82, y=85, z=-96} | Feet: Air | FloorSolid: false
[14:15:23.321] [DEBUG] [PATHFINDER] Blocked at: BlockPos{x=-84, y=85, z=-96} | Feet: Air | FloorSolid: false
[14:15:23.321] [DEBUG] [PATHFINDER] Blocked at: BlockPos{x=-83, y=83, z=-97} | Feet: White Concrete | FloorSolid: true
[14:15:23.321] [DEBUG] [PATHFINDER] Blocked at: BlockPos{x=-83, y=83, z=-95} | Feet: White Concrete | FloorSolid: true
[14:15:23.322] [DEBUG] [PATHFINDER] Blocked at: BlockPos{x=-82, y=83, z=-96} | Feet: White Concrete | FloorSolid: true
[14:15:23.322] [DEBUG] [PATHFINDER] Blocked at: BlockPos{x=-84, y=83, z=-96} | Feet: White Concrete | FloorSolid: true
[14:15:23.771] [DEBUG] [PATHFINDER] Blocked at: BlockPos{x=-83, y=85, z=-96} | Feet: Air | FloorSolid: false
[14:15:23.771] [DEBUG] [PATHFINDER] Blocked at: BlockPos{x=-83, y=85, z=-94} | Feet: Air | FloorSolid: false
[14:15:23.772] [DEBUG] [PATHFINDER] Blocked at: BlockPos{x=-82, y=85, z=-95} | Feet: Air | FloorSolid: false
[14:15:23.772] [DEBUG] [PATHFINDER] Blocked at: BlockPos{x=-84, y=85, z=-95} | Feet: Air | FloorSolid: false
[14:15:23.772] [DEBUG] [PATHFINDER] Blocked at: BlockPos{x=-83, y=83, z=-96} | Feet: White Concrete | FloorSolid: true
[14:15:23.772] [DEBUG] [PATHFINDER] Blocked at: BlockPos{x=-83, y=83, z=-94} | Feet: White Concrete | FloorSolid: true
[14:15:23.772] [DEBUG] [PATHFINDER] Blocked at: BlockPos{x=-82, y=83, z=-95} | Feet: White Concrete | FloorSolid: true
[14:15:23.773] [DEBUG] [PATHFINDER] Blocked at: BlockPos{x=-84, y=83, z=-95} | Feet: White Concrete | FloorSolid: true
[14:15:23.773] [DEBUG] [PATHFINDER] Blocked at: BlockPos{x=-83, y=85, z=-95} | Feet: Air | FloorSolid: false
[14:15:23.773] [DEBUG] [PATHFINDER] Blocked at: BlockPos{x=-83, y=85, z=-93} | Feet: Air | FloorSolid: false
[14:15:23.774] [DEBUG] [PATHFINDER] Blocked at: BlockPos{x=-82, y=85, z=-94} | Feet: Air | FloorSolid: false
[14:15:23.774] [DEBUG] [PATHFINDER] Blocked at: BlockPos{x=-84, y=85, z=-94} | Feet: Air | FloorSolid: false
[14:15:23.774] [DEBUG] [PATHFINDER] Blocked at: BlockPos{x=-83, y=83, z=-95} | Feet: White Concrete | FloorSolid: true
[14:15:23.774] [DEBUG] [PATHFINDER] Blocked at: BlockPos{x=-83, y=83, z=-93} | Feet: Black Concrete | FloorSolid: true
[14:15:23.774] [DEBUG] [PATHFINDER] Blocked at: BlockPos{x=-82, y=83, z=-94} | Feet: White Concrete | FloorSolid: true
[14:15:23.775] [DEBUG] [PATHFINDER] Blocked at: BlockPos{x=-84, y=83, z=-94} | Feet: White Concrete | FloorSolid: true
[14:15:24.270] [DEBUG] [PATHFINDER] Blocked at: BlockPos{x=-82, y=85, z=-95} | Feet: Air | FloorSolid: false
[14:15:24.270] [DEBUG] [PATHFINDER] Blocked at: BlockPos{x=-82, y=85, z=-93} | Feet: Air | FloorSolid: false
[14:15:24.271] [DEBUG] [PATHFINDER] Blocked at: BlockPos{x=-81, y=85, z=-94} | Feet: Air | FloorSolid: false
[14:15:24.271] [DEBUG] [PATHFINDER] Blocked at: BlockPos{x=-83, y=85, z=-94} | Feet: Air | FloorSolid: false
[14:15:24.271] [DEBUG] [PATHFINDER] Blocked at: BlockPos{x=-82, y=83, z=-95} | Feet: White Concrete | FloorSolid: true
[14:15:24.272] [DEBUG] [PATHFINDER] Blocked at: BlockPos{x=-82, y=83, z=-93} | Feet: Black Concrete | FloorSolid: true
[14:15:24.272] [DEBUG] [PATHFINDER] Blocked at: BlockPos{x=-81, y=83, z=-94} | Feet: White Concrete | FloorSolid: true
[14:15:24.272] [DEBUG] [PATHFINDER] Blocked at: BlockPos{x=-83, y=83, z=-94} | Feet: White Concrete | FloorSolid: true
[14:15:24.272] [DEBUG] [PATHFINDER] Blocked at: BlockPos{x=-81, y=85, z=-95} | Feet: Air | FloorSolid: false
[14:15:24.273] [DEBUG] [PATHFINDER] Blocked at: BlockPos{x=-81, y=85, z=-93} | Feet: Air | FloorSolid: false
[14:15:24.273] [DEBUG] [PATHFINDER] Blocked at: BlockPos{x=-80, y=85, z=-94} | Feet: Air | FloorSolid: false
[14:15:24.273] [DEBUG] [PATHFINDER] Blocked at: BlockPos{x=-82, y=85, z=-94} | Feet: Air | FloorSolid: false
[14:15:24.273] [DEBUG] [PATHFINDER] Blocked at: BlockPos{x=-81, y=83, z=-95} | Feet: White Concrete | FloorSolid: true
[14:15:24.273] [DEBUG] [PATHFINDER] Blocked at: BlockPos{x=-81, y=83, z=-93} | Feet: Black Concrete | FloorSolid: true
[14:15:24.274] [DEBUG] [PATHFINDER] Blocked at: BlockPos{x=-80, y=83, z=-94} | Feet: Black Concrete | FloorSolid: true
[14:15:24.274] [DEBUG] [PATHFINDER] Blocked at: BlockPos{x=-82, y=83, z=-94} | Feet: White Concrete | FloorSolid: true
[14:15:24.867] [DEBUG] [PATHFINDER] Blocked at: BlockPos{x=-80, y=85, z=-95} | Feet: Air | FloorSolid: false
[14:15:24.867] [DEBUG] [PATHFINDER] Blocked at: BlockPos{x=-80, y=85, z=-93} | Feet: Air | FloorSolid: false
[14:15:24.868] [DEBUG] [PATHFINDER] Blocked at: BlockPos{x=-79, y=85, z=-94} | Feet: Air | FloorSolid: false
[14:15:24.868] [DEBUG] [PATHFINDER] Blocked at: BlockPos{x=-81, y=85, z=-94} | Feet: Air | FloorSolid: false
[14:15:24.868] [DEBUG] [PATHFINDER] Blocked at: BlockPos{x=-80, y=83, z=-95} | Feet: Black Concrete | FloorSolid: true
[14:15:24.868] [DEBUG] [PATHFINDER] Blocked at: BlockPos{x=-80, y=83, z=-93} | Feet: Black Concrete | FloorSolid: true
[14:15:24.869] [DEBUG] [PATHFINDER] Blocked at: BlockPos{x=-79, y=83, z=-94} | Feet: White Concrete | FloorSolid: true
[14:15:24.869] [DEBUG] [PATHFINDER] Blocked at: BlockPos{x=-81, y=83, z=-94} | Feet: White Concrete | FloorSolid: true
[14:15:24.869] [DEBUG] [PATHFINDER] Blocked at: BlockPos{x=-79, y=85, z=-95} | Feet: Air | FloorSolid: false
[14:15:24.869] [DEBUG] [PATHFINDER] Blocked at: BlockPos{x=-79, y=85, z=-93} | Feet: Air | FloorSolid: false
[14:15:24.869] [DEBUG] [PATHFINDER] Blocked at: BlockPos{x=-78, y=85, z=-94} | Feet: Air | FloorSolid: false
[14:15:24.870] [DEBUG] [PATHFINDER] Blocked at: BlockPos{x=-80, y=85, z=-94} | Feet: Air | FloorSolid: false
[14:15:24.870] [DEBUG] [PATHFINDER] Blocked at: BlockPos{x=-79, y=83, z=-95} | Feet: White Concrete | FloorSolid: true
[14:15:24.870] [DEBUG] [PATHFINDER] Blocked at: BlockPos{x=-79, y=83, z=-93} | Feet: Black Concrete | FloorSolid: true
[14:15:24.870] [DEBUG] [PATHFINDER] Blocked at: BlockPos{x=-78, y=83, z=-94} | Feet: White Concrete | FloorSolid: true
[14:15:24.870] [DEBUG] [PATHFINDER] Blocked at: BlockPos{x=-80, y=83, z=-94} | Feet: Black Concrete | FloorSolid: true
[14:15:25.767] [DEBUG] [PATHFINDER] Blocked at: BlockPos{x=-79, y=85, z=-95} | Feet: Air | FloorSolid: false
[14:15:25.767] [DEBUG] [PATHFINDER] Blocked at: BlockPos{x=-79, y=85, z=-93} | Feet: Air | FloorSolid: false
[14:15:25.768] [DEBUG] [PATHFINDER] Blocked at: BlockPos{x=-78, y=85, z=-94} | Feet: Air | FloorSolid: false
[14:15:25.768] [DEBUG] [PATHFINDER] Blocked at: BlockPos{x=-80, y=85, z=-94} | Feet: Air | FloorSolid: false
[14:15:25.768] [DEBUG] [PATHFINDER] Blocked at: BlockPos{x=-79, y=83, z=-95} | Feet: White Concrete | FloorSolid: true
[14:15:25.768] [DEBUG] [PATHFINDER] Blocked at: BlockPos{x=-79, y=83, z=-93} | Feet: Black Concrete | FloorSolid: true
[14:15:25.768] [DEBUG] [PATHFINDER] Blocked at: BlockPos{x=-78, y=83, z=-94} | Feet: White Concrete | FloorSolid: true
[14:15:25.768] [DEBUG] [PATHFINDER] Blocked at: BlockPos{x=-80, y=83, z=-94} | Feet: Black Concrete | FloorSolid: true
[14:15:25.769] [DEBUG] [PATHFINDER] Blocked at: BlockPos{x=-78, y=85, z=-95} | Feet: Air | FloorSolid: false
[14:15:25.769] [DEBUG] [PATHFINDER] Blocked at: BlockPos{x=-78, y=85, z=-93} | Feet: Air | FloorSolid: false
[14:15:25.769] [DEBUG] [PATHFINDER] Blocked at: BlockPos{x=-77, y=85, z=-94} | Feet: Air | FloorSolid: false
[14:15:25.769] [DEBUG] [PATHFINDER] Blocked at: BlockPos{x=-79, y=85, z=-94} | Feet: Air | FloorSolid: false
[14:15:25.770] [DEBUG] [PATHFINDER] Blocked at: BlockPos{x=-78, y=83, z=-95} | Feet: White Concrete | FloorSolid: true
[14:15:25.770] [DEBUG] [PATHFINDER] Blocked at: BlockPos{x=-78, y=83, z=-93} | Feet: Black Concrete | FloorSolid: true
[14:15:25.770] [DEBUG] [PATHFINDER] Blocked at: BlockPos{x=-77, y=83, z=-94} | Feet: White Concrete | FloorSolid: true
[14:15:25.770] [DEBUG] [PATHFINDER] Blocked at: BlockPos{x=-79, y=83, z=-94} | Feet: White Concrete | FloorSolid: true
[14:15:26.320] [DEBUG] [PATHFINDER] Blocked at: BlockPos{x=-77, y=85, z=-95} | Feet: Air | FloorSolid: false
[14:15:26.320] [DEBUG] [PATHFINDER] Blocked at: BlockPos{x=-77, y=85, z=-93} | Feet: Air | FloorSolid: false
[14:15:26.321] [DEBUG] [PATHFINDER] Blocked at: BlockPos{x=-76, y=85, z=-94} | Feet: Air | FloorSolid: false
[14:15:26.321] [DEBUG] [PATHFINDER] Blocked at: BlockPos{x=-78, y=85, z=-94} | Feet: Air | FloorSolid: false
[14:15:26.321] [DEBUG] [PATHFINDER] Blocked at: BlockPos{x=-77, y=83, z=-95} | Feet: White Concrete | FloorSolid: true
[14:15:26.322] [DEBUG] [PATHFINDER] Blocked at: BlockPos{x=-77, y=83, z=-93} | Feet: Black Concrete | FloorSolid: true
[14:15:26.322] [DEBUG] [PATHFINDER] Blocked at: BlockPos{x=-76, y=83, z=-94} | Feet: White Concrete | FloorSolid: true
[14:15:26.322] [DEBUG] [PATHFINDER] Blocked at: BlockPos{x=-78, y=83, z=-94} | Feet: White Concrete | FloorSolid: true
[14:15:26.322] [DEBUG] [PATHFINDER] Blocked at: BlockPos{x=-77, y=85, z=-96} | Feet: Air | FloorSolid: false
[14:15:26.322] [DEBUG] [PATHFINDER] Blocked at: BlockPos{x=-77, y=85, z=-94} | Feet: Air | FloorSolid: false
[14:15:26.323] [DEBUG] [PATHFINDER] Blocked at: BlockPos{x=-76, y=85, z=-95} | Feet: Air | FloorSolid: false
[14:15:26.323] [DEBUG] [PATHFINDER] Blocked at: BlockPos{x=-78, y=85, z=-95} | Feet: Air | FloorSolid: false
[14:15:26.323] [DEBUG] [PATHFINDER] Blocked at: BlockPos{x=-77, y=83, z=-96} | Feet: White Concrete | FloorSolid: true
[14:15:26.324] [DEBUG] [PATHFINDER] Blocked at: BlockPos{x=-77, y=83, z=-94} | Feet: White Concrete | FloorSolid: true
[14:15:26.324] [DEBUG] [PATHFINDER] Blocked at: BlockPos{x=-76, y=83, z=-95} | Feet: White Concrete | FloorSolid: true
[14:15:26.324] [DEBUG] [PATHFINDER] Blocked at: BlockPos{x=-78, y=83, z=-95} | Feet: White Concrete | FloorSolid: true
[14:15:26.324] [DEBUG] [PATHFINDER] Blocked at: BlockPos{x=-77, y=85, z=-97} | Feet: Air | FloorSolid: false
[14:15:26.325] [DEBUG] [PATHFINDER] Blocked at: BlockPos{x=-77, y=85, z=-95} | Feet: Air | FloorSolid: false
[14:15:26.325] [DEBUG] [PATHFINDER] Blocked at: BlockPos{x=-76, y=85, z=-96} | Feet: Air | FloorSolid: false
[14:15:26.325] [DEBUG] [PATHFINDER] Blocked at: BlockPos{x=-78, y=85, z=-96} | Feet: Air | FloorSolid: false
[14:15:26.325] [DEBUG] [PATHFINDER] Blocked at: BlockPos{x=-77, y=83, z=-97} | Feet: White Concrete | FloorSolid: true
[14:15:26.325] [DEBUG] [PATHFINDER] Blocked at: BlockPos{x=-77, y=83, z=-95} | Feet: White Concrete | FloorSolid: true
[14:15:26.326] [DEBUG] [PATHFINDER] Blocked at: BlockPos{x=-76, y=83, z=-96} | Feet: White Concrete | FloorSolid: true
[14:15:26.326] [DEBUG] [PATHFINDER] Blocked at: BlockPos{x=-78, y=83, z=-96} | Feet: White Concrete | FloorSolid: true
[14:15:27.018] [DEBUG] [PATHFINDER] Blocked at: BlockPos{x=-76, y=85, z=-97} | Feet: Air | FloorSolid: false
[14:15:27.019] [DEBUG] [PATHFINDER] Blocked at: BlockPos{x=-76, y=85, z=-95} | Feet: Air | FloorSolid: false
[14:15:27.019] [DEBUG] [PATHFINDER] Blocked at: BlockPos{x=-75, y=85, z=-96} | Feet: Air | FloorSolid: false
[14:15:27.019] [DEBUG] [PATHFINDER] Blocked at: BlockPos{x=-77, y=85, z=-96} | Feet: Air | FloorSolid: false
[14:15:27.020] [DEBUG] [PATHFINDER] Blocked at: BlockPos{x=-76, y=83, z=-97} | Feet: White Concrete | FloorSolid: true
[14:15:27.020] [DEBUG] [PATHFINDER] Blocked at: BlockPos{x=-76, y=83, z=-95} | Feet: White Concrete | FloorSolid: true
[14:15:27.020] [DEBUG] [PATHFINDER] Blocked at: BlockPos{x=-75, y=83, z=-96} | Feet: Black Concrete | FloorSolid: true
[14:15:27.020] [DEBUG] [PATHFINDER] Blocked at: BlockPos{x=-77, y=83, z=-96} | Feet: White Concrete | FloorSolid: true
[14:15:27.020] [DEBUG] [PATHFINDER] Blocked at: BlockPos{x=-76, y=85, z=-98} | Feet: Air | FloorSolid: false
[14:15:27.020] [DEBUG] [PATHFINDER] Blocked at: BlockPos{x=-76, y=85, z=-96} | Feet: Air | FloorSolid: false
[14:15:27.021] [DEBUG] [PATHFINDER] Blocked at: BlockPos{x=-75, y=85, z=-97} | Feet: Air | FloorSolid: false
[14:15:27.021] [DEBUG] [PATHFINDER] Blocked at: BlockPos{x=-77, y=85, z=-97} | Feet: Air | FloorSolid: false
[14:15:27.021] [DEBUG] [PATHFINDER] Blocked at: BlockPos{x=-76, y=83, z=-98} | Feet: Black Concrete | FloorSolid: true
[14:15:27.021] [DEBUG] [PATHFINDER] Blocked at: BlockPos{x=-76, y=83, z=-96} | Feet: White Concrete | FloorSolid: true
[14:15:27.021] [DEBUG] [PATHFINDER] Blocked at: BlockPos{x=-75, y=83, z=-97} | Feet: Black Concrete | FloorSolid: true
[14:15:27.021] [DEBUG] [PATHFINDER] Blocked at: BlockPos{x=-77, y=83, z=-97} | Feet: White Concrete | FloorSolid: true
[14:15:27.622] [DEBUG] [PATHFINDER] Blocked at: BlockPos{x=-76, y=85, z=-99} | Feet: Air | FloorSolid: false
[14:15:27.622] [DEBUG] [PATHFINDER] Blocked at: BlockPos{x=-76, y=85, z=-97} | Feet: Air | FloorSolid: false
[14:15:27.623] [DEBUG] [PATHFINDER] Blocked at: BlockPos{x=-75, y=85, z=-98} | Feet: Air | FloorSolid: false
[14:15:27.623] [DEBUG] [PATHFINDER] Blocked at: BlockPos{x=-77, y=85, z=-98} | Feet: Air | FloorSolid: false
[14:15:27.623] [DEBUG] [PATHFINDER] Blocked at: BlockPos{x=-76, y=83, z=-99} | Feet: White Concrete | FloorSolid: true
[14:15:27.623] [DEBUG] [PATHFINDER] Blocked at: BlockPos{x=-76, y=83, z=-97} | Feet: White Concrete | FloorSolid: true
[14:15:27.623] [DEBUG] [PATHFINDER] Blocked at: BlockPos{x=-75, y=83, z=-98} | Feet: Black Concrete | FloorSolid: true
[14:15:27.624] [DEBUG] [PATHFINDER] Blocked at: BlockPos{x=-77, y=83, z=-98} | Feet: Black Concrete | FloorSolid: true
[14:15:27.624] [DEBUG] [PATHFINDER] Blocked at: BlockPos{x=-76, y=85, z=-100} | Feet: Air | FloorSolid: false
[14:15:27.624] [DEBUG] [PATHFINDER] Blocked at: BlockPos{x=-76, y=85, z=-98} | Feet: Air | FloorSolid: false
[14:15:27.624] [DEBUG] [PATHFINDER] Blocked at: BlockPos{x=-75, y=85, z=-99} | Feet: Air | FloorSolid: false
[14:15:27.624] [DEBUG] [PATHFINDER] Blocked at: BlockPos{x=-77, y=85, z=-99} | Feet: Air | FloorSolid: false
[14:15:27.625] [DEBUG] [PATHFINDER] Blocked at: BlockPos{x=-76, y=83, z=-100} | Feet: White Concrete | FloorSolid: true
[14:15:27.625] [DEBUG] [PATHFINDER] Blocked at: BlockPos{x=-76, y=83, z=-98} | Feet: Black Concrete | FloorSolid: true
[14:15:27.625] [DEBUG] [PATHFINDER] Blocked at: BlockPos{x=-75, y=83, z=-99} | Feet: Black Concrete | FloorSolid: true
[14:15:27.625] [DEBUG] [PATHFINDER] Blocked at: BlockPos{x=-77, y=83, z=-99} | Feet: White Concrete | FloorSolid: true
[14:15:28.520] [DEBUG] [PATHFINDER] Blocked at: BlockPos{x=-76, y=85, z=-100} | Feet: Air | FloorSolid: false
[14:15:28.520] [DEBUG] [PATHFINDER] Blocked at: BlockPos{x=-76, y=85, z=-98} | Feet: Air | FloorSolid: false
[14:15:28.521] [DEBUG] [PATHFINDER] Blocked at: BlockPos{x=-75, y=85, z=-99} | Feet: Air | FloorSolid: false
[14:15:28.521] [DEBUG] [PATHFINDER] Blocked at: BlockPos{x=-77, y=85, z=-99} | Feet: Air | FloorSolid: false
[14:15:28.521] [DEBUG] [PATHFINDER] Blocked at: BlockPos{x=-76, y=83, z=-100} | Feet: White Concrete | FloorSolid: true
[14:15:28.522] [DEBUG] [PATHFINDER] Blocked at: BlockPos{x=-76, y=83, z=-98} | Feet: Black Concrete | FloorSolid: true
[14:15:28.522] [DEBUG] [PATHFINDER] Blocked at: BlockPos{x=-75, y=83, z=-99} | Feet: Black Concrete | FloorSolid: true
[14:15:28.522] [DEBUG] [PATHFINDER] Blocked at: BlockPos{x=-77, y=83, z=-99} | Feet: White Concrete | FloorSolid: true
[14:15:28.522] [DEBUG] [PATHFINDER] Blocked at: BlockPos{x=-76, y=85, z=-101} | Feet: Air | FloorSolid: false
[14:15:28.522] [DEBUG] [PATHFINDER] Blocked at: BlockPos{x=-76, y=85, z=-99} | Feet: Air | FloorSolid: false
[14:15:28.523] [DEBUG] [PATHFINDER] Blocked at: BlockPos{x=-75, y=85, z=-100} | Feet: Air | FloorSolid: false
[14:15:28.523] [DEBUG] [PATHFINDER] Blocked at: BlockPos{x=-77, y=85, z=-100} | Feet: Air | FloorSolid: false
[14:15:28.523] [DEBUG] [PATHFINDER] Blocked at: BlockPos{x=-76, y=83, z=-101} | Feet: White Concrete | FloorSolid: true
[14:15:28.523] [DEBUG] [PATHFINDER] Blocked at: BlockPos{x=-76, y=83, z=-99} | Feet: White Concrete | FloorSolid: true
[14:15:28.523] [DEBUG] [PATHFINDER] Blocked at: BlockPos{x=-75, y=83, z=-100} | Feet: Black Concrete | FloorSolid: true
[14:15:28.524] [DEBUG] [PATHFINDER] Blocked at: BlockPos{x=-77, y=83, z=-100} | Feet: White Concrete | FloorSolid: true
[14:15:29.094] [DEBUG] [PATHFINDER] Blocked at: BlockPos{x=-76, y=85, z=-102} | Feet: Air | FloorSolid: false
[14:15:29.095] [DEBUG] [PATHFINDER] Blocked at: BlockPos{x=-76, y=85, z=-100} | Feet: Air | FloorSolid: false
[14:15:29.095] [DEBUG] [PATHFINDER] Blocked at: BlockPos{x=-75, y=85, z=-101} | Feet: Air | FloorSolid: false
[14:15:29.096] [DEBUG] [PATHFINDER] Blocked at: BlockPos{x=-77, y=85, z=-101} | Feet: Air | FloorSolid: false
[14:15:29.096] [DEBUG] [PATHFINDER] Blocked at: BlockPos{x=-76, y=83, z=-102} | Feet: White Concrete | FloorSolid: true
[14:15:29.097] [DEBUG] [PATHFINDER] Blocked at: BlockPos{x=-76, y=83, z=-100} | Feet: White Concrete | FloorSolid: true
[14:15:29.097] [DEBUG] [PATHFINDER] Blocked at: BlockPos{x=-75, y=83, z=-101} | Feet: Black Concrete | FloorSolid: true
[14:15:29.098] [DEBUG] [PATHFINDER] Blocked at: BlockPos{x=-77, y=83, z=-101} | Feet: White Concrete | FloorSolid: true
[14:15:29.098] [DEBUG] [PATHFINDER] Blocked at: BlockPos{x=-77, y=85, z=-102} | Feet: Air | FloorSolid: false
[14:15:29.098] [DEBUG] [PATHFINDER] Blocked at: BlockPos{x=-77, y=85, z=-100} | Feet: Air | FloorSolid: false
[14:15:29.098] [DEBUG] [PATHFINDER] Blocked at: BlockPos{x=-76, y=85, z=-101} | Feet: Air | FloorSolid: false
[14:15:29.099] [DEBUG] [PATHFINDER] Blocked at: BlockPos{x=-78, y=85, z=-101} | Feet: Air | FloorSolid: false
[14:15:29.099] [DEBUG] [PATHFINDER] Blocked at: BlockPos{x=-77, y=83, z=-102} | Feet: White Concrete | FloorSolid: true
[14:15:29.100] [DEBUG] [PATHFINDER] Blocked at: BlockPos{x=-77, y=83, z=-100} | Feet: White Concrete | FloorSolid: true
[14:15:29.100] [DEBUG] [PATHFINDER] Blocked at: BlockPos{x=-76, y=83, z=-101} | Feet: White Concrete | FloorSolid: true
[14:15:29.100] [DEBUG] [PATHFINDER] Blocked at: BlockPos{x=-78, y=83, z=-101} | Feet: White Concrete | FloorSolid: true
[14:15:29.101] [DEBUG] [PATHFINDER] Blocked at: BlockPos{x=-77, y=85, z=-103} | Feet: Air | FloorSolid: false
[14:15:29.101] [DEBUG] [PATHFINDER] Blocked at: BlockPos{x=-77, y=85, z=-101} | Feet: Air | FloorSolid: false
[14:15:29.102] [DEBUG] [PATHFINDER] Blocked at: BlockPos{x=-76, y=85, z=-102} | Feet: Air | FloorSolid: false
[14:15:29.102] [DEBUG] [PATHFINDER] Blocked at: BlockPos{x=-78, y=85, z=-102} | Feet: Air | FloorSolid: false
[14:15:29.102] [DEBUG] [PATHFINDER] Blocked at: BlockPos{x=-77, y=83, z=-103} | Feet: Black Concrete | FloorSolid: true
[14:15:29.103] [DEBUG] [PATHFINDER] Blocked at: BlockPos{x=-77, y=83, z=-101} | Feet: White Concrete | FloorSolid: true
[14:15:29.103] [DEBUG] [PATHFINDER] Blocked at: BlockPos{x=-76, y=83, z=-102} | Feet: White Concrete | FloorSolid: true
[14:15:29.104] [DEBUG] [PATHFINDER] Blocked at: BlockPos{x=-78, y=83, z=-102} | Feet: White Concrete | FloorSolid: true
[14:15:29.968] [DEBUG] [PATHFINDER] Blocked at: BlockPos{x=-78, y=85, z=-103} | Feet: Air | FloorSolid: false
[14:15:29.968] [DEBUG] [PATHFINDER] Blocked at: BlockPos{x=-78, y=85, z=-101} | Feet: Air | FloorSolid: false
[14:15:29.969] [DEBUG] [PATHFINDER] Blocked at: BlockPos{x=-77, y=85, z=-102} | Feet: Air | FloorSolid: false
[14:15:29.970] [DEBUG] [PATHFINDER] Blocked at: BlockPos{x=-79, y=85, z=-102} | Feet: Air | FloorSolid: false
[14:15:29.970] [DEBUG] [PATHFINDER] Blocked at: BlockPos{x=-78, y=83, z=-103} | Feet: Black Concrete | FloorSolid: true
[14:15:29.970] [DEBUG] [PATHFINDER] Blocked at: BlockPos{x=-78, y=83, z=-101} | Feet: White Concrete | FloorSolid: true
[14:15:29.971] [DEBUG] [PATHFINDER] Blocked at: BlockPos{x=-77, y=83, z=-102} | Feet: White Concrete | FloorSolid: true
[14:15:29.971] [DEBUG] [PATHFINDER] Blocked at: BlockPos{x=-79, y=83, z=-102} | Feet: White Concrete | FloorSolid: true
[14:15:29.972] [DEBUG] [PATHFINDER] Blocked at: BlockPos{x=-79, y=85, z=-103} | Feet: Air | FloorSolid: false
[14:15:29.972] [DEBUG] [PATHFINDER] Blocked at: BlockPos{x=-79, y=85, z=-101} | Feet: Air | FloorSolid: false
[14:15:29.972] [DEBUG] [PATHFINDER] Blocked at: BlockPos{x=-78, y=85, z=-102} | Feet: Air | FloorSolid: false
[14:15:29.973] [DEBUG] [PATHFINDER] Blocked at: BlockPos{x=-80, y=85, z=-102} | Feet: Air | FloorSolid: false
[14:15:29.973] [DEBUG] [PATHFINDER] Blocked at: BlockPos{x=-79, y=83, z=-103} | Feet: Black Concrete | FloorSolid: true
[14:15:29.974] [DEBUG] [PATHFINDER] Blocked at: BlockPos{x=-79, y=83, z=-101} | Feet: White Concrete | FloorSolid: true
[14:15:29.974] [DEBUG] [PATHFINDER] Blocked at: BlockPos{x=-78, y=83, z=-102} | Feet: White Concrete | FloorSolid: true
[14:15:29.974] [DEBUG] [PATHFINDER] Blocked at: BlockPos{x=-80, y=83, z=-102} | Feet: Black Concrete | FloorSolid: true
[14:15:29.974] [DEBUG] [PATHFINDER] Blocked at: BlockPos{x=-80, y=85, z=-103} | Feet: Air | FloorSolid: false
[14:15:29.975] [DEBUG] [PATHFINDER] Blocked at: BlockPos{x=-80, y=85, z=-101} | Feet: Air | FloorSolid: false
[14:15:29.975] [DEBUG] [PATHFINDER] Blocked at: BlockPos{x=-79, y=85, z=-102} | Feet: Air | FloorSolid: false
[14:15:29.975] [DEBUG] [PATHFINDER] Blocked at: BlockPos{x=-81, y=85, z=-102} | Feet: Air | FloorSolid: false
[14:15:29.975] [DEBUG] [PATHFINDER] Blocked at: BlockPos{x=-80, y=83, z=-103} | Feet: Black Concrete | FloorSolid: true
[14:15:29.975] [DEBUG] [PATHFINDER] Blocked at: BlockPos{x=-80, y=83, z=-101} | Feet: Black Concrete | FloorSolid: true
[14:15:29.975] [DEBUG] [PATHFINDER] Blocked at: BlockPos{x=-79, y=83, z=-102} | Feet: White Concrete | FloorSolid: true
[14:15:29.976] [DEBUG] [PATHFINDER] Blocked at: BlockPos{x=-81, y=83, z=-102} | Feet: White Concrete | FloorSolid: true
