[00:36:20.907] [INFO] [SYSTEM] === MobileMinerOng Log Session Started ===
[00:36:20.923] [INFO] [SYSTEM] MobileMinerOng initialized
[00:37:34.910] [DEBUG] [PERCEPTION] Found combat target: attackable
[00:37:34.966] [DEBUG] [MOUSE] Injected delta: 22, -11
[00:37:35.001] [DEBUG] [MOUSE] Injected delta: 107, -49
[00:37:35.061] [DEBUG] [MOUSE] Injected delta: 198, -68
[00:37:35.110] [DEBUG] [MOUSE] Injected delta: 154, -49
[00:37:35.163] [DEBUG] [MOUSE] Injected delta: 38, -10
[00:37:35.200] [DEBUG] [PERCEPTION] Found combat target: attackable
[00:37:35.263] [INFO] [COMBAT] In attack block. Distance: 2.842651128768921
[00:37:35.263] [INFO] [COMBAT] One-Shot Mode. Attack: true
[00:37:35.264] [INFO] [CLICK] Attempting performClick()
[00:37:35.265] [INFO] [CLICK] Pressed attack key - IS_DOWN: true
[00:37:35.266] [DEBUG] [MOUSE] Injected delta: 12, 0
[00:37:35.321] [DEBUG] [CLICK] Released attack key
[00:37:35.321] [INFO] [COMBAT] In attack block. Distance: 2.6463449001312256
[00:37:35.322] [INFO] [COMBAT] One-Shot Mode. Attack: false
[00:37:35.322] [DEBUG] [MOUSE] Injected delta: 62, 1
[00:37:35.357] [INFO] [COMBAT] In attack block. Distance: 2.4545459747314453
[00:37:35.358] [INFO] [COMBAT] One-Shot Mode. Attack: false
[00:37:35.358] [DEBUG] [MOUSE] Injected delta: 98, 3
[00:37:35.419] [INFO] [COMBAT] In attack block. Distance: 2.3753035068511963
[00:37:35.420] [INFO] [COMBAT] One-Shot Mode. Attack: false
[00:37:35.420] [DEBUG] [MOUSE] Injected delta: 65, 1
[00:37:35.456] [INFO] [COMBAT] In attack block. Distance: 2.361454486846924
[00:37:35.457] [INFO] [COMBAT] One-Shot Mode. Attack: false
[00:37:35.458] [DEBUG] [MOUSE] Injected delta: 16, 0
[00:37:35.507] [DEBUG] [PERCEPTION] Found combat target: attackable
[00:37:35.508] [INFO] [COMBAT] In attack block. Distance: 2.39302659034729
[00:37:35.508] [INFO] [COMBAT] One-Shot Mode. Attack: false
[00:37:35.562] [INFO] [COMBAT] In attack block. Distance: 2.483011484146118
[00:37:35.563] [INFO] [COMBAT] One-Shot Mode. Attack: false
[00:37:35.563] [DEBUG] [MOUSE] Injected delta: 20, 1
[00:37:35.609] [INFO] [COMBAT] In attack block. Distance: 2.6019906997680664
[00:37:35.610] [INFO] [COMBAT] One-Shot Mode. Attack: false
[00:37:35.611] [DEBUG] [MOUSE] Injected delta: 75, 1
[00:37:35.665] [INFO] [COMBAT] In attack block. Distance: 2.6215548515319824
[00:37:35.666] [INFO] [COMBAT] One-Shot Mode. Attack: false
[00:37:35.667] [DEBUG] [MOUSE] Injected delta: 36, 0
[00:37:35.701] [INFO] [COMBAT] In attack block. Distance: 2.600799322128296
[00:37:35.702] [INFO] [COMBAT] One-Shot Mode. Attack: false
[00:37:35.758] [INFO] [COMBAT] In attack block. Distance: 2.5608012676239014
[00:37:35.759] [INFO] [COMBAT] One-Shot Mode. Attack: false
[00:37:35.759] [DEBUG] [MOUSE] Injected delta: 4, 0
[00:37:35.806] [DEBUG] [PERCEPTION] Found combat target: attackable
[00:37:35.807] [INFO] [COMBAT] In attack block. Distance: 2.4536325931549072
[00:37:35.807] [INFO] [COMBAT] One-Shot Mode. Attack: false
[00:37:35.807] [DEBUG] [MOUSE] Injected delta: 19, 1
[00:37:35.855] [INFO] [COMBAT] In attack block. Distance: 2.4389142990112305
[00:37:35.855] [INFO] [COMBAT] One-Shot Mode. Attack: false
[00:37:35.856] [DEBUG] [MOUSE] Injected delta: 30, 1
[00:37:35.904] [INFO] [COMBAT] In attack block. Distance: 2.4599432945251465
[00:37:35.905] [INFO] [COMBAT] One-Shot Mode. Attack: false
[00:37:35.906] [DEBUG] [MOUSE] Injected delta: 17, 1
[00:37:35.955] [INFO] [COMBAT] In attack block. Distance: 2.5097875595092773
[00:37:35.956] [INFO] [COMBAT] One-Shot Mode. Attack: false
[00:37:35.956] [DEBUG] [MOUSE] Injected delta: 4, 0
[00:37:36.003] [INFO] [COMBAT] In attack block. Distance: 2.441781520843506
[00:37:36.004] [INFO] [COMBAT] One-Shot Mode. Attack: false
[00:37:36.051] [INFO] [COMBAT] In attack block. Distance: 2.4257829189300537
[00:37:36.051] [INFO] [COMBAT] One-Shot Mode. Attack: false
[00:37:36.052] [DEBUG] [MOUSE] Injected delta: -2, 0
[00:37:36.108] [DEBUG] [PERCEPTION] Found combat target: attackable
[00:37:36.109] [INFO] [COMBAT] In attack block. Distance: 2.4332351684570312
[00:37:36.109] [INFO] [COMBAT] One-Shot Mode. Attack: false
[00:37:36.110] [DEBUG] [MOUSE] Injected delta: -40, 2
[00:37:36.170] [INFO] [COMBAT] In attack block. Distance: 2.463681221008301
[00:37:36.170] [INFO] [COMBAT] One-Shot Mode. Attack: false
[00:37:36.171] [DEBUG] [MOUSE] Injected delta: -20, 1
[00:37:36.200] [INFO] [COMBAT] In attack block. Distance: 2.5153610706329346
[00:37:36.201] [INFO] [COMBAT] One-Shot Mode. Attack: false
[00:37:36.251] [INFO] [COMBAT] In attack block. Distance: 2.488267183303833
[00:37:36.252] [INFO] [COMBAT] One-Shot Mode. Attack: false
[00:37:36.252] [DEBUG] [MOUSE] Injected delta: -43, 0
[00:37:36.327] [INFO] [COMBAT] In attack block. Distance: 2.465020179748535
[00:37:36.328] [INFO] [COMBAT] One-Shot Mode. Attack: false
[00:37:36.328] [DEBUG] [MOUSE] Injected delta: -126, -1
[00:37:36.368] [INFO] [COMBAT] In attack block. Distance: 2.4973063468933105
[00:37:36.368] [INFO] [COMBAT] One-Shot Mode. Attack: false
[00:37:36.369] [DEBUG] [MOUSE] Injected delta: -51, 1
[00:37:36.400] [DEBUG] [PERCEPTION] Found combat target: attackable
[00:37:36.401] [INFO] [COMBAT] In attack block. Distance: 2.560079574584961
[00:37:36.401] [INFO] [COMBAT] One-Shot Mode. Attack: false
[00:37:36.465] [INFO] [COMBAT] In attack block. Distance: 2.5083065032958984
[00:37:36.466] [INFO] [COMBAT] One-Shot Mode. Attack: false
[00:37:36.467] [DEBUG] [MOUSE] Injected delta: -6, -1
[00:37:36.501] [INFO] [COMBAT] In attack block. Distance: 2.4030921459198
[00:37:36.502] [INFO] [COMBAT] One-Shot Mode. Attack: false
[00:37:36.502] [DEBUG] [MOUSE] Injected delta: -33, 0
[00:37:36.565] [INFO] [COMBAT] In attack block. Distance: 2.3992812633514404
[00:37:36.566] [INFO] [COMBAT] One-Shot Mode. Attack: false
[00:37:36.567] [DEBUG] [MOUSE] Injected delta: -53, 0
[00:37:36.612] [INFO] [COMBAT] In attack block. Distance: 2.4570178985595703
[00:37:36.613] [INFO] [COMBAT] One-Shot Mode. Attack: false
[00:37:36.613] [DEBUG] [MOUSE] Injected delta: -42, -1
[00:37:36.658] [INFO] [COMBAT] In attack block. Distance: 2.552103042602539
[00:37:36.659] [INFO] [COMBAT] One-Shot Mode. Attack: false
[00:37:36.660] [DEBUG] [MOUSE] Injected delta: -10, 0
[00:37:36.704] [DEBUG] [PERCEPTION] Found combat target: attackable
[00:37:36.705] [INFO] [COMBAT] In attack block. Distance: 2.526214599609375
[00:37:36.706] [INFO] [COMBAT] One-Shot Mode. Attack: false
[00:37:36.760] [INFO] [COMBAT] In attack block. Distance: 2.4577085971832275
[00:37:36.760] [INFO] [COMBAT] One-Shot Mode. Attack: false
[00:37:36.761] [DEBUG] [MOUSE] Injected delta: -10, 0
[00:37:36.816] [INFO] [COMBAT] In attack block. Distance: 2.5162789821624756
[00:37:36.817] [INFO] [COMBAT] One-Shot Mode. Attack: false
[00:37:36.818] [DEBUG] [MOUSE] Injected delta: -19, 2
[00:37:36.865] [INFO] [COMBAT] In attack block. Distance: 2.565272331237793
[00:37:36.866] [INFO] [COMBAT] One-Shot Mode. Attack: false
[00:37:36.867] [DEBUG] [MOUSE] Injected delta: -8, 0
[00:37:36.902] [INFO] [COMBAT] In attack block. Distance: 2.567488193511963
[00:37:36.902] [INFO] [COMBAT] One-Shot Mode. Attack: false
[00:37:36.949] [INFO] [COMBAT] In attack block. Distance: 2.5441038608551025
[00:37:36.950] [INFO] [COMBAT] One-Shot Mode. Attack: false
[00:37:36.951] [DEBUG] [MOUSE] Injected delta: 2, 0
[00:37:37.018] [DEBUG] [PERCEPTION] Found combat target: attackable
[00:37:37.019] [INFO] [COMBAT] In attack block. Distance: 2.4098799228668213
[00:37:37.019] [INFO] [COMBAT] One-Shot Mode. Attack: false
[00:37:37.020] [DEBUG] [MOUSE] Injected delta: 7, 0
[00:37:37.067] [INFO] [COMBAT] In attack block. Distance: 2.416351556777954
[00:37:37.067] [INFO] [COMBAT] One-Shot Mode. Attack: false
[00:37:37.068] [DEBUG] [MOUSE] Injected delta: 11, 0
[00:37:37.124] [INFO] [COMBAT] In attack block. Distance: 2.487821578979492
[00:37:37.125] [INFO] [COMBAT] One-Shot Mode. Attack: false
[00:37:37.125] [DEBUG] [MOUSE] Injected delta: 17, 1
[00:37:37.152] [INFO] [COMBAT] In attack block. Distance: 2.594719886779785
[00:37:37.153] [INFO] [COMBAT] One-Shot Mode. Attack: false
[00:37:37.153] [DEBUG] [MOUSE] Injected delta: 4, 0
[00:37:37.201] [INFO] [COMBAT] In attack block. Distance: 2.468888521194458
[00:37:37.201] [INFO] [COMBAT] One-Shot Mode. Attack: false
[00:37:37.267] [INFO] [COMBAT] In attack block. Distance: 2.487075090408325
[00:37:37.268] [INFO] [COMBAT] One-Shot Mode. Attack: false
[00:37:37.268] [DEBUG] [MOUSE] Injected delta: 4, 0
[00:37:37.314] [DEBUG] [PERCEPTION] Found combat target: attackable
[00:37:37.315] [INFO] [COMBAT] In attack block. Distance: 2.5440449714660645
[00:37:37.316] [INFO] [COMBAT] One-Shot Mode. Attack: false
[00:37:37.316] [DEBUG] [MOUSE] Injected delta: -6, 2
[00:37:37.378] [INFO] [COMBAT] In attack block. Distance: 2.560845136642456
[00:37:37.379] [INFO] [COMBAT] One-Shot Mode. Attack: false
[00:37:37.379] [DEBUG] [MOUSE] Injected delta: -9, 0
[00:37:37.409] [INFO] [COMBAT] In attack block. Distance: 2.537728786468506
[00:37:37.409] [INFO] [COMBAT] One-Shot Mode. Attack: false
[00:37:37.455] [INFO] [COMBAT] In attack block. Distance: 2.4939470291137695
[00:37:37.455] [INFO] [COMBAT] One-Shot Mode. Attack: false
[00:37:37.456] [DEBUG] [MOUSE] Injected delta: -13, -2
[00:37:37.502] [INFO] [COMBAT] In attack block. Distance: 2.5051310062408447
[00:37:37.503] [INFO] [COMBAT] One-Shot Mode. Attack: false
[00:37:37.504] [DEBUG] [MOUSE] Injected delta: -40, -5
[00:37:37.552] [INFO] [COMBAT] In attack block. Distance: 2.436901330947876
[00:37:37.553] [INFO] [COMBAT] One-Shot Mode. Attack: false
[00:37:37.554] [DEBUG] [MOUSE] Injected delta: -16, -2
[00:37:37.615] [DEBUG] [PERCEPTION] Found combat target: attackable
[00:37:37.616] [INFO] [COMBAT] In attack block. Distance: 2.48905348777771
[00:37:37.617] [INFO] [COMBAT] One-Shot Mode. Attack: false
[00:37:37.664] [INFO] [COMBAT] In attack block. Distance: 2.6517560482025146
[00:37:37.665] [INFO] [COMBAT] One-Shot Mode. Attack: false
[00:37:37.667] [DEBUG] [MOUSE] Injected delta: -2, 0
[00:37:37.710] [INFO] [COMBAT] In attack block. Distance: 2.745582342147827
[00:37:37.711] [INFO] [COMBAT] One-Shot Mode. Attack: false
[00:37:37.711] [DEBUG] [MOUSE] Injected delta: -13, 0
[00:37:37.761] [INFO] [COMBAT] In attack block. Distance: 2.8030612468719482
[00:37:37.762] [INFO] [COMBAT] One-Shot Mode. Attack: false
[00:37:37.762] [DEBUG] [MOUSE] Injected delta: -28, -1
[00:37:37.805] [INFO] [COMBAT] In attack block. Distance: 2.7328927516937256
[00:37:37.806] [INFO] [COMBAT] One-Shot Mode. Attack: false
[00:37:37.806] [DEBUG] [MOUSE] Injected delta: -21, 0
[00:37:37.853] [INFO] [COMBAT] In attack block. Distance: 2.6224520206451416
[00:37:37.854] [INFO] [COMBAT] One-Shot Mode. Attack: false
[00:37:37.854] [DEBUG] [MOUSE] Injected delta: -5, 0
[00:37:37.901] [DEBUG] [PERCEPTION] Found combat target: attackable
[00:37:37.902] [INFO] [COMBAT] In attack block. Distance: 2.530609607696533
[00:37:37.902] [INFO] [COMBAT] One-Shot Mode. Attack: false
[00:37:37.968] [INFO] [COMBAT] In attack block. Distance: 2.524996042251587
[00:37:37.969] [INFO] [COMBAT] One-Shot Mode. Attack: false
[00:37:37.969] [DEBUG] [MOUSE] Injected delta: -2, 0
[00:37:38.004] [INFO] [COMBAT] In attack block. Distance: 2.5310275554656982
[00:37:38.005] [INFO] [COMBAT] One-Shot Mode. Attack: false
[00:37:38.005] [DEBUG] [MOUSE] Injected delta: -10, 1
[00:37:38.056] [INFO] [COMBAT] In attack block. Distance: 2.5442705154418945
[00:37:38.057] [INFO] [COMBAT] One-Shot Mode. Attack: false
[00:37:38.058] [DEBUG] [MOUSE] Injected delta: -19, 1
[00:37:38.099] [INFO] [COMBAT] In attack block. Distance: 2.4505622386932373
[00:37:38.100] [INFO] [COMBAT] One-Shot Mode. Attack: false
[00:37:38.101] [DEBUG] [MOUSE] Injected delta: -15, 1
[00:37:38.163] [INFO] [COMBAT] In attack block. Distance: 2.466665029525757
[00:37:38.164] [INFO] [COMBAT] One-Shot Mode. Attack: false
[00:37:38.164] [DEBUG] [MOUSE] Injected delta: -4, 0
[00:37:38.204] [DEBUG] [PERCEPTION] Found combat target: attackable
[00:37:38.204] [INFO] [COMBAT] In attack block. Distance: 2.5329999923706055
[00:37:38.205] [INFO] [COMBAT] One-Shot Mode. Attack: false
[00:37:38.261] [INFO] [COMBAT] In attack block. Distance: 2.538749933242798
[00:37:38.262] [INFO] [COMBAT] One-Shot Mode. Attack: false
[00:37:38.263] [DEBUG] [MOUSE] Injected delta: 0, 1
[00:37:38.310] [INFO] [COMBAT] In attack block. Distance: 2.5362846851348877
[00:37:38.310] [INFO] [COMBAT] One-Shot Mode. Attack: false
[00:37:38.311] [DEBUG] [MOUSE] Injected delta: -4, 0
[00:37:38.359] [INFO] [COMBAT] In attack block. Distance: 2.595985174179077
[00:37:38.360] [INFO] [COMBAT] One-Shot Mode. Attack: false
[00:37:38.360] [DEBUG] [MOUSE] Injected delta: -9, 2
[00:37:38.409] [INFO] [COMBAT] In attack block. Distance: 2.6456298828125
[00:37:38.409] [INFO] [COMBAT] One-Shot Mode. Attack: false
[00:37:38.410] [DEBUG] [MOUSE] Injected delta: -9, 1
[00:37:38.456] [INFO] [COMBAT] In attack block. Distance: 2.6900784969329834
[00:37:38.457] [INFO] [COMBAT] One-Shot Mode. Attack: false
[00:37:38.457] [DEBUG] [MOUSE] Injected delta: -2, 1
[00:37:38.505] [DEBUG] [PERCEPTION] Found combat target: attackable
[00:37:38.506] [INFO] [COMBAT] In attack block. Distance: 2.610661745071411
[00:37:38.507] [INFO] [COMBAT] One-Shot Mode. Attack: false
[00:37:38.556] [INFO] [COMBAT] In attack block. Distance: 2.529437303543091
[00:37:38.557] [INFO] [COMBAT] One-Shot Mode. Attack: false
[00:37:38.557] [DEBUG] [MOUSE] Injected delta: -1, -1
[00:37:38.605] [INFO] [COMBAT] In attack block. Distance: 2.392542839050293
[00:37:38.606] [INFO] [COMBAT] One-Shot Mode. Attack: false
[00:37:38.607] [DEBUG] [MOUSE] Injected delta: -1, -1
[00:37:38.655] [INFO] [COMBAT] In attack block. Distance: 2.3469810485839844
[00:37:38.656] [INFO] [COMBAT] One-Shot Mode. Attack: false
[00:37:38.657] [DEBUG] [MOUSE] Injected delta: 0, -2
[00:37:38.719] [INFO] [COMBAT] In attack block. Distance: 2.3061814308166504
[00:37:38.720] [INFO] [COMBAT] One-Shot Mode. Attack: false
[00:37:38.720] [DEBUG] [MOUSE] Injected delta: 1, -2
[00:37:38.757] [INFO] [COMBAT] In attack block. Distance: 2.2641003131866455
[00:37:38.757] [INFO] [COMBAT] One-Shot Mode. Attack: false
[00:37:38.807] [DEBUG] [PERCEPTION] Found combat target: attackable
[00:37:38.807] [INFO] [COMBAT] In attack block. Distance: 2.247352123260498
[00:37:38.808] [INFO] [COMBAT] One-Shot Mode. Attack: false
[00:37:38.859] [INFO] [COMBAT] In attack block. Distance: 2.252079486846924
[00:37:38.859] [INFO] [COMBAT] One-Shot Mode. Attack: false
[00:37:38.860] [DEBUG] [MOUSE] Injected delta: -20, 0
[00:37:38.903] [INFO] [COMBAT] In attack block. Distance: 2.2717819213867188
[00:37:38.904] [INFO] [COMBAT] One-Shot Mode. Attack: false
[00:37:38.904] [DEBUG] [MOUSE] Injected delta: -94, 0
[00:37:38.951] [INFO] [COMBAT] In attack block. Distance: 2.3079869747161865
[00:37:38.951] [INFO] [COMBAT] One-Shot Mode. Attack: false
[00:37:38.952] [DEBUG] [MOUSE] Injected delta: -38, -1
[00:37:39.014] [INFO] [COMBAT] In attack block. Distance: 2.3479790687561035
[00:37:39.015] [INFO] [COMBAT] One-Shot Mode. Attack: false
[00:37:39.063] [INFO] [COMBAT] In attack block. Distance: 2.418593168258667
[00:37:39.064] [INFO] [COMBAT] One-Shot Mode. Attack: false
[00:37:39.064] [DEBUG] [MOUSE] Injected delta: -22, 0
[00:37:39.110] [DEBUG] [PERCEPTION] Found combat target: attackable
[00:37:39.111] [INFO] [COMBAT] In attack block. Distance: 2.512502670288086
[00:37:39.111] [INFO] [COMBAT] One-Shot Mode. Attack: false
[00:37:39.112] [DEBUG] [MOUSE] Injected delta: -81, -1
[00:37:39.158] [INFO] [COMBAT] In attack block. Distance: 2.529736280441284
[00:37:39.159] [INFO] [COMBAT] One-Shot Mode. Attack: false
[00:37:39.159] [DEBUG] [MOUSE] Injected delta: -42, -1
[00:37:39.214] [INFO] [COMBAT] In attack block. Distance: 2.438805341720581
[00:37:39.214] [INFO] [COMBAT] One-Shot Mode. Attack: false
[00:37:39.258] [INFO] [COMBAT] In attack block. Distance: 2.419787883758545
[00:37:39.259] [INFO] [COMBAT] One-Shot Mode. Attack: false
[00:37:39.259] [DEBUG] [MOUSE] Injected delta: -15, -1
[00:37:39.303] [INFO] [COMBAT] In attack block. Distance: 2.4658706188201904
[00:37:39.304] [INFO] [COMBAT] One-Shot Mode. Attack: false
[00:37:39.305] [DEBUG] [MOUSE] Injected delta: -29, 0
[00:37:39.364] [INFO] [COMBAT] In attack block. Distance: 2.5406150817871094
[00:37:39.365] [INFO] [COMBAT] One-Shot Mode. Attack: false
[00:37:39.365] [DEBUG] [MOUSE] Injected delta: -13, 0
[00:37:39.410] [DEBUG] [PERCEPTION] Found combat target: attackable
[00:37:39.411] [INFO] [COMBAT] In attack block. Distance: 2.5456812381744385
[00:37:39.411] [INFO] [COMBAT] One-Shot Mode. Attack: false
[00:37:39.455] [INFO] [COMBAT] In attack block. Distance: 2.5104055404663086
[00:37:39.455] [INFO] [COMBAT] One-Shot Mode. Attack: false
[00:37:39.456] [DEBUG] [MOUSE] Injected delta: -3, 0
[00:37:39.514] [INFO] [COMBAT] In attack block. Distance: 2.481112241744995
[00:37:39.515] [INFO] [COMBAT] One-Shot Mode. Attack: false
[00:37:39.515] [DEBUG] [MOUSE] Injected delta: -18, 0
[00:37:39.560] [INFO] [COMBAT] In attack block. Distance: 2.60996150970459
[00:37:39.560] [INFO] [COMBAT] One-Shot Mode. Attack: false
[00:37:39.561] [DEBUG] [MOUSE] Injected delta: -26, 1
[00:37:39.603] [INFO] [COMBAT] In attack block. Distance: 2.6594278812408447
[00:37:39.604] [INFO] [COMBAT] One-Shot Mode. Attack: false
[00:37:39.604] [DEBUG] [MOUSE] Injected delta: -12, 1
[00:37:39.665] [INFO] [COMBAT] In attack block. Distance: 2.6388473510742188
[00:37:39.666] [INFO] [COMBAT] One-Shot Mode. Attack: false
[00:37:39.667] [DEBUG] [MOUSE] Injected delta: -2, 0
[00:37:39.709] [DEBUG] [PERCEPTION] Found combat target: attackable
[00:37:39.709] [INFO] [COMBAT] In attack block. Distance: 2.594823122024536
[00:37:39.710] [INFO] [COMBAT] One-Shot Mode. Attack: false
[00:37:39.753] [INFO] [COMBAT] In attack block. Distance: 2.5382442474365234
[00:37:39.753] [INFO] [COMBAT] One-Shot Mode. Attack: false
[00:37:39.754] [DEBUG] [MOUSE] Injected delta: 4, 0
[00:37:39.812] [INFO] [COMBAT] In attack block. Distance: 2.3351478576660156
[00:37:39.813] [INFO] [COMBAT] One-Shot Mode. Attack: false
[00:37:39.814] [DEBUG] [MOUSE] Injected delta: 17, 1
[00:37:39.857] [INFO] [COMBAT] In attack block. Distance: 2.254014730453491
[00:37:39.858] [INFO] [COMBAT] One-Shot Mode. Attack: false
[00:37:39.859] [DEBUG] [MOUSE] Injected delta: 26, 0
[00:37:39.901] [INFO] [COMBAT] In attack block. Distance: 2.2193117141723633
[00:37:39.901] [INFO] [COMBAT] One-Shot Mode. Attack: false
[00:37:39.902] [DEBUG] [MOUSE] Injected delta: 22, 1
[00:37:39.961] [INFO] [COMBAT] In attack block. Distance: 2.2205941677093506
[00:37:39.961] [INFO] [COMBAT] One-Shot Mode. Attack: false
[00:37:39.962] [DEBUG] [MOUSE] Injected delta: 5, 1
[00:37:40.006] [DEBUG] [PERCEPTION] Found combat target: attackable
[00:37:40.006] [INFO] [COMBAT] In attack block. Distance: 2.291315793991089
[00:37:40.007] [INFO] [COMBAT] One-Shot Mode. Attack: false
[00:37:40.051] [INFO] [COMBAT] In attack block. Distance: 2.3744397163391113
[00:37:40.052] [INFO] [COMBAT] One-Shot Mode. Attack: false
[00:37:40.052] [DEBUG] [MOUSE] Injected delta: -5, 0
[00:37:40.126] [INFO] [COMBAT] In attack block. Distance: 2.5001208782196045
[00:37:40.126] [INFO] [COMBAT] One-Shot Mode. Attack: false
[00:37:40.127] [DEBUG] [MOUSE] Injected delta: -37, 1
[00:37:40.152] [INFO] [COMBAT] In attack block. Distance: 2.5338950157165527
[00:37:40.153] [INFO] [COMBAT] One-Shot Mode. Attack: false
[00:37:40.153] [DEBUG] [MOUSE] Injected delta: -15, 1
[00:37:40.211] [INFO] [COMBAT] In attack block. Distance: 2.5342252254486084
[00:37:40.212] [INFO] [COMBAT] One-Shot Mode. Attack: false
[00:37:40.255] [INFO] [COMBAT] In attack block. Distance: 2.509425640106201
[00:37:40.256] [INFO] [COMBAT] One-Shot Mode. Attack: false
[00:37:40.256] [DEBUG] [MOUSE] Injected delta: -3, 0
[00:37:40.316] [DEBUG] [PERCEPTION] Found combat target: attackable
[00:37:40.317] [INFO] [COMBAT] In attack block. Distance: 2.4746716022491455
[00:37:40.317] [INFO] [COMBAT] One-Shot Mode. Attack: false
[00:37:40.317] [DEBUG] [MOUSE] Injected delta: -18, 1
[00:37:40.359] [INFO] [COMBAT] In attack block. Distance: 2.588745594024658
[00:37:40.360] [INFO] [COMBAT] One-Shot Mode. Attack: false
[00:37:40.360] [DEBUG] [MOUSE] Injected delta: -30, 1
[00:37:40.406] [INFO] [COMBAT] In attack block. Distance: 2.7578043937683105
[00:37:40.407] [INFO] [COMBAT] One-Shot Mode. Attack: false
[00:37:40.407] [DEBUG] [MOUSE] Injected delta: -26, 0
[00:37:40.452] [INFO] [COMBAT] In attack block. Distance: 2.7312636375427246
[00:37:40.452] [INFO] [COMBAT] One-Shot Mode. Attack: false
[00:37:40.453] [DEBUG] [MOUSE] Injected delta: -7, 1
[00:37:40.514] [INFO] [COMBAT] In attack block. Distance: 2.658174514770508
[00:37:40.515] [INFO] [COMBAT] One-Shot Mode. Attack: false
[00:37:40.559] [INFO] [COMBAT] In attack block. Distance: 2.5855157375335693
[00:37:40.560] [INFO] [COMBAT] One-Shot Mode. Attack: false
[00:37:40.560] [DEBUG] [MOUSE] Injected delta: -2, 0
[00:37:40.603] [DEBUG] [PERCEPTION] Found combat target: attackable
[00:37:40.604] [INFO] [COMBAT] In attack block. Distance: 2.502246618270874
[00:37:40.606] [INFO] [COMBAT] One-Shot Mode. Attack: false
[00:37:40.606] [DEBUG] [MOUSE] Injected delta: -8, 1
[00:37:40.662] [INFO] [COMBAT] In attack block. Distance: 2.4027862548828125
[00:37:40.662] [INFO] [COMBAT] One-Shot Mode. Attack: false
[00:37:40.663] [DEBUG] [MOUSE] Injected delta: -16, 2
[00:37:40.705] [INFO] [COMBAT] In attack block. Distance: 2.398747205734253
[00:37:40.705] [INFO] [COMBAT] One-Shot Mode. Attack: false
[00:37:40.706] [DEBUG] [MOUSE] Injected delta: -13, 1
[00:37:40.760] [INFO] [COMBAT] In attack block. Distance: 2.4471347332000732
[00:37:40.760] [INFO] [COMBAT] One-Shot Mode. Attack: false
[00:37:40.761] [DEBUG] [MOUSE] Injected delta: -3, 1
[00:37:40.802] [INFO] [COMBAT] In attack block. Distance: 2.519904136657715
[00:37:40.803] [INFO] [COMBAT] One-Shot Mode. Attack: false
[00:37:40.858] [INFO] [COMBAT] In attack block. Distance: 2.5106334686279297
[00:37:40.859] [INFO] [COMBAT] One-Shot Mode. Attack: false
[00:37:40.859] [DEBUG] [MOUSE] Injected delta: -2, 0
[00:37:40.900] [DEBUG] [PERCEPTION] Found combat target: attackable
[00:37:40.901] [INFO] [COMBAT] In attack block. Distance: 2.5035595893859863
[00:37:40.901] [INFO] [COMBAT] One-Shot Mode. Attack: false
[00:37:40.902] [DEBUG] [MOUSE] Injected delta: -7, -1
[00:37:40.958] [INFO] [COMBAT] In attack block. Distance: 2.472822666168213
[00:37:40.959] [INFO] [COMBAT] One-Shot Mode. Attack: false
[00:37:40.959] [DEBUG] [MOUSE] Injected delta: -12, 0
[00:37:41.013] [INFO] [COMBAT] In attack block. Distance: 2.546834707260132
[00:37:41.014] [INFO] [COMBAT] One-Shot Mode. Attack: false
[00:37:41.014] [DEBUG] [MOUSE] Injected delta: -12, 0
[00:37:41.056] [INFO] [COMBAT] In attack block. Distance: 2.5405538082122803
[00:37:41.057] [INFO] [COMBAT] One-Shot Mode. Attack: false
[00:37:41.057] [DEBUG] [MOUSE] Injected delta: -3, -1
[00:37:41.113] [INFO] [COMBAT] In attack block. Distance: 2.498108386993408
[00:37:41.114] [INFO] [COMBAT] One-Shot Mode. Attack: false
[00:37:41.157] [INFO] [COMBAT] In attack block. Distance: 2.5595295429229736
[00:37:41.157] [INFO] [COMBAT] One-Shot Mode. Attack: false
[00:37:41.158] [DEBUG] [MOUSE] Injected delta: -2, 1
[00:37:41.216] [DEBUG] [PERCEPTION] Found combat target: attackable
[00:37:41.217] [INFO] [COMBAT] In attack block. Distance: 2.582764148712158
[00:37:41.217] [INFO] [COMBAT] One-Shot Mode. Attack: false
[00:37:41.218] [DEBUG] [MOUSE] Injected delta: -8, -1
[00:37:41.255] [INFO] [COMBAT] In attack block. Distance: 2.5838232040405273
[00:37:41.256] [INFO] [COMBAT] One-Shot Mode. Attack: false
[00:37:41.256] [DEBUG] [MOUSE] Injected delta: -12, 0
[00:37:41.310] [INFO] [COMBAT] In attack block. Distance: 2.5739657878875732
[00:37:41.312] [INFO] [COMBAT] One-Shot Mode. Attack: false
[00:37:41.312] [DEBUG] [MOUSE] Injected delta: -10, -1
[00:37:41.352] [INFO] [COMBAT] In attack block. Distance: 2.557736396789551
[00:37:41.353] [INFO] [COMBAT] One-Shot Mode. Attack: false
[00:37:41.353] [DEBUG] [MOUSE] Injected delta: -3, 0
[00:37:41.406] [INFO] [COMBAT] In attack block. Distance: 2.4450089931488037
[00:37:41.407] [INFO] [COMBAT] One-Shot Mode. Attack: false
[00:37:41.461] [INFO] [COMBAT] In attack block. Distance: 2.4008371829986572
[00:37:41.462] [INFO] [COMBAT] One-Shot Mode. Attack: false
[00:37:41.462] [DEBUG] [MOUSE] Injected delta: -3, 0
[00:37:41.502] [DEBUG] [PERCEPTION] Found combat target: attackable
[00:37:41.503] [INFO] [COMBAT] In attack block. Distance: 2.4170384407043457
[00:37:41.503] [INFO] [COMBAT] One-Shot Mode. Attack: false
[00:37:41.504] [DEBUG] [MOUSE] Injected delta: -8, 0
[00:37:41.556] [INFO] [COMBAT] In attack block. Distance: 2.4664723873138428
[00:37:41.557] [INFO] [COMBAT] One-Shot Mode. Attack: false
[00:37:41.557] [DEBUG] [MOUSE] Injected delta: -8, 0
[00:37:41.612] [INFO] [COMBAT] In attack block. Distance: 2.4574451446533203
[00:37:41.613] [INFO] [COMBAT] One-Shot Mode. Attack: false
[00:37:41.652] [INFO] [COMBAT] In attack block. Distance: 2.4621574878692627
[00:37:41.653] [INFO] [COMBAT] One-Shot Mode. Attack: false
[00:37:41.654] [DEBUG] [MOUSE] Injected delta: -9, 1
[00:37:41.707] [INFO] [COMBAT] In attack block. Distance: 2.4888198375701904
[00:37:41.708] [INFO] [COMBAT] One-Shot Mode. Attack: false
[00:37:41.708] [DEBUG] [MOUSE] Injected delta: -67, 2
[00:37:41.764] [INFO] [COMBAT] In attack block. Distance: 2.5395021438598633
[00:37:41.764] [INFO] [COMBAT] One-Shot Mode. Attack: false
[00:37:41.765] [DEBUG] [MOUSE] Injected delta: -30, 0
[00:37:41.805] [DEBUG] [PERCEPTION] Found combat target: attackable
[00:37:41.806] [INFO] [COMBAT] In attack block. Distance: 2.5146052837371826
[00:37:41.806] [INFO] [COMBAT] One-Shot Mode. Attack: false
[00:37:41.861] [INFO] [COMBAT] In attack block. Distance: 2.4549365043640137
[00:37:41.862] [INFO] [COMBAT] One-Shot Mode. Attack: false
[00:37:41.862] [DEBUG] [MOUSE] Injected delta: -35, -1
[00:37:41.904] [INFO] [COMBAT] In attack block. Distance: 2.420510768890381
[00:37:41.904] [INFO] [COMBAT] One-Shot Mode. Attack: false
[00:37:41.904] [DEBUG] [MOUSE] Injected delta: -106, -3
[00:37:41.963] [INFO] [COMBAT] In attack block. Distance: 2.4659621715545654
[00:37:41.964] [INFO] [COMBAT] One-Shot Mode. Attack: false
[00:37:41.964] [DEBUG] [MOUSE] Injected delta: -43, -1
[00:37:42.009] [INFO] [COMBAT] In attack block. Distance: 2.5474226474761963
[00:37:42.009] [INFO] [COMBAT] One-Shot Mode. Attack: false
[00:37:42.053] [INFO] [COMBAT] In attack block. Distance: 2.5559260845184326
[00:37:42.054] [INFO] [COMBAT] One-Shot Mode. Attack: false
[00:37:42.054] [DEBUG] [MOUSE] Injected delta: -4, 0
[00:37:42.113] [DEBUG] [PERCEPTION] Found combat target: attackable
[00:37:42.113] [INFO] [COMBAT] In attack block. Distance: 2.472693920135498
[00:37:42.114] [INFO] [COMBAT] One-Shot Mode. Attack: false
[00:37:42.114] [DEBUG] [MOUSE] Injected delta: -21, -1
[00:37:42.157] [INFO] [COMBAT] In attack block. Distance: 2.4651339054107666
[00:37:42.158] [INFO] [COMBAT] One-Shot Mode. Attack: false
[00:37:42.158] [DEBUG] [MOUSE] Injected delta: -33, -1
[00:37:42.215] [INFO] [COMBAT] In attack block. Distance: 2.528829336166382
[00:37:42.215] [INFO] [COMBAT] One-Shot Mode. Attack: false
[00:37:42.216] [DEBUG] [MOUSE] Injected delta: -20, -1
[00:37:42.259] [INFO] [COMBAT] In attack block. Distance: 2.494131088256836
[00:37:42.259] [INFO] [COMBAT] One-Shot Mode. Attack: false
[00:37:42.260] [DEBUG] [MOUSE] Injected delta: -6, -1
[00:37:42.312] [INFO] [COMBAT] In attack block. Distance: 2.5519351959228516
[00:37:42.313] [INFO] [COMBAT] One-Shot Mode. Attack: false
[00:37:42.352] [INFO] [COMBAT] In attack block. Distance: 2.5541677474975586
[00:37:42.352] [INFO] [COMBAT] One-Shot Mode. Attack: false
[00:37:42.353] [DEBUG] [MOUSE] Injected delta: -2, 0
[00:37:42.405] [DEBUG] [PERCEPTION] Found combat target: frogsmasha
[00:37:42.406] [INFO] [COMBAT] In attack block. Distance: 2.5494089126586914
[00:37:42.407] [INFO] [COMBAT] One-Shot Mode. Attack: false
[00:37:42.407] [DEBUG] [MOUSE] Injected delta: -12, 0
[00:37:42.458] [INFO] [COMBAT] In attack block. Distance: 2.527515411376953
[00:37:42.459] [INFO] [COMBAT] One-Shot Mode. Attack: false
[00:37:42.459] [DEBUG] [MOUSE] Injected delta: -19, 0
[00:37:42.510] [INFO] [COMBAT] In attack block. Distance: 2.5079357624053955
[00:37:42.510] [INFO] [COMBAT] One-Shot Mode. Attack: false
[00:37:42.511] [DEBUG] [MOUSE] Injected delta: -5, 0
[00:37:42.551] [INFO] [COMBAT] In attack block. Distance: 2.4835011959075928
[00:37:42.551] [INFO] [COMBAT] One-Shot Mode. Attack: false
[00:37:42.552] [DEBUG] [MOUSE] Injected delta: 0, 1
[00:37:42.606] [INFO] [COMBAT] In attack block. Distance: 2.558350086212158
[00:37:42.606] [INFO] [COMBAT] One-Shot Mode. Attack: false
[00:37:42.659] [INFO] [COMBAT] In attack block. Distance: 2.588118553161621
[00:37:42.660] [INFO] [COMBAT] One-Shot Mode. Attack: false
[00:37:42.661] [DEBUG] [MOUSE] Injected delta: 2, -1
[00:37:42.711] [DEBUG] [PERCEPTION] Found combat target: attackable
[00:37:42.712] [INFO] [COMBAT] In attack block. Distance: 2.467683792114258
[00:37:42.712] [INFO] [COMBAT] One-Shot Mode. Attack: false
[00:37:42.713] [DEBUG] [MOUSE] Injected delta: 18, 0
[00:37:42.750] [INFO] [COMBAT] In attack block. Distance: 2.430696487426758
[00:37:42.751] [INFO] [COMBAT] One-Shot Mode. Attack: false
[00:37:42.752] [DEBUG] [MOUSE] Injected delta: 25, -1
[00:37:42.803] [INFO] [COMBAT] In attack block. Distance: 2.4597768783569336
[00:37:42.804] [INFO] [COMBAT] One-Shot Mode. Attack: false
[00:37:42.805] [DEBUG] [MOUSE] Injected delta: 16, -1
[00:37:42.857] [INFO] [COMBAT] In attack block. Distance: 2.5140981674194336
[00:37:42.858] [INFO] [COMBAT] One-Shot Mode. Attack: false
[00:37:42.858] [DEBUG] [MOUSE] Injected delta: 3, 0
[00:37:42.910] [INFO] [COMBAT] In attack block. Distance: 2.5250771045684814
[00:37:42.910] [INFO] [COMBAT] One-Shot Mode. Attack: false
[00:37:42.951] [INFO] [COMBAT] In attack block. Distance: 2.492192029953003
[00:37:42.951] [INFO] [COMBAT] One-Shot Mode. Attack: false
[00:37:42.952] [DEBUG] [MOUSE] Injected delta: -11, 0
[00:37:43.004] [DEBUG] [PERCEPTION] Found combat target: attackable
[00:37:43.005] [INFO] [COMBAT] In attack block. Distance: 2.558499336242676
[00:37:43.005] [INFO] [COMBAT] One-Shot Mode. Attack: false
[00:37:43.005] [DEBUG] [MOUSE] Injected delta: -46, -1
[00:37:43.058] [INFO] [COMBAT] In attack block. Distance: 2.5396456718444824
[00:37:43.059] [INFO] [COMBAT] One-Shot Mode. Attack: false
[00:37:43.059] [DEBUG] [MOUSE] Injected delta: -19, 0
[00:37:43.107] [INFO] [COMBAT] In attack block. Distance: 2.482041597366333
[00:37:43.108] [INFO] [COMBAT] One-Shot Mode. Attack: false
[00:37:43.155] [INFO] [COMBAT] In attack block. Distance: 2.528262138366699
[00:37:43.155] [INFO] [COMBAT] One-Shot Mode. Attack: false
[00:37:43.156] [DEBUG] [MOUSE] Injected delta: -3, 0
[00:37:43.212] [INFO] [COMBAT] In attack block. Distance: 2.534829616546631
[00:37:43.212] [INFO] [COMBAT] One-Shot Mode. Attack: false
[00:37:43.213] [DEBUG] [MOUSE] Injected delta: -16, 0
[00:37:43.266] [INFO] [COMBAT] In attack block. Distance: 2.5788469314575195
[00:37:43.267] [INFO] [COMBAT] One-Shot Mode. Attack: false
[00:37:43.267] [DEBUG] [MOUSE] Injected delta: -27, 0
[00:37:43.309] [DEBUG] [PERCEPTION] Found combat target: attackable
[00:37:43.310] [INFO] [COMBAT] In attack block. Distance: 2.6148622035980225
[00:37:43.310] [INFO] [COMBAT] One-Shot Mode. Attack: false
[00:37:43.311] [DEBUG] [MOUSE] Injected delta: -23, 0
[00:37:43.364] [INFO] [COMBAT] In attack block. Distance: 2.5780203342437744
[00:37:43.365] [INFO] [COMBAT] One-Shot Mode. Attack: false
[00:37:43.365] [DEBUG] [MOUSE] Injected delta: -7, 0
[00:37:43.405] [INFO] [COMBAT] In attack block. Distance: 2.523621082305908
[00:37:43.406] [INFO] [COMBAT] One-Shot Mode. Attack: false
[00:37:43.458] [INFO] [COMBAT] In attack block. Distance: 2.4604122638702393
[00:37:43.458] [INFO] [COMBAT] One-Shot Mode. Attack: false
[00:37:43.459] [DEBUG] [MOUSE] Injected delta: -11, -1
[00:37:43.508] [INFO] [COMBAT] In attack block. Distance: 2.438021183013916
[00:37:43.510] [INFO] [COMBAT] One-Shot Mode. Attack: false
[00:37:43.511] [DEBUG] [MOUSE] Injected delta: -34, 0
[00:37:43.553] [INFO] [COMBAT] In attack block. Distance: 2.4825878143310547
[00:37:43.553] [INFO] [COMBAT] One-Shot Mode. Attack: false
[00:37:43.554] [DEBUG] [MOUSE] Injected delta: -13, 0
[00:37:43.616] [DEBUG] [PERCEPTION] Found combat target: attackable
[00:37:43.617] [INFO] [COMBAT] In attack block. Distance: 2.6056294441223145
[00:37:43.617] [INFO] [COMBAT] One-Shot Mode. Attack: false
[00:37:43.664] [INFO] [COMBAT] In attack block. Distance: 2.6919198036193848
[00:37:43.665] [INFO] [COMBAT] One-Shot Mode. Attack: false
[00:37:43.711] [INFO] [COMBAT] In attack block. Distance: 2.7204604148864746
[00:37:43.711] [INFO] [COMBAT] One-Shot Mode. Attack: false
[00:37:43.712] [DEBUG] [MOUSE] Injected delta: -5, -1
[00:37:43.758] [INFO] [COMBAT] In attack block. Distance: 2.7177584171295166
[00:37:43.758] [INFO] [COMBAT] One-Shot Mode. Attack: false
[00:37:43.759] [DEBUG] [MOUSE] Injected delta: -10, -2
[00:37:43.806] [INFO] [COMBAT] In attack block. Distance: 2.5855324268341064
[00:37:43.807] [INFO] [COMBAT] One-Shot Mode. Attack: false
[00:37:43.808] [DEBUG] [MOUSE] Injected delta: -8, -1
[00:37:43.858] [INFO] [COMBAT] In attack block. Distance: 2.47337007522583
[00:37:43.859] [INFO] [COMBAT] One-Shot Mode. Attack: false
[00:37:43.859] [DEBUG] [MOUSE] Injected delta: -2, 0
[00:37:43.905] [DEBUG] [PERCEPTION] Found combat target: attackable
[00:37:43.907] [INFO] [COMBAT] In attack block. Distance: 2.5124247074127197
[00:37:43.907] [INFO] [COMBAT] One-Shot Mode. Attack: false
[00:37:43.953] [INFO] [COMBAT] In attack block. Distance: 2.513260841369629
[00:37:43.954] [INFO] [COMBAT] One-Shot Mode. Attack: false
[00:37:44.005] [INFO] [COMBAT] In attack block. Distance: 2.516056537628174
[00:37:44.006] [INFO] [COMBAT] One-Shot Mode. Attack: false
[00:37:44.006] [DEBUG] [MOUSE] Injected delta: -3, -1
[00:37:44.052] [INFO] [COMBAT] In attack block. Distance: 2.5039851665496826
[00:37:44.053] [INFO] [COMBAT] One-Shot Mode. Attack: false
[00:37:44.053] [DEBUG] [MOUSE] Injected delta: -4, -2
[00:37:44.116] [INFO] [COMBAT] In attack block. Distance: 2.3964192867279053
[00:37:44.117] [INFO] [COMBAT] One-Shot Mode. Attack: false
[00:37:44.117] [DEBUG] [MOUSE] Injected delta: -2, -2
[00:37:44.162] [INFO] [COMBAT] In attack block. Distance: 2.3684003353118896
[00:37:44.162] [INFO] [COMBAT] One-Shot Mode. Attack: false
[00:37:44.211] [DEBUG] [PERCEPTION] Found combat target: attackable
[00:37:44.212] [INFO] [COMBAT] In attack block. Distance: 2.325284004211426
[00:37:44.212] [INFO] [COMBAT] One-Shot Mode. Attack: false
[00:37:44.254] [INFO] [COMBAT] In attack block. Distance: 2.320120096206665
[00:37:44.255] [INFO] [COMBAT] One-Shot Mode. Attack: false
[00:37:44.255] [DEBUG] [MOUSE] Injected delta: 0, -1
[00:37:44.311] [INFO] [COMBAT] In attack block. Distance: 2.3070919513702393
[00:37:44.311] [INFO] [COMBAT] One-Shot Mode. Attack: false
[00:37:44.312] [DEBUG] [MOUSE] Injected delta: -15, 1
[00:37:44.367] [INFO] [COMBAT] In attack block. Distance: 2.3115196228027344
[00:37:44.368] [INFO] [COMBAT] One-Shot Mode. Attack: false
[00:37:44.368] [DEBUG] [MOUSE] Injected delta: -11, 0
[00:37:44.415] [INFO] [COMBAT] In attack block. Distance: 2.338078022003174
[00:37:44.415] [INFO] [COMBAT] One-Shot Mode. Attack: false
[00:37:44.458] [INFO] [COMBAT] In attack block. Distance: 2.3835482597351074
[00:37:44.459] [INFO] [COMBAT] One-Shot Mode. Attack: false
[00:37:44.459] [DEBUG] [MOUSE] Injected delta: -41, 0
[00:37:44.504] [DEBUG] [PERCEPTION] Found combat target: attackable
[00:37:44.505] [INFO] [COMBAT] In attack block. Distance: 2.409658193588257
[00:37:44.505] [INFO] [COMBAT] One-Shot Mode. Attack: false
[00:37:44.505] [DEBUG] [MOUSE] Injected delta: -120, 2
[00:37:44.555] [INFO] [COMBAT] In attack block. Distance: 2.4420628547668457
[00:37:44.556] [INFO] [COMBAT] One-Shot Mode. Attack: false
[00:37:44.557] [DEBUG] [MOUSE] Injected delta: -46, 1
[00:37:44.619] [INFO] [COMBAT] In attack block. Distance: 2.4900131225585938
[00:37:44.619] [INFO] [COMBAT] One-Shot Mode. Attack: false
[00:37:44.663] [INFO] [COMBAT] In attack block. Distance: 2.5724539756774902
[00:37:44.663] [INFO] [COMBAT] One-Shot Mode. Attack: false
[00:37:44.665] [DEBUG] [MOUSE] Injected delta: -1, 0
[00:37:44.711] [INFO] [COMBAT] In attack block. Distance: 2.576727867126465
[00:37:44.712] [INFO] [COMBAT] One-Shot Mode. Attack: false
[00:37:44.712] [DEBUG] [MOUSE] Injected delta: -20, 1
[00:37:44.758] [INFO] [COMBAT] In attack block. Distance: 2.544635534286499
[00:37:44.758] [INFO] [COMBAT] One-Shot Mode. Attack: false
[00:37:44.759] [DEBUG] [MOUSE] Injected delta: -48, 0
[00:37:44.809] [DEBUG] [PERCEPTION] Found combat target: attackable
[00:37:44.810] [INFO] [COMBAT] In attack block. Distance: 2.4324772357940674
[00:37:44.811] [INFO] [COMBAT] One-Shot Mode. Attack: false
[00:37:44.811] [DEBUG] [MOUSE] Injected delta: -37, 0
[00:37:44.858] [INFO] [COMBAT] In attack block. Distance: 2.406087636947632
[00:37:44.859] [INFO] [COMBAT] One-Shot Mode. Attack: false
[00:37:44.859] [DEBUG] [MOUSE] Injected delta: -9, 0
[00:37:44.907] [INFO] [COMBAT] In attack block. Distance: 2.4550235271453857
[00:37:44.907] [INFO] [COMBAT] One-Shot Mode. Attack: false
[00:37:44.955] [INFO] [COMBAT] In attack block. Distance: 2.5359859466552734
[00:37:44.955] [INFO] [COMBAT] One-Shot Mode. Attack: false
[00:37:44.956] [DEBUG] [MOUSE] Injected delta: -2, 0
[00:37:45.003] [INFO] [COMBAT] In attack block. Distance: 2.5580146312713623
[00:37:45.004] [INFO] [COMBAT] One-Shot Mode. Attack: false
[00:37:45.004] [DEBUG] [MOUSE] Injected delta: -15, 1
[00:37:45.054] [INFO] [COMBAT] In attack block. Distance: 2.5388267040252686
[00:37:45.055] [INFO] [COMBAT] One-Shot Mode. Attack: false
[00:37:45.056] [DEBUG] [MOUSE] Injected delta: -27, -1
[00:37:45.102] [DEBUG] [PERCEPTION] Found combat target: attackable
[00:37:45.103] [INFO] [COMBAT] In attack block. Distance: 2.5233497619628906
[00:37:45.103] [INFO] [COMBAT] One-Shot Mode. Attack: false
[00:37:45.104] [DEBUG] [MOUSE] Injected delta: -18, 0
[00:37:45.152] [INFO] [COMBAT] In attack block. Distance: 2.495495557785034
[00:37:45.153] [INFO] [COMBAT] One-Shot Mode. Attack: false
[00:37:45.153] [DEBUG] [MOUSE] Injected delta: -4, 0
[00:37:45.200] [INFO] [COMBAT] In attack block. Distance: 2.558100461959839
[00:37:45.201] [INFO] [COMBAT] One-Shot Mode. Attack: false
[00:37:45.267] [INFO] [COMBAT] In attack block. Distance: 2.5284981727600098
[00:37:45.267] [INFO] [COMBAT] One-Shot Mode. Attack: false
[00:37:45.268] [DEBUG] [MOUSE] Injected delta: 1, 0
[00:37:45.300] [INFO] [COMBAT] In attack block. Distance: 2.4730286598205566
[00:37:45.301] [INFO] [COMBAT] One-Shot Mode. Attack: false
[00:37:45.301] [DEBUG] [MOUSE] Injected delta: 7, 0
[00:37:45.364] [INFO] [COMBAT] In attack block. Distance: 2.543755292892456
[00:37:45.365] [INFO] [COMBAT] One-Shot Mode. Attack: false
[00:37:45.365] [DEBUG] [MOUSE] Injected delta: 22, 1
[00:37:45.411] [DEBUG] [PERCEPTION] Found combat target: attackable
[00:37:45.411] [INFO] [COMBAT] In attack block. Distance: 2.533008337020874
[00:37:45.412] [INFO] [COMBAT] One-Shot Mode. Attack: false
[00:37:45.412] [DEBUG] [MOUSE] Injected delta: 17, 1
[00:37:45.461] [INFO] [COMBAT] In attack block. Distance: 2.352069854736328
[00:37:45.462] [INFO] [COMBAT] One-Shot Mode. Attack: false
[00:37:45.462] [DEBUG] [MOUSE] Injected delta: 4, 0
[00:37:45.509] [INFO] [COMBAT] In attack block. Distance: 2.2749381065368652
[00:37:45.509] [INFO] [COMBAT] One-Shot Mode. Attack: false
[00:37:45.556] [INFO] [COMBAT] In attack block. Distance: 2.2554094791412354
[00:37:45.557] [INFO] [COMBAT] One-Shot Mode. Attack: false
[00:37:45.557] [DEBUG] [MOUSE] Injected delta: -11, 1
[00:37:45.606] [INFO] [COMBAT] In attack block. Distance: 2.161635637283325
[00:37:45.607] [INFO] [COMBAT] One-Shot Mode. Attack: false
[00:37:45.607] [DEBUG] [MOUSE] Injected delta: -42, 3
[00:37:45.656] [INFO] [COMBAT] In attack block. Distance: 2.0887434482574463
[00:37:45.656] [INFO] [COMBAT] One-Shot Mode. Attack: false
[00:37:45.657] [DEBUG] [MOUSE] Injected delta: -19, 2
[00:37:45.704] [DEBUG] [PERCEPTION] Found combat target: attackable
[00:37:45.705] [INFO] [COMBAT] In attack block. Distance: 1.9971704483032227
[00:37:45.706] [INFO] [COMBAT] One-Shot Mode. Attack: false
[00:37:45.753] [INFO] [COMBAT] In attack block. Distance: 1.9205044507980347
[00:37:45.753] [INFO] [COMBAT] One-Shot Mode. Attack: false
[00:37:45.754] [DEBUG] [MOUSE] Injected delta: -28, 3
[00:37:45.800] [INFO] [COMBAT] In attack block. Distance: 1.8435207605361938
[00:37:45.801] [INFO] [COMBAT] One-Shot Mode. Attack: false
[00:37:45.801] [DEBUG] [MOUSE] Injected delta: -131, 11
[00:37:45.867] [INFO] [COMBAT] In attack block. Distance: 1.7630772590637207
[00:37:45.868] [INFO] [COMBAT] One-Shot Mode. Attack: false
[00:37:45.868] [DEBUG] [MOUSE] Injected delta: -59, 3
[00:37:45.919] [INFO] [COMBAT] In attack block. Distance: 1.7154045104980469
[00:37:45.919] [INFO] [COMBAT] One-Shot Mode. Attack: false
[00:37:45.963] [INFO] [COMBAT] In attack block. Distance: 1.702394962310791
[00:37:45.964] [INFO] [COMBAT] One-Shot Mode. Attack: false
[00:37:45.964] [DEBUG] [MOUSE] Injected delta: -47, -2
[00:37:46.010] [DEBUG] [PERCEPTION] Found combat target: attackable
[00:37:46.011] [INFO] [COMBAT] In attack block. Distance: 1.7157920598983765
[00:37:46.012] [INFO] [COMBAT] One-Shot Mode. Attack: false
[00:37:46.012] [DEBUG] [MOUSE] Injected delta: -147, -6
[00:37:46.064] [INFO] [COMBAT] In attack block. Distance: 1.754990816116333
[00:37:46.065] [INFO] [COMBAT] One-Shot Mode. Attack: false
[00:37:46.065] [DEBUG] [MOUSE] Injected delta: -55, -2
[00:37:46.161] [INFO] [COMBAT] In attack block. Distance: 1.8529318571090698
[00:37:46.161] [INFO] [COMBAT] One-Shot Mode. Attack: false
[00:37:46.164] [INFO] [COMBAT] In attack block. Distance: 1.9785387516021729
[00:37:46.164] [INFO] [COMBAT] One-Shot Mode. Attack: false
[00:37:46.164] [DEBUG] [MOUSE] Injected delta: -13, -1
[00:37:46.205] [INFO] [COMBAT] In attack block. Distance: 2.126915454864502
[00:37:46.206] [INFO] [COMBAT] One-Shot Mode. Attack: false
[00:37:46.206] [DEBUG] [MOUSE] Injected delta: -49, -4
[00:37:46.254] [INFO] [COMBAT] In attack block. Distance: 2.126915454864502
[00:37:46.255] [INFO] [COMBAT] One-Shot Mode. Attack: false
[00:37:46.255] [DEBUG] [MOUSE] Injected delta: -18, -2
[00:37:46.302] [DEBUG] [PERCEPTION] Found combat target: attackable
[00:37:46.303] [INFO] [COMBAT] In attack block. Distance: 2.2413485050201416
[00:37:46.303] [INFO] [COMBAT] One-Shot Mode. Attack: false
[00:37:46.352] [INFO] [COMBAT] In attack block. Distance: 2.3566787242889404
[00:37:46.353] [INFO] [COMBAT] One-Shot Mode. Attack: false
[00:37:46.353] [DEBUG] [MOUSE] Injected delta: 22, 1
[00:37:46.414] [INFO] [COMBAT] In attack block. Distance: 2.520232915878296
[00:37:46.414] [INFO] [COMBAT] One-Shot Mode. Attack: false
[00:37:46.414] [DEBUG] [MOUSE] Injected delta: 43, 1
[00:37:46.465] [INFO] [COMBAT] In attack block. Distance: 2.659813404083252
[00:37:46.465] [INFO] [COMBAT] One-Shot Mode. Attack: false
[00:37:46.466] [DEBUG] [MOUSE] Injected delta: 15, 0
[00:37:46.512] [INFO] [COMBAT] In attack block. Distance: 2.7461440563201904
[00:37:46.513] [INFO] [COMBAT] One-Shot Mode. Attack: false
[00:37:46.562] [INFO] [COMBAT] In attack block. Distance: 2.8035309314727783
[00:37:46.562] [INFO] [COMBAT] One-Shot Mode. Attack: false
[00:37:46.609] [DEBUG] [PERCEPTION] Found combat target: attackable
[00:37:46.610] [INFO] [COMBAT] In attack block. Distance: 2.6068694591522217
[00:37:46.611] [INFO] [COMBAT] One-Shot Mode. Attack: false
[00:37:46.611] [DEBUG] [MOUSE] Injected delta: -3, 1
[00:37:46.658] [INFO] [COMBAT] In attack block. Distance: 2.4014968872070312
[00:37:46.658] [INFO] [COMBAT] One-Shot Mode. Attack: false
[00:37:46.660] [DEBUG] [MOUSE] Injected delta: -2, 0
[00:37:46.709] [INFO] [COMBAT] In attack block. Distance: 2.2976906299591064
[00:37:46.710] [INFO] [COMBAT] One-Shot Mode. Attack: false
[00:37:46.710] [DEBUG] [MOUSE] Injected delta: 4, 3
[00:37:46.753] [INFO] [COMBAT] In attack block. Distance: 2.245168685913086
[00:37:46.754] [INFO] [COMBAT] One-Shot Mode. Attack: false
[00:37:46.755] [DEBUG] [MOUSE] Injected delta: 1, 1
[00:37:46.804] [INFO] [COMBAT] In attack block. Distance: 2.247448444366455
[00:37:46.804] [INFO] [COMBAT] One-Shot Mode. Attack: false
[00:37:46.865] [INFO] [COMBAT] In attack block. Distance: 2.303807258605957
[00:37:46.866] [INFO] [COMBAT] One-Shot Mode. Attack: false
[00:37:46.866] [DEBUG] [MOUSE] Injected delta: 18, 1
[00:37:46.912] [DEBUG] [PERCEPTION] Found combat target: attackable
[00:37:46.912] [INFO] [COMBAT] In attack block. Distance: 2.3820412158966064
[00:37:46.913] [INFO] [COMBAT] One-Shot Mode. Attack: false
[00:37:46.913] [DEBUG] [MOUSE] Injected delta: 92, 0
[00:37:46.961] [INFO] [COMBAT] In attack block. Distance: 2.4756882190704346
[00:37:46.961] [INFO] [COMBAT] One-Shot Mode. Attack: false
[00:37:46.962] [DEBUG] [MOUSE] Injected delta: 45, 0
[00:37:47.009] [INFO] [COMBAT] In attack block. Distance: 2.5850322246551514
[00:37:47.010] [INFO] [COMBAT] One-Shot Mode. Attack: false
[00:37:47.058] [INFO] [COMBAT] In attack block. Distance: 2.6055235862731934
[00:37:47.059] [INFO] [COMBAT] One-Shot Mode. Attack: false
[00:37:47.059] [DEBUG] [MOUSE] Injected delta: 6, 0
[00:37:47.106] [INFO] [COMBAT] In attack block. Distance: 2.5291991233825684
[00:37:47.106] [INFO] [COMBAT] One-Shot Mode. Attack: false
[00:37:47.107] [DEBUG] [MOUSE] Injected delta: 27, 1
[00:37:47.153] [INFO] [COMBAT] In attack block. Distance: 2.4280917644500732
[00:37:47.153] [INFO] [COMBAT] One-Shot Mode. Attack: false
[00:37:47.154] [DEBUG] [MOUSE] Injected delta: 43, 1
[00:37:47.202] [DEBUG] [PERCEPTION] Found combat target: attackable
[00:37:47.202] [INFO] [COMBAT] In attack block. Distance: 2.4371161460876465
[00:37:47.203] [INFO] [COMBAT] One-Shot Mode. Attack: false
[00:37:47.203] [DEBUG] [MOUSE] Injected delta: 31, 2
[00:37:47.264] [INFO] [COMBAT] In attack block. Distance: 2.545123815536499
[00:37:47.264] [INFO] [COMBAT] One-Shot Mode. Attack: false
[00:37:47.265] [DEBUG] [MOUSE] Injected delta: 8, 0
[00:37:47.314] [INFO] [COMBAT] In attack block. Distance: 2.5924599170684814
[00:37:47.315] [INFO] [COMBAT] One-Shot Mode. Attack: false
[00:37:47.353] [INFO] [COMBAT] In attack block. Distance: 2.610443353652954
[00:37:47.354] [INFO] [COMBAT] One-Shot Mode. Attack: false
[00:37:47.354] [DEBUG] [MOUSE] Injected delta: 6, 0
[00:37:47.410] [INFO] [COMBAT] In attack block. Distance: 2.5218405723571777
[00:37:47.410] [INFO] [COMBAT] One-Shot Mode. Attack: false
[00:37:47.411] [DEBUG] [MOUSE] Injected delta: 30, -1
[00:37:47.459] [INFO] [COMBAT] In attack block. Distance: 2.424307107925415
[00:37:47.460] [INFO] [COMBAT] One-Shot Mode. Attack: false
[00:37:47.460] [DEBUG] [MOUSE] Injected delta: 46, -2
[00:37:47.507] [DEBUG] [PERCEPTION] Found combat target: attackable
[00:37:47.507] [INFO] [COMBAT] In attack block. Distance: 2.456453323364258
[00:37:47.508] [INFO] [COMBAT] One-Shot Mode. Attack: false
[00:37:47.508] [DEBUG] [MOUSE] Injected delta: 29, -1
[00:37:47.557] [INFO] [COMBAT] In attack block. Distance: 2.542656421661377
[00:37:47.557] [INFO] [COMBAT] One-Shot Mode. Attack: false
[00:37:47.558] [DEBUG] [MOUSE] Injected delta: 7, 0
[00:37:47.613] [INFO] [COMBAT] In attack block. Distance: 2.573920249938965
[00:37:47.613] [INFO] [COMBAT] One-Shot Mode. Attack: false
[00:37:47.651] [INFO] [COMBAT] In attack block. Distance: 2.5695228576660156
[00:37:47.652] [INFO] [COMBAT] One-Shot Mode. Attack: false
[00:37:47.653] [DEBUG] [MOUSE] Injected delta: 2, 0
[00:37:47.710] [INFO] [COMBAT] In attack block. Distance: 2.550976276397705
[00:37:47.710] [INFO] [COMBAT] One-Shot Mode. Attack: false
[00:37:47.710] [DEBUG] [MOUSE] Injected delta: 13, 0
[00:37:47.763] [INFO] [COMBAT] In attack block. Distance: 2.583737373352051
[00:37:47.763] [INFO] [COMBAT] One-Shot Mode. Attack: false
[00:37:47.764] [DEBUG] [MOUSE] Injected delta: 23, 0
[00:37:47.810] [DEBUG] [PERCEPTION] Found combat target: attackable
[00:37:47.811] [INFO] [COMBAT] In attack block. Distance: 2.614501953125
[00:37:47.812] [INFO] [COMBAT] One-Shot Mode. Attack: false
[00:37:47.812] [DEBUG] [MOUSE] Injected delta: 19, 0
[00:37:47.871] [INFO] [COMBAT] In attack block. Distance: 2.6055731773376465
[00:37:47.871] [INFO] [COMBAT] One-Shot Mode. Attack: false
[00:37:47.872] [DEBUG] [MOUSE] Injected delta: 5, 0
[00:37:47.904] [INFO] [COMBAT] In attack block. Distance: 2.596714973449707
[00:37:47.904] [INFO] [COMBAT] One-Shot Mode. Attack: false
[00:37:47.964] [INFO] [COMBAT] In attack block. Distance: 2.5750653743743896
[00:37:47.964] [INFO] [COMBAT] One-Shot Mode. Attack: false
[00:37:47.964] [DEBUG] [MOUSE] Injected delta: 2, 0
[00:37:48.016] [INFO] [COMBAT] In attack block. Distance: 2.5542612075805664
[00:37:48.016] [INFO] [COMBAT] One-Shot Mode. Attack: false
[00:37:48.016] [DEBUG] [MOUSE] Injected delta: 11, -1
[00:37:48.051] [INFO] [COMBAT] In attack block. Distance: 2.534404993057251
[00:37:48.051] [INFO] [COMBAT] One-Shot Mode. Attack: false
[00:37:48.052] [DEBUG] [MOUSE] Injected delta: 18, 1
[00:37:48.105] [DEBUG] [PERCEPTION] Found combat target: attackable
[00:37:48.105] [INFO] [COMBAT] In attack block. Distance: 2.4452507495880127
[00:37:48.105] [INFO] [COMBAT] One-Shot Mode. Attack: false
[00:37:48.106] [DEBUG] [MOUSE] Injected delta: 13, 0
[00:37:48.154] [INFO] [COMBAT] In attack block. Distance: 2.45432448387146
[00:37:48.155] [INFO] [COMBAT] One-Shot Mode. Attack: false
[00:37:48.155] [DEBUG] [MOUSE] Injected delta: 4, 1
[00:37:48.207] [INFO] [COMBAT] In attack block. Distance: 2.4324731826782227
[00:37:48.207] [INFO] [COMBAT] One-Shot Mode. Attack: false
[00:37:48.256] [INFO] [COMBAT] In attack block. Distance: 2.4397857189178467
[00:37:48.257] [INFO] [COMBAT] One-Shot Mode. Attack: false
[00:37:48.257] [DEBUG] [MOUSE] Injected delta: 0, 1
[00:37:48.309] [INFO] [COMBAT] In attack block. Distance: 2.4336745738983154
[00:37:48.310] [INFO] [COMBAT] One-Shot Mode. Attack: false
[00:37:48.310] [DEBUG] [MOUSE] Injected delta: -9, 8
[00:37:48.361] [INFO] [COMBAT] In attack block. Distance: 2.401794195175171
[00:37:48.362] [INFO] [COMBAT] One-Shot Mode. Attack: false
[00:37:48.362] [DEBUG] [MOUSE] Injected delta: -8, 3
[00:37:48.400] [DEBUG] [PERCEPTION] Found combat target: attackable
[00:37:48.401] [INFO] [COMBAT] In attack block. Distance: 2.384315252304077
[00:37:48.401] [INFO] [COMBAT] One-Shot Mode. Attack: false
[00:37:48.465] [INFO] [COMBAT] In attack block. Distance: 2.3427324295043945
[00:37:48.465] [INFO] [COMBAT] One-Shot Mode. Attack: false
[00:37:48.466] [DEBUG] [MOUSE] Injected delta: -42, -1
[00:37:48.518] [INFO] [COMBAT] In attack block. Distance: 2.3165390491485596
[00:37:48.518] [INFO] [COMBAT] One-Shot Mode. Attack: false
[00:37:48.519] [DEBUG] [MOUSE] Injected delta: -128, -2
[00:37:48.550] [INFO] [COMBAT] In attack block. Distance: 2.3030500411987305
[00:37:48.550] [INFO] [COMBAT] One-Shot Mode. Attack: false
[00:37:48.551] [DEBUG] [MOUSE] Injected delta: -57, 0
[00:37:48.602] [INFO] [COMBAT] In attack block. Distance: 2.2813315391540527
[00:37:48.602] [INFO] [COMBAT] One-Shot Mode. Attack: false
[00:37:48.654] [INFO] [COMBAT] In attack block. Distance: 2.2665927410125732
[00:37:48.654] [INFO] [COMBAT] One-Shot Mode. Attack: false
[00:37:48.655] [DEBUG] [MOUSE] Injected delta: -17, 0
[00:37:48.706] [DEBUG] [PERCEPTION] Found combat target: attackable
[00:37:48.707] [INFO] [COMBAT] In attack block. Distance: 2.2539162635803223
[00:37:48.707] [INFO] [COMBAT] One-Shot Mode. Attack: false
[00:37:48.707] [DEBUG] [MOUSE] Injected delta: -46, 0
[00:37:48.759] [INFO] [COMBAT] In attack block. Distance: 2.2542412281036377
[00:37:48.759] [INFO] [COMBAT] One-Shot Mode. Attack: false
[00:37:48.759] [DEBUG] [MOUSE] Injected delta: -22, 0
[00:37:48.808] [INFO] [COMBAT] In attack block. Distance: 2.2685017585754395
[00:37:48.809] [INFO] [COMBAT] One-Shot Mode. Attack: false
[00:37:48.856] [INFO] [COMBAT] In attack block. Distance: 2.29785418510437
[00:37:48.856] [INFO] [COMBAT] One-Shot Mode. Attack: false
[00:37:48.857] [DEBUG] [MOUSE] Injected delta: -21, 0
[00:37:48.912] [INFO] [COMBAT] In attack block. Distance: 2.3435251712799072
[00:37:48.913] [INFO] [COMBAT] One-Shot Mode. Attack: false
[00:37:48.913] [DEBUG] [MOUSE] Injected delta: -79, -3
[00:37:48.965] [INFO] [COMBAT] In attack block. Distance: 2.442800283432007
[00:37:48.965] [INFO] [COMBAT] One-Shot Mode. Attack: false
[00:37:48.965] [DEBUG] [MOUSE] Injected delta: -33, -1
[00:37:49.010] [DEBUG] [PERCEPTION] Found combat target: attackable
[00:37:49.011] [INFO] [COMBAT] In attack block. Distance: 2.562845468521118
[00:37:49.011] [INFO] [COMBAT] One-Shot Mode. Attack: false
[00:37:49.056] [INFO] [COMBAT] In attack block. Distance: 2.603010416030884
[00:37:49.056] [INFO] [COMBAT] One-Shot Mode. Attack: false
[00:37:49.056] [DEBUG] [MOUSE] Injected delta: -5, -1
[00:37:49.105] [INFO] [COMBAT] In attack block. Distance: 2.5637896060943604
[00:37:49.106] [INFO] [COMBAT] One-Shot Mode. Attack: false
[00:37:49.107] [DEBUG] [MOUSE] Injected delta: -24, -1
[00:37:49.157] [INFO] [COMBAT] In attack block. Distance: 2.496488094329834
[00:37:49.158] [INFO] [COMBAT] One-Shot Mode. Attack: false
[00:37:49.158] [DEBUG] [MOUSE] Injected delta: -36, -1
[00:37:49.204] [INFO] [COMBAT] In attack block. Distance: 2.5595004558563232
[00:37:49.204] [INFO] [COMBAT] One-Shot Mode. Attack: false
[00:37:49.205] [DEBUG] [MOUSE] Injected delta: -5, -1
[00:37:49.250] [INFO] [COMBAT] In attack block. Distance: 2.54240083694458
[00:37:49.250] [INFO] [COMBAT] One-Shot Mode. Attack: false
[00:37:49.250] [DEBUG] [MOUSE] Injected delta: -1, 0
[00:37:49.317] [DEBUG] [PERCEPTION] Found combat target: attackable
[00:37:49.319] [INFO] [COMBAT] In attack block. Distance: 2.5007412433624268
[00:37:49.319] [INFO] [COMBAT] One-Shot Mode. Attack: false
[00:37:49.363] [INFO] [COMBAT] In attack block. Distance: 2.374774217605591
[00:37:49.364] [INFO] [COMBAT] One-Shot Mode. Attack: false
[00:37:49.364] [DEBUG] [MOUSE] Injected delta: 12, -1
[00:37:49.406] [INFO] [COMBAT] In attack block. Distance: 2.3608484268188477
[00:37:49.407] [INFO] [COMBAT] One-Shot Mode. Attack: false
[00:37:49.407] [DEBUG] [MOUSE] Injected delta: 36, -3
[00:37:49.453] [INFO] [COMBAT] In attack block. Distance: 2.4080371856689453
[00:37:49.454] [INFO] [COMBAT] One-Shot Mode. Attack: false
[00:37:49.454] [DEBUG] [MOUSE] Injected delta: 13, -1
[00:37:49.503] [INFO] [COMBAT] In attack block. Distance: 2.4199512004852295
[00:37:49.504] [INFO] [COMBAT] One-Shot Mode. Attack: false
[00:37:49.550] [INFO] [COMBAT] In attack block. Distance: 2.451103687286377
[00:37:49.551] [INFO] [COMBAT] One-Shot Mode. Attack: false
[00:37:49.551] [DEBUG] [MOUSE] Injected delta: -1, 0
[00:37:49.616] [DEBUG] [PERCEPTION] Found combat target: attackable
[00:37:49.616] [INFO] [COMBAT] In attack block. Distance: 2.5399692058563232
[00:37:49.617] [INFO] [COMBAT] One-Shot Mode. Attack: false
[00:37:49.617] [DEBUG] [MOUSE] Injected delta: -27, 3
[00:37:49.663] [INFO] [COMBAT] In attack block. Distance: 2.6003899574279785
[00:37:49.664] [INFO] [COMBAT] One-Shot Mode. Attack: false
[00:37:49.664] [DEBUG] [MOUSE] Injected delta: -13, 1
[00:37:49.708] [INFO] [COMBAT] In attack block. Distance: 2.6176161766052246
[00:37:49.708] [INFO] [COMBAT] One-Shot Mode. Attack: false
[00:37:49.755] [INFO] [COMBAT] In attack block. Distance: 2.6143088340759277
[00:37:49.756] [INFO] [COMBAT] One-Shot Mode. Attack: false
[00:37:49.756] [DEBUG] [MOUSE] Injected delta: -6, 0
[00:37:49.810] [INFO] [COMBAT] In attack block. Distance: 2.5203566551208496
[00:37:49.811] [INFO] [COMBAT] One-Shot Mode. Attack: false
[00:37:49.811] [DEBUG] [MOUSE] Injected delta: -28, -2
[00:37:49.851] [INFO] [COMBAT] In attack block. Distance: 2.421177625656128
[00:37:49.851] [INFO] [COMBAT] One-Shot Mode. Attack: false
[00:37:49.852] [DEBUG] [MOUSE] Injected delta: -44, -2
[00:37:49.910] [DEBUG] [PERCEPTION] Found combat target: attackable
[00:37:49.911] [INFO] [COMBAT] In attack block. Distance: 2.451662540435791
[00:37:49.911] [INFO] [COMBAT] One-Shot Mode. Attack: false
[00:37:49.911] [DEBUG] [MOUSE] Injected delta: -31, -1
[00:37:49.959] [INFO] [COMBAT] In attack block. Distance: 2.5967535972595215
[00:37:49.960] [INFO] [COMBAT] One-Shot Mode. Attack: false
[00:37:49.960] [DEBUG] [MOUSE] Injected delta: -8, 0
[00:37:50.009] [INFO] [COMBAT] In attack block. Distance: 2.6781270503997803
[00:37:50.010] [INFO] [COMBAT] One-Shot Mode. Attack: false
[00:37:50.060] [INFO] [COMBAT] In attack block. Distance: 2.695368528366089
[00:37:50.061] [INFO] [COMBAT] One-Shot Mode. Attack: false
[00:37:50.061] [DEBUG] [MOUSE] Injected delta: -4, 0
[00:37:50.105] [INFO] [COMBAT] In attack block. Distance: 2.695634603500366
[00:37:50.105] [INFO] [COMBAT] One-Shot Mode. Attack: false
[00:37:50.106] [DEBUG] [MOUSE] Injected delta: -21, -1
[00:37:50.153] [INFO] [COMBAT] In attack block. Distance: 2.687941074371338
[00:37:50.153] [INFO] [COMBAT] One-Shot Mode. Attack: false
[00:37:50.153] [DEBUG] [MOUSE] Injected delta: -33, 0
[00:37:50.216] [DEBUG] [PERCEPTION] Found combat target: attackable
[00:37:50.216] [INFO] [COMBAT] In attack block. Distance: 2.6003448963165283
[00:37:50.217] [INFO] [COMBAT] One-Shot Mode. Attack: false
[00:37:50.217] [DEBUG] [MOUSE] Injected delta: -25, 1
[00:37:50.262] [INFO] [COMBAT] In attack block. Distance: 2.5913918018341064
[00:37:50.263] [INFO] [COMBAT] One-Shot Mode. Attack: false
[00:37:50.263] [DEBUG] [MOUSE] Injected delta: -6, 0
[00:37:50.308] [INFO] [COMBAT] In attack block. Distance: 2.5825822353363037
[00:37:50.308] [INFO] [COMBAT] One-Shot Mode. Attack: false
[00:37:50.355] [INFO] [COMBAT] In attack block. Distance: 2.5744316577911377
[00:37:50.356] [INFO] [COMBAT] One-Shot Mode. Attack: false
[00:37:50.356] [DEBUG] [MOUSE] Injected delta: -1, 0
[00:37:50.408] [INFO] [COMBAT] In attack block. Distance: 2.484119415283203
[00:37:50.408] [INFO] [COMBAT] One-Shot Mode. Attack: false
[00:37:50.409] [DEBUG] [MOUSE] Injected delta: -10, -1
[00:37:50.459] [INFO] [COMBAT] In attack block. Distance: 2.4919872283935547
[00:37:50.459] [INFO] [COMBAT] One-Shot Mode. Attack: false
[00:37:50.460] [DEBUG] [MOUSE] Injected delta: -14, -1
[00:37:50.504] [DEBUG] [PERCEPTION] Found combat target: attackable
[00:37:50.504] [INFO] [COMBAT] In attack block. Distance: 2.5956850051879883
[00:37:50.505] [INFO] [COMBAT] One-Shot Mode. Attack: false
[00:37:50.505] [DEBUG] [MOUSE] Injected delta: -8, -1
[00:37:50.552] [INFO] [COMBAT] In attack block. Distance: 2.6274497509002686
[00:37:50.553] [INFO] [COMBAT] One-Shot Mode. Attack: false
[00:37:50.553] [DEBUG] [MOUSE] Injected delta: -3, 0
[00:37:50.601] [INFO] [COMBAT] In attack block. Distance: 2.609626531600952
[00:37:50.601] [INFO] [COMBAT] One-Shot Mode. Attack: false
[00:37:50.650] [INFO] [COMBAT] In attack block. Distance: 2.57527756690979
[00:37:50.651] [INFO] [COMBAT] One-Shot Mode. Attack: false
[00:37:50.652] [DEBUG] [MOUSE] Injected delta: -1, 0
[00:37:50.711] [INFO] [COMBAT] In attack block. Distance: 2.5559756755828857
[00:37:50.712] [INFO] [COMBAT] One-Shot Mode. Attack: false
[00:37:50.712] [DEBUG] [MOUSE] Injected delta: -4, 0
[00:37:50.760] [INFO] [COMBAT] In attack block. Distance: 2.54158353805542
[00:37:50.760] [INFO] [COMBAT] One-Shot Mode. Attack: false
[00:37:50.760] [DEBUG] [MOUSE] Injected delta: -7, 1
[00:37:50.807] [DEBUG] [PERCEPTION] Found combat target: attackable
[00:37:50.807] [INFO] [COMBAT] In attack block. Distance: 2.524324417114258
[00:37:50.808] [INFO] [COMBAT] One-Shot Mode. Attack: false
[00:37:50.808] [DEBUG] [MOUSE] Injected delta: -6, 1
[00:37:50.849] [INFO] [COMBAT] In attack block. Distance: 2.505640745162964
[00:37:50.850] [INFO] [COMBAT] One-Shot Mode. Attack: false
[00:37:50.850] [DEBUG] [MOUSE] Injected delta: -2, 0
[00:37:50.919] [INFO] [COMBAT] In attack block. Distance: 2.29329252243042
[00:37:50.920] [INFO] [COMBAT] One-Shot Mode. Attack: false
[00:37:50.966] [INFO] [COMBAT] In attack block. Distance: 2.189575433731079
[00:37:50.966] [INFO] [COMBAT] One-Shot Mode. Attack: false
[00:37:50.967] [DEBUG] [MOUSE] Injected delta: -6, 0
[00:37:51.014] [INFO] [COMBAT] In attack block. Distance: 2.178440570831299
[00:37:51.014] [INFO] [COMBAT] One-Shot Mode. Attack: false
[00:37:51.014] [DEBUG] [MOUSE] Injected delta: -36, 6
[00:37:51.064] [INFO] [COMBAT] In attack block. Distance: 2.2113168239593506
[00:37:51.064] [INFO] [COMBAT] One-Shot Mode. Attack: false
[00:37:51.065] [DEBUG] [MOUSE] Injected delta: -32, 2
[00:37:51.111] [DEBUG] [PERCEPTION] Found combat target: attackable
[00:37:51.111] [INFO] [COMBAT] In attack block. Distance: 2.2477262020111084
[00:37:51.112] [INFO] [COMBAT] One-Shot Mode. Attack: false
[00:37:51.156] [INFO] [COMBAT] In attack block. Distance: 2.270576238632202
[00:37:51.157] [INFO] [COMBAT] One-Shot Mode. Attack: false
[00:37:51.157] [DEBUG] [MOUSE] Injected delta: -29, -1
[00:37:51.203] [INFO] [COMBAT] In attack block. Distance: 2.2611851692199707
[00:37:51.203] [INFO] [COMBAT] One-Shot Mode. Attack: false
[00:37:51.204] [DEBUG] [MOUSE] Injected delta: -86, -1
[00:37:51.251] [INFO] [COMBAT] In attack block. Distance: 2.2342183589935303
[00:37:51.252] [INFO] [COMBAT] One-Shot Mode. Attack: false
[00:37:51.252] [DEBUG] [MOUSE] Injected delta: -33, -1
[00:37:51.312] [INFO] [COMBAT] In attack block. Distance: 2.243131160736084
[00:37:51.313] [INFO] [COMBAT] One-Shot Mode. Attack: false
[00:37:51.356] [INFO] [COMBAT] In attack block. Distance: 2.2783639430999756
[00:37:51.356] [INFO] [COMBAT] One-Shot Mode. Attack: false
[00:37:51.356] [DEBUG] [MOUSE] Injected delta: -6, 0
[00:37:51.402] [DEBUG] [PERCEPTION] Found combat target: attackable
[00:37:51.402] [INFO] [COMBAT] In attack block. Distance: 2.3295936584472656
[00:37:51.403] [INFO] [COMBAT] One-Shot Mode. Attack: false
[00:37:51.403] [DEBUG] [MOUSE] Injected delta: -47, 0
[00:37:51.463] [INFO] [COMBAT] In attack block. Distance: 2.4255659580230713
[00:37:51.463] [INFO] [COMBAT] One-Shot Mode. Attack: false
[00:37:51.464] [DEBUG] [MOUSE] Injected delta: -23, -1
[00:37:51.509] [INFO] [COMBAT] In attack block. Distance: 2.54542875289917
[00:37:51.509] [INFO] [COMBAT] One-Shot Mode. Attack: false
[00:37:51.553] [INFO] [COMBAT] In attack block. Distance: 2.589531421661377
[00:37:51.554] [INFO] [COMBAT] One-Shot Mode. Attack: false
[00:37:51.554] [DEBUG] [MOUSE] Injected delta: -6, 0
[00:37:51.613] [INFO] [COMBAT] In attack block. Distance: 2.515842914581299
[00:37:51.613] [INFO] [COMBAT] One-Shot Mode. Attack: false
[00:37:51.614] [DEBUG] [MOUSE] Injected delta: -33, -1
[00:37:51.657] [INFO] [COMBAT] In attack block. Distance: 2.4173190593719482
[00:37:51.657] [INFO] [COMBAT] One-Shot Mode. Attack: false
[00:37:51.658] [DEBUG] [MOUSE] Injected delta: -51, -2
[00:37:51.703] [DEBUG] [PERCEPTION] Found combat target: attackable
[00:37:51.703] [INFO] [COMBAT] In attack block. Distance: 2.4437568187713623
[00:37:51.704] [INFO] [COMBAT] One-Shot Mode. Attack: false
[00:37:51.704] [DEBUG] [MOUSE] Injected delta: -27, 0
[00:37:51.764] [INFO] [COMBAT] In attack block. Distance: 2.5970427989959717
[00:37:51.765] [INFO] [COMBAT] One-Shot Mode. Attack: false
[00:37:51.766] [DEBUG] [MOUSE] Injected delta: -7, 0
[00:37:51.808] [INFO] [COMBAT] In attack block. Distance: 2.6806893348693848
[00:37:51.809] [INFO] [COMBAT] One-Shot Mode. Attack: false
[00:37:51.853] [INFO] [COMBAT] In attack block. Distance: 2.726353168487549
[00:37:51.854] [INFO] [COMBAT] One-Shot Mode. Attack: false
[00:37:51.913] [INFO] [COMBAT] In attack block. Distance: 2.6645522117614746
[00:37:51.914] [INFO] [COMBAT] One-Shot Mode. Attack: false
[00:37:51.914] [DEBUG] [MOUSE] Injected delta: 1, 0
[00:37:51.959] [INFO] [COMBAT] In attack block. Distance: 2.5909855365753174
[00:37:51.960] [INFO] [COMBAT] One-Shot Mode. Attack: false
[00:37:51.960] [DEBUG] [MOUSE] Injected delta: 2, 0
[00:37:52.004] [DEBUG] [PERCEPTION] Found combat target: attackable
[00:37:52.005] [INFO] [COMBAT] In attack block. Distance: 2.554453134536743
[00:37:52.005] [INFO] [COMBAT] One-Shot Mode. Attack: false
[00:37:52.006] [DEBUG] [MOUSE] Injected delta: 14, 1
[00:37:52.063] [INFO] [COMBAT] In attack block. Distance: 2.514477014541626
[00:37:52.064] [INFO] [COMBAT] One-Shot Mode. Attack: false
[00:37:52.064] [DEBUG] [MOUSE] Injected delta: 4, 0
[00:37:52.109] [INFO] [COMBAT] In attack block. Distance: 2.359036445617676
[00:37:52.109] [INFO] [COMBAT] One-Shot Mode. Attack: false
[00:37:52.153] [INFO] [COMBAT] In attack block. Distance: 2.3000917434692383
[00:37:52.153] [INFO] [COMBAT] One-Shot Mode. Attack: false
[00:37:52.153] [DEBUG] [MOUSE] Injected delta: 10, 0
[00:37:52.214] [INFO] [COMBAT] In attack block. Distance: 2.317532777786255
[00:37:52.215] [INFO] [COMBAT] One-Shot Mode. Attack: false
[00:37:52.215] [DEBUG] [MOUSE] Injected delta: 26, 2
[00:37:52.259] [INFO] [COMBAT] In attack block. Distance: 2.36425518989563
[00:37:52.260] [INFO] [COMBAT] One-Shot Mode. Attack: false
[00:37:52.260] [DEBUG] [MOUSE] Injected delta: 8, 1
[00:37:52.305] [DEBUG] [PERCEPTION] Found combat target: attackable
[00:37:52.306] [INFO] [COMBAT] In attack block. Distance: 2.468479871749878
[00:37:52.306] [INFO] [COMBAT] One-Shot Mode. Attack: false
[00:37:52.365] [INFO] [COMBAT] In attack block. Distance: 2.6496589183807373
[00:37:52.365] [INFO] [COMBAT] One-Shot Mode. Attack: false
[00:37:52.365] [DEBUG] [MOUSE] Injected delta: -4, -1
[00:37:52.411] [INFO] [COMBAT] In attack block. Distance: 2.742680549621582
[00:37:52.411] [INFO] [COMBAT] One-Shot Mode. Attack: false
[00:37:52.411] [DEBUG] [MOUSE] Injected delta: -24, -1
[00:37:52.458] [INFO] [COMBAT] In attack block. Distance: 2.7892086505889893
[00:37:52.459] [INFO] [COMBAT] One-Shot Mode. Attack: false
[00:37:52.459] [DEBUG] [MOUSE] Injected delta: -42, -2
[00:37:52.502] [INFO] [COMBAT] In attack block. Distance: 2.7206127643585205
[00:37:52.503] [INFO] [COMBAT] One-Shot Mode. Attack: false
[00:37:52.503] [DEBUG] [MOUSE] Injected delta: -33, -1
[00:37:52.568] [INFO] [COMBAT] In attack block. Distance: 2.712808132171631
[00:37:52.569] [INFO] [COMBAT] One-Shot Mode. Attack: false
[00:37:52.569] [DEBUG] [MOUSE] Injected delta: -8, -1
[00:37:52.610] [DEBUG] [PERCEPTION] Found combat target: attackable
[00:37:52.611] [INFO] [COMBAT] In attack block. Distance: 2.7003579139709473
[00:37:52.611] [INFO] [COMBAT] One-Shot Mode. Attack: false
[00:37:52.657] [INFO] [COMBAT] In attack block. Distance: 2.686635732650757
[00:37:52.658] [INFO] [COMBAT] One-Shot Mode. Attack: false
[00:37:52.660] [DEBUG] [MOUSE] Injected delta: -4, 0
[00:37:52.703] [INFO] [COMBAT] In attack block. Distance: 2.5920169353485107
[00:37:52.703] [INFO] [COMBAT] One-Shot Mode. Attack: false
[00:37:52.703] [DEBUG] [MOUSE] Injected delta: -18, 0
[00:37:52.763] [INFO] [COMBAT] In attack block. Distance: 2.5771167278289795
[00:37:52.764] [INFO] [COMBAT] One-Shot Mode. Attack: false
[00:37:52.764] [DEBUG] [MOUSE] Injected delta: -29, -1
[00:37:52.805] [INFO] [COMBAT] In attack block. Distance: 2.564469575881958
[00:37:52.806] [INFO] [COMBAT] One-Shot Mode. Attack: false
[00:37:52.806] [DEBUG] [MOUSE] Injected delta: -21, 0
[00:37:52.864] [INFO] [COMBAT] In attack block. Distance: 2.5537731647491455
[00:37:52.865] [INFO] [COMBAT] One-Shot Mode. Attack: false
[00:37:52.866] [DEBUG] [MOUSE] Injected delta: -6, 0
[00:37:52.906] [DEBUG] [PERCEPTION] Found combat target: attackable
[00:37:52.907] [INFO] [COMBAT] In attack block. Distance: 2.4620347023010254
[00:37:52.907] [INFO] [COMBAT] One-Shot Mode. Attack: false
[00:37:52.963] [INFO] [COMBAT] In attack block. Distance: 2.4686760902404785
[00:37:52.964] [INFO] [COMBAT] One-Shot Mode. Attack: false
[00:37:52.964] [DEBUG] [MOUSE] Injected delta: -8, 0
[00:37:53.009] [INFO] [COMBAT] In attack block. Distance: 2.5709755420684814
[00:37:53.010] [INFO] [COMBAT] One-Shot Mode. Attack: false
[00:37:53.011] [DEBUG] [MOUSE] Injected delta: -18, -1
[00:37:53.063] [INFO] [COMBAT] In attack block. Distance: 2.6052443981170654
[00:37:53.064] [INFO] [COMBAT] One-Shot Mode. Attack: false
[00:37:53.064] [DEBUG] [MOUSE] Injected delta: -8, -1
[00:37:53.107] [INFO] [COMBAT] In attack block. Distance: 2.616628646850586
[00:37:53.108] [INFO] [COMBAT] One-Shot Mode. Attack: false
[00:37:53.163] [INFO] [COMBAT] In attack block. Distance: 2.6080806255340576
[00:37:53.164] [INFO] [COMBAT] One-Shot Mode. Attack: false
[00:37:53.165] [DEBUG] [MOUSE] Injected delta: -1, 0
[00:37:53.207] [DEBUG] [PERCEPTION] Found combat target: attackable
[00:37:53.208] [INFO] [COMBAT] In attack block. Distance: 2.5937042236328125
[00:37:53.208] [INFO] [COMBAT] One-Shot Mode. Attack: false
[00:37:53.208] [DEBUG] [MOUSE] Injected delta: -5, 0
[00:37:53.260] [INFO] [COMBAT] In attack block. Distance: 2.573756694793701
[00:37:53.262] [INFO] [COMBAT] One-Shot Mode. Attack: false
[00:37:53.262] [DEBUG] [MOUSE] Injected delta: -10, 0
[00:37:53.306] [INFO] [COMBAT] In attack block. Distance: 2.5525155067443848
[00:37:53.307] [INFO] [COMBAT] One-Shot Mode. Attack: false
[00:37:53.307] [DEBUG] [MOUSE] Injected delta: -8, -1
[00:37:53.361] [INFO] [COMBAT] In attack block. Distance: 2.59419322013855
[00:37:53.362] [INFO] [COMBAT] One-Shot Mode. Attack: false
[00:37:53.362] [DEBUG] [MOUSE] Injected delta: -2, 0
[00:37:53.403] [INFO] [COMBAT] In attack block. Distance: 2.6354591846466064
[00:37:53.404] [INFO] [COMBAT] One-Shot Mode. Attack: false
[00:37:53.458] [INFO] [COMBAT] In attack block. Distance: 2.6766676902770996
[00:37:53.459] [INFO] [COMBAT] One-Shot Mode. Attack: false
[00:37:53.459] [DEBUG] [MOUSE] Injected delta: -1, 0
[00:37:53.513] [DEBUG] [PERCEPTION] Found combat target: attackable
[00:37:53.514] [INFO] [COMBAT] In attack block. Distance: 2.525456428527832
[00:37:53.514] [INFO] [COMBAT] One-Shot Mode. Attack: false
[00:37:53.515] [DEBUG] [MOUSE] Injected delta: -6, 0
[00:37:53.556] [INFO] [COMBAT] In attack block. Distance: 2.3740994930267334
[00:37:53.556] [INFO] [COMBAT] One-Shot Mode. Attack: false
[00:37:53.557] [DEBUG] [MOUSE] Injected delta: -8, 0
[00:37:53.606] [INFO] [COMBAT] In attack block. Distance: 2.2791714668273926
[00:37:53.606] [INFO] [COMBAT] One-Shot Mode. Attack: false
[00:37:53.607] [DEBUG] [MOUSE] Injected delta: -5, 0
[00:37:53.661] [INFO] [COMBAT] In attack block. Distance: 2.23817777633667
[00:37:53.661] [INFO] [COMBAT] One-Shot Mode. Attack: false
[00:37:53.663] [DEBUG] [MOUSE] Injected delta: -1, 1
[00:37:53.701] [INFO] [COMBAT] In attack block. Distance: 2.220207691192627
[00:37:53.702] [INFO] [COMBAT] One-Shot Mode. Attack: false
[00:37:53.756] [INFO] [COMBAT] In attack block. Distance: 2.223680019378662
[00:37:53.757] [INFO] [COMBAT] One-Shot Mode. Attack: false
[00:37:53.758] [DEBUG] [MOUSE] Injected delta: -12, 0
[00:37:53.812] [DEBUG] [PERCEPTION] Found combat target: attackable
[00:37:53.812] [INFO] [COMBAT] In attack block. Distance: 2.247114658355713
[00:37:53.813] [INFO] [COMBAT] One-Shot Mode. Attack: false
[00:37:53.813] [DEBUG] [MOUSE] Injected delta: -84, 3
[00:37:53.859] [INFO] [COMBAT] In attack block. Distance: 2.285771608352661
[00:37:53.859] [INFO] [COMBAT] One-Shot Mode. Attack: false
[00:37:53.860] [DEBUG] [MOUSE] Injected delta: -35, 0
[00:37:53.908] [INFO] [COMBAT] In attack block. Distance: 2.334477663040161
[00:37:53.908] [INFO] [COMBAT] One-Shot Mode. Attack: false
[00:37:53.966] [INFO] [COMBAT] In attack block. Distance: 2.4174702167510986
[00:37:53.967] [INFO] [COMBAT] One-Shot Mode. Attack: false
[00:37:53.967] [DEBUG] [MOUSE] Injected delta: -25, 1
[00:37:54.009] [INFO] [COMBAT] In attack block. Distance: 2.5221521854400635
[00:37:54.009] [INFO] [COMBAT] One-Shot Mode. Attack: false
[00:37:54.009] [DEBUG] [MOUSE] Injected delta: -90, 0
[00:37:54.058] [INFO] [COMBAT] In attack block. Distance: 2.548173189163208
[00:37:54.059] [INFO] [COMBAT] One-Shot Mode. Attack: false
[00:37:54.059] [DEBUG] [MOUSE] Injected delta: -44, 0
[00:37:54.110] [DEBUG] [PERCEPTION] Found combat target: attackable
[00:37:54.111] [INFO] [COMBAT] In attack block. Distance: 2.462559223175049
[00:37:54.111] [INFO] [COMBAT] One-Shot Mode. Attack: false
[00:37:54.162] [INFO] [COMBAT] In attack block. Distance: 2.4967892169952393
[00:37:54.163] [INFO] [COMBAT] One-Shot Mode. Attack: false
[00:37:54.163] [DEBUG] [MOUSE] Injected delta: -18, 1
[00:37:54.201] [INFO] [COMBAT] In attack block. Distance: 2.580645799636841
[00:37:54.202] [INFO] [COMBAT] One-Shot Mode. Attack: false
[00:37:54.202] [DEBUG] [MOUSE] Injected delta: -37, 2
[00:37:54.253] [INFO] [COMBAT] In attack block. Distance: 2.5691914558410645
[00:37:54.253] [INFO] [COMBAT] One-Shot Mode. Attack: false
[00:37:54.254] [DEBUG] [MOUSE] Injected delta: -24, 0
[00:37:54.306] [INFO] [COMBAT] In attack block. Distance: 2.447755813598633
[00:37:54.307] [INFO] [COMBAT] One-Shot Mode. Attack: false
[00:37:54.357] [INFO] [COMBAT] In attack block. Distance: 2.4238243103027344
[00:37:54.358] [INFO] [COMBAT] One-Shot Mode. Attack: false
[00:37:54.358] [DEBUG] [MOUSE] Injected delta: -12, 0
[00:37:54.409] [DEBUG] [PERCEPTION] Found combat target: attackable
[00:37:54.409] [INFO] [COMBAT] In attack block. Distance: 2.4943630695343018
[00:37:54.410] [INFO] [COMBAT] One-Shot Mode. Attack: false
[00:37:54.410] [DEBUG] [MOUSE] Injected delta: -21, -1
[00:37:54.461] [INFO] [COMBAT] In attack block. Distance: 2.6730213165283203
[00:37:54.461] [INFO] [COMBAT] One-Shot Mode. Attack: false
[00:37:54.462] [DEBUG] [MOUSE] Injected delta: -10, 0
[00:37:54.520] [INFO] [COMBAT] In attack block. Distance: 2.7427144050598145
[00:37:54.520] [INFO] [COMBAT] One-Shot Mode. Attack: false
[00:37:54.553] [INFO] [COMBAT] In attack block. Distance: 2.7527928352355957
[00:37:54.554] [INFO] [COMBAT] One-Shot Mode. Attack: false
[00:37:54.554] [DEBUG] [MOUSE] Injected delta: 0, -1
[00:37:54.608] [INFO] [COMBAT] In attack block. Distance: 2.6395974159240723
[00:37:54.609] [INFO] [COMBAT] One-Shot Mode. Attack: false
[00:37:54.609] [DEBUG] [MOUSE] Injected delta: 1, -1
[00:37:54.663] [INFO] [COMBAT] In attack block. Distance: 2.622957229614258
[00:37:54.664] [INFO] [COMBAT] One-Shot Mode. Attack: false
[00:37:54.665] [DEBUG] [MOUSE] Injected delta: 3, -2
[00:37:54.700] [DEBUG] [PERCEPTION] Found combat target: attackable
[00:37:54.700] [INFO] [COMBAT] In attack block. Distance: 2.613351345062256
[00:37:54.700] [INFO] [COMBAT] One-Shot Mode. Attack: false
[00:37:54.700] [DEBUG] [MOUSE] Injected delta: 15, -2
[00:37:54.752] [INFO] [COMBAT] In attack block. Distance: 2.6074893474578857
[00:37:54.752] [INFO] [COMBAT] One-Shot Mode. Attack: false
[00:37:54.752] [DEBUG] [MOUSE] Injected delta: 4, 0
[00:37:54.803] [INFO] [COMBAT] In attack block. Distance: 2.3914246559143066
[00:37:54.803] [INFO] [COMBAT] One-Shot Mode. Attack: false
[00:37:54.855] [INFO] [COMBAT] In attack block. Distance: 2.2736082077026367
[00:37:54.855] [INFO] [COMBAT] One-Shot Mode. Attack: false
[00:37:54.856] [DEBUG] [MOUSE] Injected delta: 11, -1
[00:37:54.907] [INFO] [COMBAT] In attack block. Distance: 2.271205186843872
[00:37:54.907] [INFO] [COMBAT] One-Shot Mode. Attack: false
[00:37:54.907] [DEBUG] [MOUSE] Injected delta: 18, 0
[00:37:54.954] [INFO] [COMBAT] In attack block. Distance: 2.298584222793579
[00:37:54.954] [INFO] [COMBAT] One-Shot Mode. Attack: false
[00:37:54.955] [DEBUG] [MOUSE] Injected delta: 4, 0
[00:37:55.005] [DEBUG] [PERCEPTION] Found combat target: attackable
[00:37:55.005] [INFO] [COMBAT] In attack block. Distance: 2.3966455459594727
[00:37:55.005] [INFO] [COMBAT] One-Shot Mode. Attack: false
[00:37:55.057] [INFO] [COMBAT] In attack block. Distance: 2.505505323410034
[00:37:55.057] [INFO] [COMBAT] One-Shot Mode. Attack: false
[00:37:55.058] [DEBUG] [MOUSE] Injected delta: -3, -1
[00:37:55.110] [INFO] [COMBAT] In attack block. Distance: 2.5521233081817627
[00:37:55.110] [INFO] [COMBAT] One-Shot Mode. Attack: false
[00:37:55.111] [DEBUG] [MOUSE] Injected delta: -21, -1
[00:37:55.163] [INFO] [COMBAT] In attack block. Distance: 2.6100914478302
[00:37:55.163] [INFO] [COMBAT] One-Shot Mode. Attack: false
[00:37:55.164] [DEBUG] [MOUSE] Injected delta: -35, -1
[00:37:55.211] [INFO] [COMBAT] In attack block. Distance: 2.645479679107666
[00:37:55.211] [INFO] [COMBAT] One-Shot Mode. Attack: false
[00:37:55.212] [DEBUG] [MOUSE] Injected delta: -30, 0
[00:37:55.256] [INFO] [COMBAT] In attack block. Distance: 2.669917106628418
[00:37:55.256] [INFO] [COMBAT] One-Shot Mode. Attack: false
[00:37:55.256] [DEBUG] [MOUSE] Injected delta: -8, 0
[00:37:55.302] [DEBUG] [PERCEPTION] Found combat target: attackable
[00:37:55.303] [INFO] [COMBAT] In attack block. Distance: 2.5795562267303467
[00:37:55.303] [INFO] [COMBAT] One-Shot Mode. Attack: false
[00:37:55.359] [INFO] [COMBAT] In attack block. Distance: 2.48583722114563
[00:37:55.360] [INFO] [COMBAT] One-Shot Mode. Attack: false
[00:37:55.360] [DEBUG] [MOUSE] Injected delta: -11, 0
[00:37:55.404] [INFO] [COMBAT] In attack block. Distance: 2.5273449420928955
[00:37:55.405] [INFO] [COMBAT] One-Shot Mode. Attack: false
[00:37:55.405] [DEBUG] [MOUSE] Injected delta: -34, 4
[00:37:55.451] [INFO] [COMBAT] In attack block. Distance: 2.525235891342163
[00:37:55.452] [INFO] [COMBAT] One-Shot Mode. Attack: false
[00:37:55.452] [DEBUG] [MOUSE] Injected delta: -14, 1
[00:37:55.510] [INFO] [COMBAT] In attack block. Distance: 2.5129456520080566
[00:37:55.511] [INFO] [COMBAT] One-Shot Mode. Attack: false
[00:37:55.558] [INFO] [COMBAT] In attack block. Distance: 2.4885218143463135
[00:37:55.559] [INFO] [COMBAT] One-Shot Mode. Attack: false
[00:37:55.559] [DEBUG] [MOUSE] Injected delta: -6, 0
[00:37:55.605] [DEBUG] [PERCEPTION] Found combat target: attackable
[00:37:55.605] [INFO] [COMBAT] In attack block. Distance: 2.5603482723236084
[00:37:55.605] [INFO] [COMBAT] One-Shot Mode. Attack: false
[00:37:55.606] [DEBUG] [MOUSE] Injected delta: -20, -2
[00:37:55.655] [INFO] [COMBAT] In attack block. Distance: 2.555917978286743
[00:37:55.656] [INFO] [COMBAT] One-Shot Mode. Attack: false
[00:37:55.657] [DEBUG] [MOUSE] Injected delta: -8, -1
[00:37:55.709] [INFO] [COMBAT] In attack block. Distance: 2.5116631984710693
[00:37:55.710] [INFO] [COMBAT] One-Shot Mode. Attack: false
[00:37:55.751] [INFO] [COMBAT] In attack block. Distance: 2.4450137615203857
[00:37:55.752] [INFO] [COMBAT] One-Shot Mode. Attack: false
[00:37:55.752] [DEBUG] [MOUSE] Injected delta: -4, 0
[00:37:55.802] [INFO] [COMBAT] In attack block. Distance: 2.4944539070129395
[00:37:55.802] [INFO] [COMBAT] One-Shot Mode. Attack: false
[00:37:55.802] [DEBUG] [MOUSE] Injected delta: -15, -1
[00:37:55.864] [INFO] [COMBAT] In attack block. Distance: 2.6704835891723633
[00:37:55.865] [INFO] [COMBAT] One-Shot Mode. Attack: false
[00:37:55.865] [DEBUG] [MOUSE] Injected delta: -7, 0
[00:37:55.911] [DEBUG] [PERCEPTION] Found combat target: attackable
[00:37:55.911] [INFO] [COMBAT] In attack block. Distance: 2.784158706665039
[00:37:55.912] [INFO] [COMBAT] One-Shot Mode. Attack: false
[00:37:55.958] [INFO] [COMBAT] In attack block. Distance: 2.863901376724243
[00:37:55.958] [INFO] [COMBAT] One-Shot Mode. Attack: false
[00:37:55.959] [DEBUG] [MOUSE] Injected delta: -1, 0
[00:37:56.004] [INFO] [COMBAT] In attack block. Distance: 2.768918514251709
[00:37:56.005] [INFO] [COMBAT] One-Shot Mode. Attack: false
[00:37:56.005] [DEBUG] [MOUSE] Injected delta: -5, 0
[00:37:56.052] [INFO] [COMBAT] In attack block. Distance: 2.647676944732666
[00:37:56.053] [INFO] [COMBAT] One-Shot Mode. Attack: false
[00:37:56.053] [DEBUG] [MOUSE] Injected delta: -8, 0
[00:37:56.101] [INFO] [COMBAT] In attack block. Distance: 2.5840137004852295
[00:37:56.102] [INFO] [COMBAT] One-Shot Mode. Attack: false
[00:37:56.102] [DEBUG] [MOUSE] Injected delta: -5, 0
[00:37:56.151] [INFO] [COMBAT] In attack block. Distance: 2.528804302215576
[00:37:56.152] [INFO] [COMBAT] One-Shot Mode. Attack: false
[00:37:56.152] [DEBUG] [MOUSE] Injected delta: -2, 0
[00:37:56.214] [DEBUG] [PERCEPTION] Found combat target: attackable
[00:37:56.215] [INFO] [COMBAT] In attack block. Distance: 2.4286279678344727
[00:37:56.215] [INFO] [COMBAT] One-Shot Mode. Attack: false
[00:37:56.260] [INFO] [COMBAT] In attack block. Distance: 2.428762674331665
[00:37:56.261] [INFO] [COMBAT] One-Shot Mode. Attack: false
[00:37:56.261] [DEBUG] [MOUSE] Injected delta: -1, 1
[00:37:56.309] [INFO] [COMBAT] In attack block. Distance: 2.4026055335998535
[00:37:56.309] [INFO] [COMBAT] One-Shot Mode. Attack: false
[00:37:56.309] [DEBUG] [MOUSE] Injected delta: -7, -1
[00:37:56.357] [INFO] [COMBAT] In attack block. Distance: 2.406826972961426
[00:37:56.358] [INFO] [COMBAT] One-Shot Mode. Attack: false
[00:37:56.358] [DEBUG] [MOUSE] Injected delta: -2, 0
[00:37:56.410] [INFO] [COMBAT] In attack block. Distance: 2.403496503829956
[00:37:56.410] [INFO] [COMBAT] One-Shot Mode. Attack: false
[00:37:56.456] [INFO] [COMBAT] In attack block. Distance: 2.447589635848999
[00:37:56.456] [INFO] [COMBAT] One-Shot Mode. Attack: false
[00:37:56.457] [DEBUG] [MOUSE] Injected delta: -13, 0
[00:37:56.505] [DEBUG] [PERCEPTION] Found combat target: attackable
[00:37:56.506] [INFO] [COMBAT] In attack block. Distance: 2.5129354000091553
[00:37:56.506] [INFO] [COMBAT] One-Shot Mode. Attack: false
[00:37:56.507] [DEBUG] [MOUSE] Injected delta: -84, 1
[00:37:56.554] [INFO] [COMBAT] In attack block. Distance: 2.5006661415100098
[00:37:56.554] [INFO] [COMBAT] One-Shot Mode. Attack: false
[00:37:56.555] [DEBUG] [MOUSE] Injected delta: -36, 0
[00:37:56.604] [INFO] [COMBAT] In attack block. Distance: 2.4398300647735596
[00:37:56.604] [INFO] [COMBAT] One-Shot Mode. Attack: false
[00:37:56.666] [INFO] [COMBAT] In attack block. Distance: 2.4662506580352783
[00:37:56.667] [INFO] [COMBAT] One-Shot Mode. Attack: false
[00:37:56.668] [DEBUG] [MOUSE] Injected delta: -28, 1
[00:37:56.709] [INFO] [COMBAT] In attack block. Distance: 2.5396721363067627
[00:37:56.709] [INFO] [COMBAT] One-Shot Mode. Attack: false
[00:37:56.710] [DEBUG] [MOUSE] Injected delta: -102, 1
[00:37:56.758] [INFO] [COMBAT] In attack block. Distance: 2.5146141052246094
[00:37:56.759] [INFO] [COMBAT] One-Shot Mode. Attack: false
[00:37:56.759] [DEBUG] [MOUSE] Injected delta: -49, -1
[00:37:56.808] [DEBUG] [PERCEPTION] Found combat target: attackable
[00:37:56.808] [INFO] [COMBAT] In attack block. Distance: 2.3509681224823
[00:37:56.809] [INFO] [COMBAT] One-Shot Mode. Attack: false
[00:37:56.864] [INFO] [COMBAT] In attack block. Distance: 2.354677200317383
[00:37:56.864] [INFO] [COMBAT] One-Shot Mode. Attack: false
[00:37:56.865] [DEBUG] [MOUSE] Injected delta: -20, 0
[00:37:56.907] [INFO] [COMBAT] In attack block. Distance: 2.4304730892181396
[00:37:56.908] [INFO] [COMBAT] One-Shot Mode. Attack: false
[00:37:56.908] [DEBUG] [MOUSE] Injected delta: -46, 0
[00:37:56.961] [INFO] [COMBAT] In attack block. Distance: 2.5488979816436768
[00:37:56.962] [INFO] [COMBAT] One-Shot Mode. Attack: false
[00:37:56.962] [DEBUG] [MOUSE] Injected delta: -26, 0
[00:37:57.006] [INFO] [COMBAT] In attack block. Distance: 2.528975486755371
[00:37:57.006] [INFO] [COMBAT] One-Shot Mode. Attack: false
[00:37:57.050] [INFO] [COMBAT] In attack block. Distance: 2.4670279026031494
[00:37:57.050] [INFO] [COMBAT] One-Shot Mode. Attack: false
[00:37:57.051] [DEBUG] [MOUSE] Injected delta: -10, -1
[00:37:57.100] [DEBUG] [PERCEPTION] Found combat target: attackable
[00:37:57.100] [INFO] [COMBAT] In attack block. Distance: 2.520697832107544
[00:37:57.100] [INFO] [COMBAT] One-Shot Mode. Attack: false
[00:37:57.101] [DEBUG] [MOUSE] Injected delta: -20, -2
[00:37:57.163] [INFO] [COMBAT] In attack block. Distance: 2.564875841140747
[00:37:57.163] [INFO] [COMBAT] One-Shot Mode. Attack: false
[00:37:57.164] [DEBUG] [MOUSE] Injected delta: -9, 0
[00:37:57.212] [INFO] [COMBAT] In attack block. Distance: 2.5628325939178467
[00:37:57.213] [INFO] [COMBAT] One-Shot Mode. Attack: false
[00:37:57.261] [INFO] [COMBAT] In attack block. Distance: 2.5354933738708496
[00:37:57.261] [INFO] [COMBAT] One-Shot Mode. Attack: false
[00:37:57.262] [DEBUG] [MOUSE] Injected delta: 1, 0
[00:37:57.312] [INFO] [COMBAT] In attack block. Distance: 2.399423122406006
[00:37:57.312] [INFO] [COMBAT] One-Shot Mode. Attack: false
[00:37:57.313] [DEBUG] [MOUSE] Injected delta: 4, 1
[00:37:57.358] [INFO] [COMBAT] In attack block. Distance: 2.3826797008514404
[00:37:57.358] [INFO] [COMBAT] One-Shot Mode. Attack: false
[00:37:57.358] [DEBUG] [MOUSE] Injected delta: 7, 1
[00:37:57.404] [DEBUG] [PERCEPTION] Found combat target: attackable
[00:37:57.405] [INFO] [COMBAT] In attack block. Distance: 2.4732065200805664
[00:37:57.405] [INFO] [COMBAT] One-Shot Mode. Attack: false
[00:37:57.405] [DEBUG] [MOUSE] Injected delta: 17, 1
[00:37:57.450] [INFO] [COMBAT] In attack block. Distance: 2.5994749069213867
[00:37:57.450] [INFO] [COMBAT] One-Shot Mode. Attack: false
[00:37:57.451] [DEBUG] [MOUSE] Injected delta: 4, 0
[00:37:57.517] [INFO] [COMBAT] In attack block. Distance: 2.5061795711517334
[00:37:57.518] [INFO] [COMBAT] One-Shot Mode. Attack: false
[00:37:57.564] [INFO] [COMBAT] In attack block. Distance: 2.3546369075775146
[00:37:57.565] [INFO] [COMBAT] One-Shot Mode. Attack: false
[00:37:57.565] [DEBUG] [MOUSE] Injected delta: 10, 1
[00:37:57.601] [INFO] [COMBAT] In attack block. Distance: 2.2524399757385254
[00:37:57.601] [INFO] [COMBAT] One-Shot Mode. Attack: false
[00:37:57.602] [DEBUG] [MOUSE] Injected delta: 19, 3
[00:37:57.662] [INFO] [COMBAT] In attack block. Distance: 2.1447670459747314
[00:37:57.663] [INFO] [COMBAT] One-Shot Mode. Attack: false
[00:37:57.664] [DEBUG] [MOUSE] Injected delta: 2, 1
[00:37:57.709] [DEBUG] [PERCEPTION] Found combat target: attackable
[00:37:57.709] [INFO] [COMBAT] In attack block. Distance: 2.0740370750427246
[00:37:57.710] [INFO] [COMBAT] One-Shot Mode. Attack: false
[00:37:57.759] [INFO] [COMBAT] In attack block. Distance: 2.0284323692321777
[00:37:57.759] [INFO] [COMBAT] One-Shot Mode. Attack: false
[00:37:57.759] [DEBUG] [MOUSE] Injected delta: -42, 0
[00:37:57.805] [INFO] [COMBAT] In attack block. Distance: 1.9660264253616333
[00:37:57.805] [INFO] [COMBAT] One-Shot Mode. Attack: false
[00:37:57.806] [DEBUG] [MOUSE] Injected delta: -131, 1
[00:37:57.859] [INFO] [COMBAT] In attack block. Distance: 1.914789080619812
[00:37:57.859] [INFO] [COMBAT] One-Shot Mode. Attack: false
[00:37:57.859] [DEBUG] [MOUSE] Injected delta: -52, 0
[00:37:57.907] [INFO] [COMBAT] In attack block. Distance: 1.856499195098877
[00:37:57.908] [INFO] [COMBAT] One-Shot Mode. Attack: false
[00:37:57.953] [INFO] [COMBAT] In attack block. Distance: 1.815203070640564
[00:37:57.953] [INFO] [COMBAT] One-Shot Mode. Attack: false
[00:37:57.954] [DEBUG] [MOUSE] Injected delta: -16, 0
[00:37:58.004] [DEBUG] [PERCEPTION] Found combat target: attackable
[00:37:58.004] [INFO] [COMBAT] In attack block. Distance: 1.7841722965240479
[00:37:58.005] [INFO] [COMBAT] One-Shot Mode. Attack: false
[00:37:58.005] [DEBUG] [MOUSE] Injected delta: -86, 1
[00:37:58.050] [INFO] [COMBAT] In attack block. Distance: 1.7720423936843872
[00:37:58.051] [INFO] [COMBAT] One-Shot Mode. Attack: false
[00:37:58.051] [DEBUG] [MOUSE] Injected delta: -38, 1
[00:37:58.116] [INFO] [COMBAT] In attack block. Distance: 1.7804713249206543
[00:37:58.116] [INFO] [COMBAT] One-Shot Mode. Attack: false
[00:37:58.163] [INFO] [COMBAT] In attack block. Distance: 1.8251930475234985
[00:37:58.164] [INFO] [COMBAT] One-Shot Mode. Attack: false
[00:37:58.164] [DEBUG] [MOUSE] Injected delta: -26, 0
[00:37:58.210] [INFO] [COMBAT] In attack block. Distance: 1.9037939310073853
[00:37:58.210] [INFO] [COMBAT] One-Shot Mode. Attack: false
[00:37:58.211] [DEBUG] [MOUSE] Injected delta: -91, 1
[00:37:58.257] [INFO] [COMBAT] In attack block. Distance: 2.01230788230896
[00:37:58.258] [INFO] [COMBAT] One-Shot Mode. Attack: false
[00:37:58.258] [DEBUG] [MOUSE] Injected delta: -45, 0
[00:37:58.305] [DEBUG] [PERCEPTION] Found combat target: attackable
[00:37:58.306] [INFO] [COMBAT] In attack block. Distance: 2.0905284881591797
[00:37:58.306] [INFO] [COMBAT] One-Shot Mode. Attack: false
[00:37:58.356] [INFO] [COMBAT] In attack block. Distance: 2.1730332374572754
[00:37:58.357] [INFO] [COMBAT] One-Shot Mode. Attack: false
[00:37:58.357] [DEBUG] [MOUSE] Injected delta: -15, -1
[00:37:58.402] [INFO] [COMBAT] In attack block. Distance: 2.3161487579345703
[00:37:58.402] [INFO] [COMBAT] One-Shot Mode. Attack: false
[00:37:58.403] [DEBUG] [MOUSE] Injected delta: -4, -3
[00:37:58.452] [INFO] [COMBAT] In attack block. Distance: 2.461611270904541
[00:37:58.452] [INFO] [COMBAT] One-Shot Mode. Attack: false
[00:37:58.453] [DEBUG] [MOUSE] Injected delta: -3, -1
[00:37:58.515] [INFO] [COMBAT] In attack block. Distance: 2.635892152786255
[00:37:58.515] [INFO] [COMBAT] One-Shot Mode. Attack: false
[00:37:58.563] [INFO] [COMBAT] In attack block. Distance: 2.783121109008789
[00:37:58.563] [INFO] [COMBAT] One-Shot Mode. Attack: false
[00:37:58.563] [DEBUG] [MOUSE] Injected delta: 1, 0
[00:37:58.624] [DEBUG] [PERCEPTION] Found combat target: attackable
[00:37:58.625] [INFO] [COMBAT] In attack block. Distance: 2.8772969245910645
[00:37:58.625] [INFO] [COMBAT] One-Shot Mode. Attack: false
[00:37:58.626] [DEBUG] [MOUSE] Injected delta: 6, -1
[00:37:58.649] [INFO] [COMBAT] In attack block. Distance: 2.9423975944519043
[00:37:58.650] [INFO] [COMBAT] One-Shot Mode. Attack: false
[00:37:58.651] [DEBUG] [MOUSE] Injected delta: 10, -2
[00:37:58.701] [INFO] [COMBAT] In attack block. Distance: 2.7460641860961914
[00:37:58.701] [INFO] [COMBAT] One-Shot Mode. Attack: false
[00:37:58.701] [DEBUG] [MOUSE] Injected delta: 7, -1
[00:37:58.765] [INFO] [COMBAT] In attack block. Distance: 2.5491976737976074
[00:37:58.766] [INFO] [COMBAT] One-Shot Mode. Attack: false
[00:37:58.766] [DEBUG] [MOUSE] Injected delta: 1, 0
[00:37:58.814] [INFO] [COMBAT] In attack block. Distance: 2.3480582237243652
[00:37:58.815] [INFO] [COMBAT] One-Shot Mode. Attack: false
[00:37:58.864] [INFO] [COMBAT] In attack block. Distance: 2.2427282333374023
[00:37:58.864] [INFO] [COMBAT] One-Shot Mode. Attack: false
[00:37:58.865] [DEBUG] [MOUSE] Injected delta: 13, 2
[00:37:58.911] [DEBUG] [PERCEPTION] Found combat target: attackable
[00:37:58.912] [INFO] [COMBAT] In attack block. Distance: 2.2138843536376953
[00:37:58.912] [INFO] [COMBAT] One-Shot Mode. Attack: false
[00:37:58.912] [DEBUG] [MOUSE] Injected delta: 45, 3
[00:37:58.959] [INFO] [COMBAT] In attack block. Distance: 2.2176589965820312
[00:37:58.960] [INFO] [COMBAT] One-Shot Mode. Attack: false
[00:37:58.960] [DEBUG] [MOUSE] Injected delta: 20, 1
[00:37:59.008] [INFO] [COMBAT] In attack block. Distance: 2.2650773525238037
[00:37:59.008] [INFO] [COMBAT] One-Shot Mode. Attack: false
[00:37:59.056] [INFO] [COMBAT] In attack block. Distance: 2.3294150829315186
[00:37:59.057] [INFO] [COMBAT] One-Shot Mode. Attack: false
[00:37:59.057] [DEBUG] [MOUSE] Injected delta: 21, -1
[00:37:59.107] [INFO] [COMBAT] In attack block. Distance: 2.4194982051849365
[00:37:59.108] [INFO] [COMBAT] One-Shot Mode. Attack: false
[00:37:59.108] [DEBUG] [MOUSE] Injected delta: 81, -3
[00:37:59.153] [INFO] [COMBAT] In attack block. Distance: 2.5211145877838135
[00:37:59.153] [INFO] [COMBAT] One-Shot Mode. Attack: false
[00:37:59.153] [DEBUG] [MOUSE] Injected delta: 32, -1
[00:37:59.202] [DEBUG] [PERCEPTION] Found combat target: attackable
[00:37:59.203] [INFO] [COMBAT] In attack block. Distance: 2.532996892929077
[00:37:59.203] [INFO] [COMBAT] One-Shot Mode. Attack: false
[00:37:59.254] [INFO] [COMBAT] In attack block. Distance: 2.499140977859497
[00:37:59.255] [INFO] [COMBAT] One-Shot Mode. Attack: false
[00:37:59.256] [DEBUG] [MOUSE] Injected delta: 13, -1
[00:37:59.317] [INFO] [COMBAT] In attack block. Distance: 2.535947799682617
[00:37:59.317] [INFO] [COMBAT] One-Shot Mode. Attack: false
[00:37:59.318] [DEBUG] [MOUSE] Injected delta: 49, -2
[00:37:59.364] [INFO] [COMBAT] In attack block. Distance: 2.5324273109436035
[00:37:59.365] [INFO] [COMBAT] One-Shot Mode. Attack: false
[00:37:59.365] [DEBUG] [MOUSE] Injected delta: 22, 0
[00:37:59.416] [INFO] [COMBAT] In attack block. Distance: 2.4929683208465576
[00:37:59.417] [INFO] [COMBAT] One-Shot Mode. Attack: false
[00:37:59.453] [INFO] [COMBAT] In attack block. Distance: 2.565469741821289
[00:37:59.453] [INFO] [COMBAT] One-Shot Mode. Attack: false
[00:37:59.453] [DEBUG] [MOUSE] Injected delta: 5, 0
[00:37:59.512] [DEBUG] [PERCEPTION] Found combat target: attackable
[00:37:59.512] [INFO] [COMBAT] In attack block. Distance: 2.500218391418457
[00:37:59.512] [INFO] [COMBAT] One-Shot Mode. Attack: false
[00:37:59.513] [DEBUG] [MOUSE] Injected delta: 24, 0
[00:37:59.559] [INFO] [COMBAT] In attack block. Distance: 2.4143385887145996
[00:37:59.560] [INFO] [COMBAT] One-Shot Mode. Attack: false
[00:37:59.560] [DEBUG] [MOUSE] Injected delta: 38, 0
[00:37:59.608] [INFO] [COMBAT] In attack block. Distance: 2.4511654376983643
[00:37:59.609] [INFO] [COMBAT] One-Shot Mode. Attack: false
[00:37:59.609] [DEBUG] [MOUSE] Injected delta: 23, 1
[00:37:59.653] [INFO] [COMBAT] In attack block. Distance: 2.5387959480285645
[00:37:59.653] [INFO] [COMBAT] One-Shot Mode. Attack: false
[00:37:59.654] [DEBUG] [MOUSE] Injected delta: 5, 0
[00:37:59.727] [INFO] [COMBAT] In attack block. Distance: 2.5403974056243896
[00:37:59.728] [INFO] [COMBAT] One-Shot Mode. Attack: false
[00:37:59.766] [INFO] [COMBAT] In attack block. Distance: 2.5484302043914795
[00:37:59.766] [INFO] [COMBAT] One-Shot Mode. Attack: false
[00:37:59.767] [DEBUG] [MOUSE] Injected delta: 3, 0
[00:37:59.799] [DEBUG] [PERCEPTION] Found combat target: attackable
[00:37:59.800] [INFO] [COMBAT] In attack block. Distance: 2.531628131866455
[00:37:59.800] [INFO] [COMBAT] One-Shot Mode. Attack: false
[00:37:59.800] [DEBUG] [MOUSE] Injected delta: 14, 0
[00:37:59.862] [INFO] [COMBAT] In attack block. Distance: 2.466543436050415
[00:37:59.863] [INFO] [COMBAT] One-Shot Mode. Attack: false
[00:37:59.863] [DEBUG] [MOUSE] Injected delta: 27, 1
[00:37:59.910] [INFO] [COMBAT] In attack block. Distance: 2.5231833457946777
[00:37:59.911] [INFO] [COMBAT] One-Shot Mode. Attack: false
[00:37:59.911] [DEBUG] [MOUSE] Injected delta: 23, 0
[00:37:59.960] [INFO] [COMBAT] In attack block. Distance: 2.549147367477417
[00:37:59.960] [INFO] [COMBAT] One-Shot Mode. Attack: false
[00:37:59.961] [DEBUG] [MOUSE] Injected delta: 5, 1
[00:38:00.010] [INFO] [COMBAT] In attack block. Distance: 2.4783239364624023
[00:38:00.011] [INFO] [COMBAT] One-Shot Mode. Attack: false
[00:38:00.067] [INFO] [COMBAT] In attack block. Distance: 2.578620672225952
[00:38:00.068] [INFO] [COMBAT] One-Shot Mode. Attack: false
[00:38:00.068] [DEBUG] [MOUSE] Injected delta: 1, 0
[00:38:00.101] [DEBUG] [PERCEPTION] Found combat target: attackable
[00:38:00.102] [INFO] [COMBAT] In attack block. Distance: 2.6011364459991455
[00:38:00.102] [INFO] [COMBAT] One-Shot Mode. Attack: false
[00:38:00.102] [DEBUG] [MOUSE] Injected delta: 6, 1
[00:38:00.154] [INFO] [COMBAT] In attack block. Distance: 2.581753730773926
[00:38:00.154] [INFO] [COMBAT] One-Shot Mode. Attack: false
[00:38:00.154] [DEBUG] [MOUSE] Injected delta: 15, 0
[00:38:00.202] [INFO] [COMBAT] In attack block. Distance: 2.4557273387908936
[00:38:00.202] [INFO] [COMBAT] One-Shot Mode. Attack: false
[00:38:00.203] [DEBUG] [MOUSE] Injected delta: 11, 0
[00:38:00.266] [INFO] [COMBAT] In attack block. Distance: 2.402414321899414
[00:38:00.266] [INFO] [COMBAT] One-Shot Mode. Attack: false
[00:38:00.267] [DEBUG] [MOUSE] Injected delta: 3, 0
[00:38:00.316] [INFO] [COMBAT] In attack block. Distance: 2.4117367267608643
[00:38:00.316] [INFO] [COMBAT] One-Shot Mode. Attack: false
[00:38:00.363] [INFO] [COMBAT] In attack block. Distance: 2.3986456394195557
[00:38:00.363] [INFO] [COMBAT] One-Shot Mode. Attack: false
[00:38:00.364] [DEBUG] [MOUSE] Injected delta: -2, 0
[00:38:00.413] [DEBUG] [PERCEPTION] Found combat target: attackable
[00:38:00.413] [INFO] [COMBAT] In attack block. Distance: 2.4058871269226074
[00:38:00.414] [INFO] [COMBAT] One-Shot Mode. Attack: false
[00:38:00.414] [DEBUG] [MOUSE] Injected delta: -12, 0
[00:38:00.462] [INFO] [COMBAT] In attack block. Distance: 2.3758718967437744
[00:38:00.462] [INFO] [COMBAT] One-Shot Mode. Attack: false
[00:38:00.463] [DEBUG] [MOUSE] Injected delta: -21, 0
[00:38:00.507] [INFO] [COMBAT] In attack block. Distance: 2.3584237098693848
[00:38:00.508] [INFO] [COMBAT] One-Shot Mode. Attack: false
[00:38:00.555] [INFO] [COMBAT] In attack block. Distance: 2.351138114929199
[00:38:00.555] [INFO] [COMBAT] One-Shot Mode. Attack: false
[00:38:00.556] [DEBUG] [MOUSE] Injected delta: -33, -1
[00:38:00.604] [INFO] [COMBAT] In attack block. Distance: 2.320913553237915
[00:38:00.605] [INFO] [COMBAT] One-Shot Mode. Attack: false
[00:38:00.605] [DEBUG] [MOUSE] Injected delta: -101, 0
[00:38:00.666] [INFO] [COMBAT] In attack block. Distance: 2.275259017944336
[00:38:00.666] [INFO] [COMBAT] One-Shot Mode. Attack: false
[00:38:00.667] [DEBUG] [MOUSE] Injected delta: -43, 0
[00:38:00.700] [DEBUG] [PERCEPTION] Found combat target: attackable
[00:38:00.701] [INFO] [COMBAT] In attack block. Distance: 2.2483153343200684
[00:38:00.701] [INFO] [COMBAT] One-Shot Mode. Attack: false
[00:38:00.766] [INFO] [COMBAT] In attack block. Distance: 2.233076572418213
[00:38:00.766] [INFO] [COMBAT] One-Shot Mode. Attack: false
[00:38:00.766] [DEBUG] [MOUSE] Injected delta: -32, 1
[00:38:00.829] [INFO] [COMBAT] In attack block. Distance: 2.2354726791381836
[00:38:00.829] [INFO] [COMBAT] One-Shot Mode. Attack: false
[00:38:00.829] [DEBUG] [MOUSE] Injected delta: -103, 2
[00:38:00.861] [INFO] [COMBAT] In attack block. Distance: 2.2554476261138916
[00:38:00.861] [INFO] [COMBAT] One-Shot Mode. Attack: false
[00:38:00.861] [DEBUG] [MOUSE] Injected delta: -42, 1
[00:38:00.909] [INFO] [COMBAT] In attack block. Distance: 2.2752203941345215
[00:38:00.910] [INFO] [COMBAT] One-Shot Mode. Attack: false
[00:38:00.963] [INFO] [COMBAT] In attack block. Distance: 2.3245177268981934
[00:38:00.964] [INFO] [COMBAT] One-Shot Mode. Attack: false
[00:38:00.964] [DEBUG] [MOUSE] Injected delta: -12, -1
[00:38:01.014] [DEBUG] [PERCEPTION] Found combat target: attackable
[00:38:01.015] [INFO] [COMBAT] In attack block. Distance: 2.3923184871673584
[00:38:01.015] [INFO] [COMBAT] One-Shot Mode. Attack: false
[00:38:01.015] [DEBUG] [MOUSE] Injected delta: -27, -3
[00:38:01.062] [INFO] [COMBAT] In attack block. Distance: 2.4771034717559814
[00:38:01.062] [INFO] [COMBAT] One-Shot Mode. Attack: false
[00:38:01.063] [DEBUG] [MOUSE] Injected delta: -23, -1
[00:38:01.109] [INFO] [COMBAT] In attack block. Distance: 2.5494043827056885
[00:38:01.109] [INFO] [COMBAT] One-Shot Mode. Attack: false
[00:38:01.156] [INFO] [COMBAT] In attack block. Distance: 2.527761936187744
[00:38:01.157] [INFO] [COMBAT] One-Shot Mode. Attack: false
[00:38:01.157] [DEBUG] [MOUSE] Injected delta: -4, 0
[00:38:01.206] [INFO] [COMBAT] In attack block. Distance: 2.514199733734131
[00:38:01.206] [INFO] [COMBAT] One-Shot Mode. Attack: false
[00:38:01.207] [DEBUG] [MOUSE] Injected delta: -6, 1
[00:38:01.256] [INFO] [COMBAT] In attack block. Distance: 2.473724842071533
[00:38:01.256] [INFO] [COMBAT] One-Shot Mode. Attack: false
[00:38:01.256] [DEBUG] [MOUSE] Injected delta: -13, 1
[00:38:01.301] [DEBUG] [PERCEPTION] Found combat target: attackable
[00:38:01.302] [INFO] [COMBAT] In attack block. Distance: 2.546274423599243
[00:38:01.302] [INFO] [COMBAT] One-Shot Mode. Attack: false
[00:38:01.302] [DEBUG] [MOUSE] Injected delta: -7, 0
[00:38:01.349] [INFO] [COMBAT] In attack block. Distance: 2.5373663902282715
[00:38:01.350] [INFO] [COMBAT] One-Shot Mode. Attack: false
[00:38:01.350] [DEBUG] [MOUSE] Injected delta: -2, -1
[00:38:01.412] [INFO] [COMBAT] In attack block. Distance: 2.4965951442718506
[00:38:01.413] [INFO] [COMBAT] One-Shot Mode. Attack: false
[00:38:01.466] [INFO] [COMBAT] In attack block. Distance: 2.558716058731079
[00:38:01.466] [INFO] [COMBAT] One-Shot Mode. Attack: false
[00:38:01.466] [DEBUG] [MOUSE] Injected delta: 1, 0
[00:38:01.500] [INFO] [COMBAT] In attack block. Distance: 2.4552505016326904
[00:38:01.500] [INFO] [COMBAT] One-Shot Mode. Attack: false
[00:38:01.500] [DEBUG] [MOUSE] Injected delta: 4, 0
[00:38:01.563] [INFO] [COMBAT] In attack block. Distance: 2.4611337184906006
[00:38:01.564] [INFO] [COMBAT] One-Shot Mode. Attack: false
[00:38:01.564] [DEBUG] [MOUSE] Injected delta: 3, -1
[00:38:01.611] [DEBUG] [PERCEPTION] Found combat target: attackable
[00:38:01.611] [INFO] [COMBAT] In attack block. Distance: 2.5092484951019287
[00:38:01.612] [INFO] [COMBAT] One-Shot Mode. Attack: false
[00:38:01.612] [DEBUG] [MOUSE] Injected delta: 4, -1
[00:38:01.661] [INFO] [COMBAT] In attack block. Distance: 2.4537618160247803
[00:38:01.661] [INFO] [COMBAT] One-Shot Mode. Attack: false
[00:38:01.662] [DEBUG] [MOUSE] Injected delta: -1, 0
[00:38:01.709] [INFO] [COMBAT] In attack block. Distance: 2.4581139087677
[00:38:01.710] [INFO] [COMBAT] One-Shot Mode. Attack: false
[00:38:01.766] [INFO] [COMBAT] In attack block. Distance: 2.573651075363159
[00:38:01.766] [INFO] [COMBAT] One-Shot Mode. Attack: false
[00:38:01.767] [DEBUG] [MOUSE] Injected delta: -3, 0
[00:38:01.801] [INFO] [COMBAT] In attack block. Distance: 2.6190459728240967
[00:38:01.801] [INFO] [COMBAT] One-Shot Mode. Attack: false
[00:38:01.801] [DEBUG] [MOUSE] Injected delta: -22, 0
[00:38:01.861] [INFO] [COMBAT] In attack block. Distance: 2.618212938308716
[00:38:01.862] [INFO] [COMBAT] One-Shot Mode. Attack: false
[00:38:01.862] [DEBUG] [MOUSE] Injected delta: -43, -1
[00:38:01.906] [DEBUG] [PERCEPTION] Found combat target: attackable
[00:38:01.906] [INFO] [COMBAT] In attack block. Distance: 2.599778175354004
[00:38:01.907] [INFO] [COMBAT] One-Shot Mode. Attack: false
[00:38:01.907] [DEBUG] [MOUSE] Injected delta: -35, 0
[00:38:01.954] [INFO] [COMBAT] In attack block. Distance: 2.5730140209198
[00:38:01.955] [INFO] [COMBAT] One-Shot Mode. Attack: false
[00:38:01.955] [DEBUG] [MOUSE] Injected delta: -9, 0
[00:38:02.008] [INFO] [COMBAT] In attack block. Distance: 2.4493558406829834
[00:38:02.008] [INFO] [COMBAT] One-Shot Mode. Attack: false
[00:38:02.054] [INFO] [COMBAT] In attack block. Distance: 2.4350669384002686
[00:38:02.055] [INFO] [COMBAT] One-Shot Mode. Attack: false
[00:38:02.055] [DEBUG] [MOUSE] Injected delta: -13, 1
[00:38:02.102] [INFO] [COMBAT] In attack block. Distance: 2.5184130668640137
[00:38:02.102] [INFO] [COMBAT] One-Shot Mode. Attack: false
[00:38:02.103] [DEBUG] [MOUSE] Injected delta: -37, 2
[00:38:02.167] [INFO] [COMBAT] In attack block. Distance: 2.5383095741271973
[00:38:02.168] [INFO] [COMBAT] One-Shot Mode. Attack: false
[00:38:02.168] [DEBUG] [MOUSE] Injected delta: -15, 1
[00:38:02.211] [DEBUG] [PERCEPTION] Found combat target: attackable
[00:38:02.212] [INFO] [COMBAT] In attack block. Distance: 2.5372769832611084
[00:38:02.212] [INFO] [COMBAT] One-Shot Mode. Attack: false
[00:38:02.262] [INFO] [COMBAT] In attack block. Distance: 2.519257068634033
[00:38:02.262] [INFO] [COMBAT] One-Shot Mode. Attack: false
[00:38:02.262] [DEBUG] [MOUSE] Injected delta: -2, 1
[00:38:02.313] [INFO] [COMBAT] In attack block. Distance: 2.468435287475586
[00:38:02.314] [INFO] [COMBAT] One-Shot Mode. Attack: false
[00:38:02.314] [DEBUG] [MOUSE] Injected delta: -14, 0
[00:38:02.359] [INFO] [COMBAT] In attack block. Distance: 2.5877740383148193
[00:38:02.360] [INFO] [COMBAT] One-Shot Mode. Attack: false
[00:38:02.360] [DEBUG] [MOUSE] Injected delta: -24, 0
[00:38:02.404] [INFO] [COMBAT] In attack block. Distance: 2.669511318206787
[00:38:02.405] [INFO] [COMBAT] One-Shot Mode. Attack: false
[00:38:02.405] [DEBUG] [MOUSE] Injected delta: -19, 0
[00:38:02.457] [INFO] [COMBAT] In attack block. Distance: 2.6903560161590576
[00:38:02.457] [INFO] [COMBAT] One-Shot Mode. Attack: false
[00:38:02.457] [DEBUG] [MOUSE] Injected delta: -5, 0
[00:38:02.507] [DEBUG] [PERCEPTION] Found combat target: attackable
[00:38:02.507] [INFO] [COMBAT] In attack block. Distance: 2.7003679275512695
[00:38:02.507] [INFO] [COMBAT] One-Shot Mode. Attack: false
[00:38:02.558] [INFO] [COMBAT] In attack block. Distance: 2.7050411701202393
[00:38:02.558] [INFO] [COMBAT] One-Shot Mode. Attack: false
[00:38:02.559] [DEBUG] [MOUSE] Injected delta: -2, 0
[00:38:02.614] [INFO] [COMBAT] In attack block. Distance: 2.5936360359191895
[00:38:02.614] [INFO] [COMBAT] One-Shot Mode. Attack: false
[00:38:02.615] [DEBUG] [MOUSE] Injected delta: -10, 1
[00:38:02.658] [INFO] [COMBAT] In attack block. Distance: 2.5794756412506104
[00:38:02.658] [INFO] [COMBAT] One-Shot Mode. Attack: false
[00:38:02.660] [DEBUG] [MOUSE] Injected delta: -17, 0
[00:38:02.708] [INFO] [COMBAT] In attack block. Distance: 2.5720512866973877
[00:38:02.709] [INFO] [COMBAT] One-Shot Mode. Attack: false
[00:38:02.709] [DEBUG] [MOUSE] Injected delta: -12, 1
[00:38:02.751] [INFO] [COMBAT] In attack block. Distance: 2.568277359008789
[00:38:02.752] [INFO] [COMBAT] One-Shot Mode. Attack: false
[00:38:02.752] [DEBUG] [MOUSE] Injected delta: -3, 0
[00:38:02.800] [DEBUG] [PERCEPTION] Found combat target: attackable
[00:38:02.800] [INFO] [COMBAT] In attack block. Distance: 2.480609893798828
[00:38:02.801] [INFO] [COMBAT] One-Shot Mode. Attack: false
[00:38:02.865] [INFO] [COMBAT] In attack block. Distance: 2.513063669204712
[00:38:02.866] [INFO] [COMBAT] One-Shot Mode. Attack: false
[00:38:02.866] [DEBUG] [MOUSE] Injected delta: -1, 0
[00:38:02.900] [INFO] [COMBAT] In attack block. Distance: 2.501871347427368
[00:38:02.901] [INFO] [COMBAT] One-Shot Mode. Attack: false
[00:38:02.902] [DEBUG] [MOUSE] Injected delta: -4, 0
[00:38:02.968] [INFO] [COMBAT] In attack block. Distance: 2.369548797607422
[00:38:02.968] [INFO] [COMBAT] One-Shot Mode. Attack: false
[00:38:02.969] [DEBUG] [MOUSE] Injected delta: -9, 0
[00:38:03.001] [INFO] [COMBAT] In attack block. Distance: 2.32243275642395
[00:38:03.001] [INFO] [COMBAT] One-Shot Mode. Attack: false
[00:38:03.002] [DEBUG] [MOUSE] Injected delta: -8, 1
[00:38:03.063] [INFO] [COMBAT] In attack block. Distance: 2.3466577529907227
[00:38:03.063] [INFO] [COMBAT] One-Shot Mode. Attack: false
[00:38:03.063] [DEBUG] [MOUSE] Injected delta: -3, 0
[00:38:03.114] [DEBUG] [PERCEPTION] Found combat target: attackable
[00:38:03.115] [INFO] [COMBAT] In attack block. Distance: 2.4114084243774414
[00:38:03.115] [INFO] [COMBAT] One-Shot Mode. Attack: false
[00:38:03.160] [INFO] [COMBAT] In attack block. Distance: 2.4915778636932373
[00:38:03.160] [INFO] [COMBAT] One-Shot Mode. Attack: false
[00:38:03.160] [DEBUG] [MOUSE] Injected delta: -12, 0
[00:38:03.210] [INFO] [COMBAT] In attack block. Distance: 2.558015823364258
[00:38:03.211] [INFO] [COMBAT] One-Shot Mode. Attack: false
[00:38:03.211] [DEBUG] [MOUSE] Injected delta: -45, -1
[00:38:03.259] [INFO] [COMBAT] In attack block. Distance: 2.5320444107055664
[00:38:03.259] [INFO] [COMBAT] One-Shot Mode. Attack: false
[00:38:03.260] [DEBUG] [MOUSE] Injected delta: -17, -1
[00:38:03.309] [INFO] [COMBAT] In attack block. Distance: 2.4139111042022705
[00:38:03.310] [INFO] [COMBAT] One-Shot Mode. Attack: false
[00:38:03.355] [INFO] [COMBAT] In attack block. Distance: 2.3565433025360107
[00:38:03.355] [INFO] [COMBAT] One-Shot Mode. Attack: false
[00:38:03.356] [DEBUG] [MOUSE] Injected delta: -11, 1
[00:38:03.403] [DEBUG] [PERCEPTION] Found combat target: attackable
[00:38:03.403] [INFO] [COMBAT] In attack block. Distance: 2.352792263031006
[00:38:03.403] [INFO] [COMBAT] One-Shot Mode. Attack: false
[00:38:03.403] [DEBUG] [MOUSE] Injected delta: -72, 1
[00:38:03.451] [INFO] [COMBAT] In attack block. Distance: 2.3807461261749268
[00:38:03.451] [INFO] [COMBAT] One-Shot Mode. Attack: false
[00:38:03.451] [DEBUG] [MOUSE] Injected delta: -35, 0
[00:38:03.500] [INFO] [COMBAT] In attack block. Distance: 2.422048568725586
[00:38:03.501] [INFO] [COMBAT] One-Shot Mode. Attack: false
[00:38:03.549] [INFO] [COMBAT] In attack block. Distance: 2.4827377796173096
[00:38:03.550] [INFO] [COMBAT] One-Shot Mode. Attack: false
[00:38:03.550] [DEBUG] [MOUSE] Injected delta: -22, 1
[00:38:03.608] [INFO] [COMBAT] In attack block. Distance: 2.5412919521331787
[00:38:03.608] [INFO] [COMBAT] One-Shot Mode. Attack: false
[00:38:03.609] [DEBUG] [MOUSE] Injected delta: -88, 3
[00:38:03.654] [INFO] [COMBAT] In attack block. Distance: 2.518285036087036
[00:38:03.655] [INFO] [COMBAT] One-Shot Mode. Attack: false
[00:38:03.656] [DEBUG] [MOUSE] Injected delta: -37, 1
[00:38:03.704] [DEBUG] [PERCEPTION] Found combat target: attackable
[00:38:03.705] [INFO] [COMBAT] In attack block. Distance: 2.4615814685821533
[00:38:03.705] [INFO] [COMBAT] One-Shot Mode. Attack: false
[00:38:03.751] [INFO] [COMBAT] In attack block. Distance: 2.4840195178985596
[00:38:03.751] [INFO] [COMBAT] One-Shot Mode. Attack: false
[00:38:03.751] [DEBUG] [MOUSE] Injected delta: -17, -1
[00:38:03.814] [INFO] [COMBAT] In attack block. Distance: 2.569511890411377
[00:38:03.815] [INFO] [COMBAT] One-Shot Mode. Attack: false
[00:38:03.815] [DEBUG] [MOUSE] Injected delta: -53, -3
[00:38:03.861] [INFO] [COMBAT] In attack block. Distance: 2.5998189449310303
[00:38:03.861] [INFO] [COMBAT] One-Shot Mode. Attack: false
[00:38:03.862] [DEBUG] [MOUSE] Injected delta: -21, -2
[00:38:03.906] [INFO] [COMBAT] In attack block. Distance: 2.5814387798309326
[00:38:03.907] [INFO] [COMBAT] One-Shot Mode. Attack: false
[00:38:03.953] [INFO] [COMBAT] In attack block. Distance: 2.539081573486328
[00:38:03.954] [INFO] [COMBAT] One-Shot Mode. Attack: false
[00:38:03.955] [DEBUG] [MOUSE] Injected delta: -2, 0
[00:38:04.021] [DEBUG] [PERCEPTION] Found combat target: attackable
[00:38:04.021] [INFO] [COMBAT] In attack block. Distance: 2.4002904891967773
[00:38:04.021] [INFO] [COMBAT] One-Shot Mode. Attack: false
[00:38:04.022] [DEBUG] [MOUSE] Injected delta: -8, -1
[00:38:04.059] [INFO] [COMBAT] In attack block. Distance: 2.380202531814575
[00:38:04.060] [INFO] [COMBAT] One-Shot Mode. Attack: false
[00:38:04.060] [DEBUG] [MOUSE] Injected delta: -11, -1
[00:38:04.104] [INFO] [COMBAT] In attack block. Distance: 2.4689013957977295
[00:38:04.105] [INFO] [COMBAT] One-Shot Mode. Attack: false
[00:38:04.105] [DEBUG] [MOUSE] Injected delta: 15, -2
[00:38:04.165] [INFO] [COMBAT] In attack block. Distance: 2.593050479888916
[00:38:04.166] [INFO] [COMBAT] One-Shot Mode. Attack: false
[00:38:04.166] [DEBUG] [MOUSE] Injected delta: 4, 0
[00:38:04.211] [INFO] [COMBAT] In attack block. Distance: 2.6254944801330566
[00:38:04.211] [INFO] [COMBAT] One-Shot Mode. Attack: false
[00:38:04.255] [INFO] [COMBAT] In attack block. Distance: 2.600409984588623
[00:38:04.255] [INFO] [COMBAT] One-Shot Mode. Attack: false
[00:38:04.256] [DEBUG] [MOUSE] Injected delta: 5, 0
[00:38:04.301] [DEBUG] [PERCEPTION] Found combat target: attackable
[00:38:04.302] [INFO] [COMBAT] In attack block. Distance: 2.4223928451538086
[00:38:04.302] [INFO] [COMBAT] One-Shot Mode. Attack: false
[00:38:04.303] [DEBUG] [MOUSE] Injected delta: 26, -1
[00:38:04.359] [INFO] [COMBAT] In attack block. Distance: 2.353271961212158
[00:38:04.359] [INFO] [COMBAT] One-Shot Mode. Attack: false
[00:38:04.360] [DEBUG] [MOUSE] Injected delta: 39, -2
[00:38:04.405] [INFO] [COMBAT] In attack block. Distance: 2.366065263748169
[00:38:04.406] [INFO] [COMBAT] One-Shot Mode. Attack: false
[00:38:04.406] [DEBUG] [MOUSE] Injected delta: 27, -1
[00:38:04.451] [INFO] [COMBAT] In attack block. Distance: 2.411482810974121
[00:38:04.452] [INFO] [COMBAT] One-Shot Mode. Attack: false
[00:38:04.452] [DEBUG] [MOUSE] Injected delta: 5, 0
[00:38:04.512] [INFO] [COMBAT] In attack block. Distance: 2.5164687633514404
[00:38:04.513] [INFO] [COMBAT] One-Shot Mode. Attack: false
[00:38:04.558] [INFO] [COMBAT] In attack block. Distance: 2.5360910892486572
[00:38:04.559] [INFO] [COMBAT] One-Shot Mode. Attack: false
[00:38:04.559] [DEBUG] [MOUSE] Injected delta: -3, 0
[00:38:04.601] [DEBUG] [PERCEPTION] Found combat target: attackable
[00:38:04.601] [INFO] [COMBAT] In attack block. Distance: 2.535653829574585
[00:38:04.601] [INFO] [COMBAT] One-Shot Mode. Attack: false
[00:38:04.601] [DEBUG] [MOUSE] Injected delta: -25, -1
[00:38:04.662] [INFO] [COMBAT] In attack block. Distance: 2.5727365016937256
[00:38:04.662] [INFO] [COMBAT] One-Shot Mode. Attack: false
[00:38:04.663] [DEBUG] [MOUSE] Injected delta: -41, 0
[00:38:04.708] [INFO] [COMBAT] In attack block. Distance: 2.600841522216797
[00:38:04.708] [INFO] [COMBAT] One-Shot Mode. Attack: false
[00:38:04.708] [DEBUG] [MOUSE] Injected delta: -35, -1
[00:38:04.753] [INFO] [COMBAT] In attack block. Distance: 2.624852418899536
[00:38:04.754] [INFO] [COMBAT] One-Shot Mode. Attack: false
[00:38:04.755] [DEBUG] [MOUSE] Injected delta: -9, 0
[00:38:04.815] [INFO] [COMBAT] In attack block. Distance: 2.534686803817749
[00:38:04.815] [INFO] [COMBAT] One-Shot Mode. Attack: false
[00:38:04.861] [INFO] [COMBAT] In attack block. Distance: 2.5229485034942627
[00:38:04.862] [INFO] [COMBAT] One-Shot Mode. Attack: false
[00:38:04.862] [DEBUG] [MOUSE] Injected delta: -5, 1
[00:38:04.907] [DEBUG] [PERCEPTION] Found combat target: attackable
[00:38:04.907] [INFO] [COMBAT] In attack block. Distance: 2.5140161514282227
[00:38:04.908] [INFO] [COMBAT] One-Shot Mode. Attack: false
[00:38:04.908] [DEBUG] [MOUSE] Injected delta: -21, 0
[00:38:04.952] [INFO] [COMBAT] In attack block. Distance: 2.507577896118164
[00:38:04.952] [INFO] [COMBAT] One-Shot Mode. Attack: false
[00:38:04.953] [DEBUG] [MOUSE] Injected delta: -40, 0
[00:38:05.010] [INFO] [COMBAT] In attack block. Distance: 2.419031858444214
[00:38:05.011] [INFO] [COMBAT] One-Shot Mode. Attack: false
[00:38:05.011] [DEBUG] [MOUSE] Injected delta: -31, 0
[00:38:05.050] [INFO] [COMBAT] In attack block. Distance: 2.4283041954040527
[00:38:05.051] [INFO] [COMBAT] One-Shot Mode. Attack: false
[00:38:05.051] [DEBUG] [MOUSE] Injected delta: -7, 0
[00:38:05.101] [INFO] [COMBAT] In attack block. Distance: 2.5328779220581055
[00:38:05.102] [INFO] [COMBAT] One-Shot Mode. Attack: false
[00:38:05.153] [INFO] [COMBAT] In attack block. Distance: 2.5689868927001953
[00:38:05.153] [INFO] [COMBAT] One-Shot Mode. Attack: false
[00:38:05.153] [DEBUG] [MOUSE] Injected delta: -2, 0
[00:38:05.205] [DEBUG] [PERCEPTION] Found combat target: attackable
[00:38:05.206] [INFO] [COMBAT] In attack block. Distance: 2.5820834636688232
[00:38:05.206] [INFO] [COMBAT] One-Shot Mode. Attack: false
[00:38:05.206] [DEBUG] [MOUSE] Injected delta: -9, 0
[00:38:05.256] [INFO] [COMBAT] In attack block. Distance: 2.575199842453003
[00:38:05.256] [INFO] [COMBAT] One-Shot Mode. Attack: false
[00:38:05.256] [DEBUG] [MOUSE] Injected delta: -15, -1
[00:38:05.308] [INFO] [COMBAT] In attack block. Distance: 2.5624334812164307
[00:38:05.308] [INFO] [COMBAT] One-Shot Mode. Attack: false
[00:38:05.308] [DEBUG] [MOUSE] Injected delta: -13, -1
[00:38:05.362] [INFO] [COMBAT] In attack block. Distance: 2.608772039413452
[00:38:05.363] [INFO] [COMBAT] One-Shot Mode. Attack: false
[00:38:05.363] [DEBUG] [MOUSE] Injected delta: -3, 0
[00:38:05.402] [INFO] [COMBAT] In attack block. Distance: 2.6522841453552246
[00:38:05.403] [INFO] [COMBAT] One-Shot Mode. Attack: false
[00:38:05.453] [INFO] [COMBAT] In attack block. Distance: 2.6944048404693604
[00:38:05.453] [INFO] [COMBAT] One-Shot Mode. Attack: false
[00:38:05.454] [DEBUG] [MOUSE] Injected delta: -1, 0
[00:38:05.506] [DEBUG] [PERCEPTION] Found combat target: attackable
[00:38:05.507] [INFO] [COMBAT] In attack block. Distance: 2.6087615489959717
[00:38:05.507] [INFO] [COMBAT] One-Shot Mode. Attack: false
[00:38:05.507] [DEBUG] [MOUSE] Injected delta: -6, -1
[00:38:05.554] [INFO] [COMBAT] In attack block. Distance: 2.5226423740386963
[00:38:05.555] [INFO] [COMBAT] One-Shot Mode. Attack: false
[00:38:05.555] [DEBUG] [MOUSE] Injected delta: -10, 0
[00:38:05.608] [INFO] [COMBAT] In attack block. Distance: 2.479203224182129
[00:38:05.608] [INFO] [COMBAT] One-Shot Mode. Attack: false
[00:38:05.609] [DEBUG] [MOUSE] Injected delta: -6, -1
[00:38:05.665] [INFO] [COMBAT] In attack block. Distance: 2.540894031524658
[00:38:05.665] [INFO] [COMBAT] One-Shot Mode. Attack: false
[00:38:05.667] [DEBUG] [MOUSE] Injected delta: -2, 0
[00:38:05.705] [INFO] [COMBAT] In attack block. Distance: 2.558075428009033
[00:38:05.705] [INFO] [COMBAT] One-Shot Mode. Attack: false
[00:38:05.757] [INFO] [COMBAT] In attack block. Distance: 2.5509703159332275
[00:38:05.758] [INFO] [COMBAT] One-Shot Mode. Attack: false
[00:38:05.802] [DEBUG] [PERCEPTION] Found combat target: attackable
[00:38:05.802] [INFO] [COMBAT] In attack block. Distance: 2.3536319732666016
[00:38:05.803] [INFO] [COMBAT] One-Shot Mode. Attack: false
[00:38:05.803] [DEBUG] [MOUSE] Injected delta: -3, 0
[00:38:05.859] [INFO] [COMBAT] In attack block. Distance: 2.2474472522735596
[00:38:05.859] [INFO] [COMBAT] One-Shot Mode. Attack: false
[00:38:05.860] [DEBUG] [MOUSE] Injected delta: -5, 0
[00:38:05.903] [INFO] [COMBAT] In attack block. Distance: 2.202287197113037
[00:38:05.903] [INFO] [COMBAT] One-Shot Mode. Attack: false
[00:38:05.903] [DEBUG] [MOUSE] Injected delta: -16, 1
[00:38:05.953] [INFO] [COMBAT] In attack block. Distance: 2.18973708152771
[00:38:05.953] [INFO] [COMBAT] One-Shot Mode. Attack: false
[00:38:05.953] [DEBUG] [MOUSE] Injected delta: -4, 0
[00:38:06.045] [INFO] [COMBAT] In attack block. Distance: 2.210059881210327
[00:38:06.046] [INFO] [COMBAT] One-Shot Mode. Attack: false
[00:38:06.060] [INFO] [COMBAT] In attack block. Distance: 2.266650438308716
[00:38:06.061] [INFO] [COMBAT] One-Shot Mode. Attack: false
[00:38:06.061] [DEBUG] [MOUSE] Injected delta: -38, -2
[00:38:06.104] [DEBUG] [PERCEPTION] Found combat target: attackable
[00:38:06.104] [INFO] [COMBAT] In attack block. Distance: 2.3488142490386963
[00:38:06.105] [INFO] [COMBAT] One-Shot Mode. Attack: false
[00:38:06.105] [DEBUG] [MOUSE] Injected delta: -138, -2
[00:38:06.153] [INFO] [COMBAT] In attack block. Distance: 2.454786777496338
[00:38:06.153] [INFO] [COMBAT] One-Shot Mode. Attack: false
[00:38:06.154] [DEBUG] [MOUSE] Injected delta: -63, -1
[00:38:06.205] [INFO] [COMBAT] In attack block. Distance: 2.512186050415039
[00:38:06.205] [INFO] [COMBAT] One-Shot Mode. Attack: false
[00:38:06.256] [INFO] [COMBAT] In attack block. Distance: 2.47755765914917
[00:38:06.257] [INFO] [COMBAT] One-Shot Mode. Attack: false
[00:38:06.258] [DEBUG] [MOUSE] Injected delta: -16, 0
[00:38:06.309] [INFO] [COMBAT] In attack block. Distance: 2.512291431427002
[00:38:06.309] [INFO] [COMBAT] One-Shot Mode. Attack: false
[00:38:06.309] [DEBUG] [MOUSE] Injected delta: -34, -2
[00:38:06.365] [INFO] [COMBAT] In attack block. Distance: 2.4941141605377197
[00:38:06.365] [INFO] [COMBAT] One-Shot Mode. Attack: false
[00:38:06.366] [DEBUG] [MOUSE] Injected delta: -18, -1
[00:38:06.407] [DEBUG] [PERCEPTION] Found combat target: attackable
[00:38:06.407] [INFO] [COMBAT] In attack block. Distance: 2.5598814487457275
[00:38:06.408] [INFO] [COMBAT] One-Shot Mode. Attack: false
[00:38:06.466] [INFO] [COMBAT] In attack block. Distance: 2.5262038707733154
[00:38:06.466] [INFO] [COMBAT] One-Shot Mode. Attack: false
[00:38:06.466] [DEBUG] [MOUSE] Injected delta: -5, 0
[00:38:06.503] [INFO] [COMBAT] In attack block. Distance: 2.4527459144592285
[00:38:06.504] [INFO] [COMBAT] One-Shot Mode. Attack: false
[00:38:06.504] [DEBUG] [MOUSE] Injected delta: -30, 2
[00:38:06.563] [INFO] [COMBAT] In attack block. Distance: 2.4870188236236572
[00:38:06.564] [INFO] [COMBAT] One-Shot Mode. Attack: false
[00:38:06.564] [DEBUG] [MOUSE] Injected delta: -44, 2
[00:38:06.607] [INFO] [COMBAT] In attack block. Distance: 2.581714630126953
[00:38:06.608] [INFO] [COMBAT] One-Shot Mode. Attack: false
[00:38:06.608] [DEBUG] [MOUSE] Injected delta: -33, 1
[00:38:06.747] [INFO] [COMBAT] In attack block. Distance: 2.626491069793701
[00:38:06.747] [INFO] [COMBAT] One-Shot Mode. Attack: false
[00:38:06.750] [DEBUG] [PERCEPTION] Found combat target: attackable
[00:38:06.750] [INFO] [COMBAT] In attack block. Distance: 2.6351635456085205
[00:38:06.750] [INFO] [COMBAT] One-Shot Mode. Attack: false
[00:38:06.776] [INFO] [COMBAT] In attack block. Distance: 2.602753162384033
[00:38:06.776] [INFO] [COMBAT] One-Shot Mode. Attack: false
[00:38:06.777] [DEBUG] [MOUSE] Injected delta: 2, 0
[00:38:06.817] [INFO] [COMBAT] In attack block. Distance: 2.5443382263183594
[00:38:06.817] [INFO] [COMBAT] One-Shot Mode. Attack: false
[00:38:06.818] [DEBUG] [MOUSE] Injected delta: 9, -2
[00:38:06.856] [INFO] [COMBAT] In attack block. Distance: 2.471670389175415
[00:38:06.856] [INFO] [COMBAT] One-Shot Mode. Attack: false
[00:38:06.857] [DEBUG] [MOUSE] Injected delta: 24, -2
[00:38:06.909] [INFO] [COMBAT] In attack block. Distance: 2.458977699279785
[00:38:06.910] [INFO] [COMBAT] One-Shot Mode. Attack: false
[00:38:06.910] [DEBUG] [MOUSE] Injected delta: 19, -1
[00:38:06.958] [INFO] [COMBAT] In attack block. Distance: 2.51043438911438
[00:38:06.959] [INFO] [COMBAT] One-Shot Mode. Attack: false
[00:38:06.959] [DEBUG] [MOUSE] Injected delta: 4, 0
[00:38:07.009] [DEBUG] [PERCEPTION] Found combat target: attackable
[00:38:07.010] [INFO] [COMBAT] In attack block. Distance: 2.4142208099365234
[00:38:07.010] [INFO] [COMBAT] One-Shot Mode. Attack: false
[00:38:07.065] [INFO] [COMBAT] In attack block. Distance: 2.429321527481079
[00:38:07.065] [INFO] [COMBAT] One-Shot Mode. Attack: false
[00:38:07.066] [DEBUG] [MOUSE] Injected delta: 7, 0
[00:38:07.102] [INFO] [COMBAT] In attack block. Distance: 2.4791953563690186
[00:38:07.103] [INFO] [COMBAT] One-Shot Mode. Attack: false
[00:38:07.103] [DEBUG] [MOUSE] Injected delta: 12, -1
[00:38:07.155] [INFO] [COMBAT] In attack block. Distance: 2.548313856124878
[00:38:07.156] [INFO] [COMBAT] One-Shot Mode. Attack: false
[00:38:07.156] [DEBUG] [MOUSE] Injected delta: -3, -1
[00:38:07.210] [INFO] [COMBAT] In attack block. Distance: 2.5056090354919434
[00:38:07.211] [INFO] [COMBAT] One-Shot Mode. Attack: false
[00:38:07.263] [INFO] [COMBAT] In attack block. Distance: 2.50592303276062
[00:38:07.263] [INFO] [COMBAT] One-Shot Mode. Attack: false
[00:38:07.263] [DEBUG] [MOUSE] Injected delta: -2, 0
[00:38:07.302] [DEBUG] [PERCEPTION] Found combat target: attackable
[00:38:07.302] [INFO] [COMBAT] In attack block. Distance: 2.4911632537841797
[00:38:07.302] [INFO] [COMBAT] One-Shot Mode. Attack: false
[00:38:07.303] [DEBUG] [MOUSE] Injected delta: -20, -1
[00:38:07.355] [INFO] [COMBAT] In attack block. Distance: 2.567582130432129
[00:38:07.356] [INFO] [COMBAT] One-Shot Mode. Attack: false
[00:38:07.356] [DEBUG] [MOUSE] Injected delta: -36, -1
[00:38:07.405] [INFO] [COMBAT] In attack block. Distance: 2.5255393981933594
[00:38:07.406] [INFO] [COMBAT] One-Shot Mode. Attack: false
[00:38:07.406] [DEBUG] [MOUSE] Injected delta: -28, -1
[00:38:07.453] [INFO] [COMBAT] In attack block. Distance: 2.457731008529663
[00:38:07.453] [INFO] [COMBAT] One-Shot Mode. Attack: false
[00:38:07.454] [DEBUG] [MOUSE] Injected delta: -6, 0
[00:38:07.500] [INFO] [COMBAT] In attack block. Distance: 2.510612726211548
[00:38:07.500] [INFO] [COMBAT] One-Shot Mode. Attack: false
[00:38:07.560] [INFO] [COMBAT] In attack block. Distance: 2.547344446182251
[00:38:07.560] [INFO] [COMBAT] One-Shot Mode. Attack: false
[00:38:07.560] [DEBUG] [MOUSE] Injected delta: -2, 0
[00:38:07.607] [DEBUG] [PERCEPTION] Found combat target: attackable
[00:38:07.608] [INFO] [COMBAT] In attack block. Distance: 2.5431835651397705
[00:38:07.608] [INFO] [COMBAT] One-Shot Mode. Attack: false
[00:38:07.608] [DEBUG] [MOUSE] Injected delta: -16, 1
[00:38:07.655] [INFO] [COMBAT] In attack block. Distance: 2.5181283950805664
[00:38:07.655] [INFO] [COMBAT] One-Shot Mode. Attack: false
[00:38:07.656] [DEBUG] [MOUSE] Injected delta: -29, 3
[00:38:07.704] [INFO] [COMBAT] In attack block. Distance: 2.3744094371795654
[00:38:07.704] [INFO] [COMBAT] One-Shot Mode. Attack: false
[00:38:07.705] [DEBUG] [MOUSE] Injected delta: -23, 1
[00:38:07.763] [INFO] [COMBAT] In attack block. Distance: 2.432572841644287
[00:38:07.763] [INFO] [COMBAT] One-Shot Mode. Attack: false
[00:38:07.764] [DEBUG] [MOUSE] Injected delta: -5, 1
[00:38:07.809] [INFO] [COMBAT] In attack block. Distance: 2.5584239959716797
[00:38:07.810] [INFO] [COMBAT] One-Shot Mode. Attack: false
[00:38:07.856] [INFO] [COMBAT] In attack block. Distance: 2.623962640762329
[00:38:07.857] [INFO] [COMBAT] One-Shot Mode. Attack: false
[00:38:07.857] [DEBUG] [MOUSE] Injected delta: -2, 0
[00:38:07.905] [DEBUG] [PERCEPTION] Found combat target: attackable
[00:38:07.905] [INFO] [COMBAT] In attack block. Distance: 2.544276475906372
[00:38:07.905] [INFO] [COMBAT] One-Shot Mode. Attack: false
[00:38:07.906] [DEBUG] [MOUSE] Injected delta: -8, 0
[00:38:07.952] [INFO] [COMBAT] In attack block. Distance: 2.4304208755493164
[00:38:07.952] [INFO] [COMBAT] One-Shot Mode. Attack: false
[00:38:07.953] [DEBUG] [MOUSE] Injected delta: -13, -1
[00:38:08.015] [INFO] [COMBAT] In attack block. Distance: 2.4671874046325684
[00:38:08.016] [INFO] [COMBAT] One-Shot Mode. Attack: false
[00:38:08.016] [DEBUG] [MOUSE] Injected delta: -8, 0
[00:38:08.063] [INFO] [COMBAT] In attack block. Distance: 2.633908987045288
[00:38:08.064] [INFO] [COMBAT] One-Shot Mode. Attack: false
[00:38:08.064] [DEBUG] [MOUSE] Injected delta: -2, 0
[00:38:08.112] [INFO] [COMBAT] In attack block. Distance: 2.736262321472168
[00:38:08.113] [INFO] [COMBAT] One-Shot Mode. Attack: false
[00:38:08.159] [INFO] [COMBAT] In attack block. Distance: 2.803539991378784
[00:38:08.159] [INFO] [COMBAT] One-Shot Mode. Attack: false
[00:38:08.160] [DEBUG] [MOUSE] Injected delta: -1, 0
[00:38:08.206] [DEBUG] [PERCEPTION] Found combat target: attackable
[00:38:08.207] [INFO] [COMBAT] In attack block. Distance: 2.7093513011932373
[00:38:08.207] [INFO] [COMBAT] One-Shot Mode. Attack: false
[00:38:08.207] [DEBUG] [MOUSE] Injected delta: -4, 0
[00:38:08.256] [INFO] [COMBAT] In attack block. Distance: 2.5885910987854004
[00:38:08.257] [INFO] [COMBAT] One-Shot Mode. Attack: false
[00:38:08.257] [DEBUG] [MOUSE] Injected delta: -7, 0
[00:38:08.306] [INFO] [COMBAT] In attack block. Distance: 2.4958884716033936
[00:38:08.307] [INFO] [COMBAT] One-Shot Mode. Attack: false
[00:38:08.308] [DEBUG] [MOUSE] Injected delta: -4, 0
[00:38:08.352] [INFO] [COMBAT] In attack block. Distance: 2.5225930213928223
[00:38:08.353] [INFO] [COMBAT] One-Shot Mode. Attack: false
[00:38:08.353] [DEBUG] [MOUSE] Injected delta: -1, 0
[00:38:08.401] [INFO] [COMBAT] In attack block. Distance: 2.4671671390533447
[00:38:08.401] [INFO] [COMBAT] One-Shot Mode. Attack: false
[00:38:08.466] [INFO] [COMBAT] In attack block. Distance: 2.4509201049804688
[00:38:08.466] [INFO] [COMBAT] One-Shot Mode. Attack: false
[00:38:08.467] [DEBUG] [MOUSE] Injected delta: -1, -1
[00:38:08.512] [DEBUG] [PERCEPTION] Found combat target: attackable
[00:38:08.513] [INFO] [COMBAT] In attack block. Distance: 2.4789655208587646
[00:38:08.513] [INFO] [COMBAT] One-Shot Mode. Attack: false
[00:38:08.513] [DEBUG] [MOUSE] Injected delta: -5, -4
[00:38:08.562] [INFO] [COMBAT] In attack block. Distance: 2.4801807403564453
[00:38:08.562] [INFO] [COMBAT] One-Shot Mode. Attack: false
[00:38:08.563] [DEBUG] [MOUSE] Injected delta: -7, -1
[00:38:08.610] [INFO] [COMBAT] In attack block. Distance: 2.4994871616363525
[00:38:08.610] [INFO] [COMBAT] One-Shot Mode. Attack: false
[00:38:08.662] [INFO] [COMBAT] In attack block. Distance: 2.5172946453094482
[00:38:08.662] [INFO] [COMBAT] One-Shot Mode. Attack: false
[00:38:08.664] [DEBUG] [MOUSE] Injected delta: -7, 0
[00:38:08.707] [INFO] [COMBAT] In attack block. Distance: 2.4486188888549805
[00:38:08.707] [INFO] [COMBAT] One-Shot Mode. Attack: false
[00:38:08.708] [DEBUG] [MOUSE] Injected delta: -34, 0
[00:38:08.755] [INFO] [COMBAT] In attack block. Distance: 2.4217209815979004
[00:38:08.756] [INFO] [COMBAT] One-Shot Mode. Attack: false
[00:38:08.756] [DEBUG] [MOUSE] Injected delta: -59, -1
[00:38:08.802] [DEBUG] [PERCEPTION] Found combat target: attackable
[00:38:08.803] [INFO] [COMBAT] In attack block. Distance: 2.4430205821990967
[00:38:08.803] [INFO] [COMBAT] One-Shot Mode. Attack: false
[00:38:08.803] [DEBUG] [MOUSE] Injected delta: -43, -1
[00:38:08.858] [INFO] [COMBAT] In attack block. Distance: 2.4801127910614014
[00:38:08.859] [INFO] [COMBAT] One-Shot Mode. Attack: false
[00:38:08.859] [DEBUG] [MOUSE] Injected delta: -8, 0
[00:38:08.902] [INFO] [COMBAT] In attack block. Distance: 2.5240976810455322
[00:38:08.903] [INFO] [COMBAT] One-Shot Mode. Attack: false
[00:38:08.965] [INFO] [COMBAT] In attack block. Distance: 2.4811108112335205
[00:38:08.965] [INFO] [COMBAT] One-Shot Mode. Attack: false
[00:38:08.965] [DEBUG] [MOUSE] Injected delta: -5, 0
[00:38:09.014] [INFO] [COMBAT] In attack block. Distance: 2.498356342315674
[00:38:09.015] [INFO] [COMBAT] One-Shot Mode. Attack: false
[00:38:09.016] [DEBUG] [MOUSE] Injected delta: -45, 0
[00:38:09.067] [INFO] [COMBAT] In attack block. Distance: 2.525095224380493
[00:38:09.067] [INFO] [COMBAT] One-Shot Mode. Attack: false
[00:38:09.068] [DEBUG] [MOUSE] Injected delta: -31, 1
[00:38:09.113] [DEBUG] [PERCEPTION] Found combat target: attackable
[00:38:09.113] [INFO] [COMBAT] In attack block. Distance: 2.451598882675171
[00:38:09.113] [INFO] [COMBAT] One-Shot Mode. Attack: false
[00:38:09.160] [INFO] [COMBAT] In attack block. Distance: 2.4553916454315186
[00:38:09.161] [INFO] [COMBAT] One-Shot Mode. Attack: false
[00:38:09.161] [DEBUG] [MOUSE] Injected delta: -24, 0
[00:38:09.213] [INFO] [COMBAT] In attack block. Distance: 2.5116963386535645
[00:38:09.213] [INFO] [COMBAT] One-Shot Mode. Attack: false
[00:38:09.214] [DEBUG] [MOUSE] Injected delta: -76, 1
[00:38:09.263] [INFO] [COMBAT] In attack block. Distance: 2.507568836212158
[00:38:09.264] [INFO] [COMBAT] One-Shot Mode. Attack: false
[00:38:09.264] [DEBUG] [MOUSE] Injected delta: -31, 0
[00:38:09.311] [INFO] [COMBAT] In attack block. Distance: 2.4893176555633545
[00:38:09.312] [INFO] [COMBAT] One-Shot Mode. Attack: false
[00:38:09.357] [INFO] [COMBAT] In attack block. Distance: 2.5314974784851074
[00:38:09.358] [INFO] [COMBAT] One-Shot Mode. Attack: false
[00:38:09.358] [DEBUG] [MOUSE] Injected delta: -2, 0
[00:38:09.405] [DEBUG] [PERCEPTION] Found combat target: attackable
[00:38:09.406] [INFO] [COMBAT] In attack block. Distance: 2.4973082542419434
[00:38:09.406] [INFO] [COMBAT] One-Shot Mode. Attack: false
[00:38:09.407] [DEBUG] [MOUSE] Injected delta: -18, 1
[00:38:09.453] [INFO] [COMBAT] In attack block. Distance: 2.55279803276062
[00:38:09.453] [INFO] [COMBAT] One-Shot Mode. Attack: false
[00:38:09.453] [DEBUG] [MOUSE] Injected delta: -30, 1
[00:38:09.500] [INFO] [COMBAT] In attack block. Distance: 2.578139543533325
[00:38:09.500] [INFO] [COMBAT] One-Shot Mode. Attack: false
[00:38:09.500] [DEBUG] [MOUSE] Injected delta: -21, 1
[00:38:09.564] [INFO] [COMBAT] In attack block. Distance: 2.641704797744751
[00:38:09.565] [INFO] [COMBAT] One-Shot Mode. Attack: false
[00:38:09.565] [DEBUG] [MOUSE] Injected delta: -5, 0
[00:38:09.613] [INFO] [COMBAT] In attack block. Distance: 2.6890945434570312
[00:38:09.613] [INFO] [COMBAT] One-Shot Mode. Attack: false
[00:38:09.663] [INFO] [COMBAT] In attack block. Distance: 2.6924734115600586
[00:38:09.663] [INFO] [COMBAT] One-Shot Mode. Attack: false
[00:38:09.664] [DEBUG] [MOUSE] Injected delta: 3, 0
[00:38:09.713] [DEBUG] [PERCEPTION] Found combat target: attackable
[00:38:09.713] [INFO] [COMBAT] In attack block. Distance: 2.6627681255340576
[00:38:09.713] [INFO] [COMBAT] One-Shot Mode. Attack: false
[00:38:09.714] [DEBUG] [MOUSE] Injected delta: 14, 0
[00:38:09.766] [INFO] [COMBAT] In attack block. Distance: 2.5058274269104004
[00:38:09.766] [INFO] [COMBAT] One-Shot Mode. Attack: false
[00:38:09.766] [DEBUG] [MOUSE] Injected delta: 28, 1
[00:38:09.807] [INFO] [COMBAT] In attack block. Distance: 2.354085922241211
[00:38:09.808] [INFO] [COMBAT] One-Shot Mode. Attack: false
[00:38:09.808] [DEBUG] [MOUSE] Injected delta: 20, 0
[00:38:09.857] [INFO] [COMBAT] In attack block. Distance: 2.2505054473876953
[00:38:09.858] [INFO] [COMBAT] One-Shot Mode. Attack: false
[00:38:09.858] [DEBUG] [MOUSE] Injected delta: 4, -1
[00:38:09.904] [INFO] [COMBAT] In attack block. Distance: 2.203279495239258
[00:38:09.905] [INFO] [COMBAT] One-Shot Mode. Attack: false
[00:38:09.956] [INFO] [COMBAT] In attack block. Distance: 2.187903642654419
[00:38:09.956] [INFO] [COMBAT] One-Shot Mode. Attack: false
[00:38:09.957] [DEBUG] [MOUSE] Injected delta: -17, -1
[00:38:10.001] [DEBUG] [PERCEPTION] Found combat target: attackable
[00:38:10.001] [INFO] [COMBAT] In attack block. Distance: 2.1241958141326904
[00:38:10.001] [INFO] [COMBAT] One-Shot Mode. Attack: false
[00:38:10.001] [DEBUG] [MOUSE] Injected delta: -57, -3
[00:38:10.049] [INFO] [COMBAT] In attack block. Distance: 2.0742835998535156
[00:38:10.050] [INFO] [COMBAT] One-Shot Mode. Attack: false
[00:38:10.050] [DEBUG] [MOUSE] Injected delta: -24, -2
[00:38:10.100] [INFO] [COMBAT] In attack block. Distance: 2.007734775543213
[00:38:10.101] [INFO] [COMBAT] One-Shot Mode. Attack: false
[00:38:10.167] [INFO] [COMBAT] In attack block. Distance: 1.9257127046585083
[00:38:10.167] [INFO] [COMBAT] One-Shot Mode. Attack: false
[00:38:10.168] [DEBUG] [MOUSE] Injected delta: -30, 0
[00:38:10.218] [INFO] [COMBAT] In attack block. Distance: 1.872920274734497
[00:38:10.219] [INFO] [COMBAT] One-Shot Mode. Attack: false
[00:38:10.219] [DEBUG] [MOUSE] Injected delta: -139, -2
[00:38:10.264] [INFO] [COMBAT] In attack block. Distance: 1.8412870168685913
[00:38:10.265] [INFO] [COMBAT] One-Shot Mode. Attack: false
[00:38:10.265] [DEBUG] [MOUSE] Injected delta: -72, -1
[00:38:10.312] [DEBUG] [PERCEPTION] Found combat target: attackable
[00:38:10.313] [INFO] [COMBAT] In attack block. Distance: 1.8325653076171875
[00:38:10.313] [INFO] [COMBAT] One-Shot Mode. Attack: false
[00:38:10.361] [INFO] [COMBAT] In attack block. Distance: 1.8443191051483154
[00:38:10.362] [INFO] [COMBAT] One-Shot Mode. Attack: false
[00:38:10.362] [DEBUG] [MOUSE] Injected delta: -32, 1
[00:38:10.411] [INFO] [COMBAT] In attack block. Distance: 1.8770524263381958
[00:38:10.411] [INFO] [COMBAT] One-Shot Mode. Attack: false
[00:38:10.412] [DEBUG] [MOUSE] Injected delta: -105, 0
[00:38:10.455] [INFO] [COMBAT] In attack block. Distance: 1.92969810962677
[00:38:10.456] [INFO] [COMBAT] One-Shot Mode. Attack: false
[00:38:10.456] [DEBUG] [MOUSE] Injected delta: -41, 1
[00:38:10.503] [INFO] [COMBAT] In attack block. Distance: 1.9749038219451904
[00:38:10.503] [INFO] [COMBAT] One-Shot Mode. Attack: false
[00:38:10.551] [INFO] [COMBAT] In attack block. Distance: 2.027384042739868
[00:38:10.551] [INFO] [COMBAT] One-Shot Mode. Attack: false
[00:38:10.552] [DEBUG] [MOUSE] Injected delta: -11, 1
[00:38:10.601] [DEBUG] [PERCEPTION] Found combat target: attackable
[00:38:10.602] [INFO] [COMBAT] In attack block. Distance: 2.1212069988250732
[00:38:10.602] [INFO] [COMBAT] One-Shot Mode. Attack: false
[00:38:10.602] [DEBUG] [MOUSE] Injected delta: -18, 3
[00:38:10.665] [INFO] [COMBAT] In attack block. Distance: 2.301262617111206
[00:38:10.666] [INFO] [COMBAT] One-Shot Mode. Attack: false
[00:38:10.667] [DEBUG] [MOUSE] Injected delta: -10, 1
[00:38:10.712] [INFO] [COMBAT] In attack block. Distance: 2.489137887954712
[00:38:10.713] [INFO] [COMBAT] One-Shot Mode. Attack: false
[00:38:10.762] [INFO] [COMBAT] In attack block. Distance: 2.678295850753784
[00:38:10.763] [INFO] [COMBAT] One-Shot Mode. Attack: false
[00:38:10.763] [DEBUG] [MOUSE] Injected delta: -1, 0
[00:38:10.809] [INFO] [COMBAT] In attack block. Distance: 2.771399974822998
[00:38:10.809] [INFO] [COMBAT] One-Shot Mode. Attack: false
[00:38:10.809] [DEBUG] [MOUSE] Injected delta: -6, 1
[00:38:10.859] [INFO] [COMBAT] In attack block. Distance: 2.812938928604126
[00:38:10.860] [INFO] [COMBAT] One-Shot Mode. Attack: false
[00:38:10.860] [DEBUG] [MOUSE] Injected delta: 1, 1
[00:38:10.912] [DEBUG] [PERCEPTION] Found combat target: attackable
[00:38:10.913] [INFO] [COMBAT] In attack block. Distance: 2.825521945953369
[00:38:10.913] [INFO] [COMBAT] One-Shot Mode. Attack: false
[00:38:10.913] [DEBUG] [MOUSE] Injected delta: 1, 1
[00:38:10.953] [INFO] [COMBAT] In attack block. Distance: 2.8222572803497314
[00:38:10.953] [INFO] [COMBAT] One-Shot Mode. Attack: false
[00:38:10.953] [DEBUG] [MOUSE] Injected delta: 1, 0
[00:38:11.005] [INFO] [COMBAT] In attack block. Distance: 2.618342638015747
[00:38:11.005] [INFO] [COMBAT] One-Shot Mode. Attack: false
[00:38:11.051] [INFO] [COMBAT] In attack block. Distance: 2.4099419116973877
[00:38:11.051] [INFO] [COMBAT] One-Shot Mode. Attack: false
[00:38:11.052] [DEBUG] [MOUSE] Injected delta: 5, -1
[00:38:11.099] [INFO] [COMBAT] In attack block. Distance: 2.3052544593811035
[00:38:11.100] [INFO] [COMBAT] One-Shot Mode. Attack: false
[00:38:11.100] [DEBUG] [MOUSE] Injected delta: 26, -5
[00:38:11.165] [INFO] [COMBAT] In attack block. Distance: 2.2834036350250244
[00:38:11.166] [INFO] [COMBAT] One-Shot Mode. Attack: false
[00:38:11.166] [DEBUG] [MOUSE] Injected delta: 15, -2
[00:38:11.214] [DEBUG] [PERCEPTION] Found combat target: attackable
[00:38:11.214] [INFO] [COMBAT] In attack block. Distance: 2.2957866191864014
[00:38:11.215] [INFO] [COMBAT] One-Shot Mode. Attack: false
[00:38:11.259] [INFO] [COMBAT] In attack block. Distance: 2.3289968967437744
[00:38:11.260] [INFO] [COMBAT] One-Shot Mode. Attack: false
[00:38:11.260] [DEBUG] [MOUSE] Injected delta: 30, 1
[00:38:11.307] [INFO] [COMBAT] In attack block. Distance: 2.3762760162353516
[00:38:11.308] [INFO] [COMBAT] One-Shot Mode. Attack: false
[00:38:11.308] [DEBUG] [MOUSE] Injected delta: 93, 3
[00:38:11.359] [INFO] [COMBAT] In attack block. Distance: 2.4797627925872803
[00:38:11.359] [INFO] [COMBAT] One-Shot Mode. Attack: false
[00:38:11.359] [DEBUG] [MOUSE] Injected delta: 38, 1
[00:38:11.407] [INFO] [COMBAT] In attack block. Distance: 2.5978033542633057
[00:38:11.407] [INFO] [COMBAT] One-Shot Mode. Attack: false
[00:38:11.456] [INFO] [COMBAT] In attack block. Distance: 2.631035089492798
[00:38:11.456] [INFO] [COMBAT] One-Shot Mode. Attack: false
[00:38:11.456] [DEBUG] [MOUSE] Injected delta: 6, 0
[00:38:11.505] [DEBUG] [PERCEPTION] Found combat target: attackable
[00:38:11.506] [INFO] [COMBAT] In attack block. Distance: 2.5572776794433594
[00:38:11.506] [INFO] [COMBAT] One-Shot Mode. Attack: false
[00:38:11.506] [DEBUG] [MOUSE] Injected delta: 27, 0
[00:38:11.552] [INFO] [COMBAT] In attack block. Distance: 2.4585392475128174
[00:38:11.553] [INFO] [COMBAT] One-Shot Mode. Attack: false
[00:38:11.553] [DEBUG] [MOUSE] Injected delta: 45, 1
[00:38:11.600] [INFO] [COMBAT] In attack block. Distance: 2.4710216522216797
[00:38:11.601] [INFO] [COMBAT] One-Shot Mode. Attack: false
[00:38:11.601] [DEBUG] [MOUSE] Injected delta: 30, 0
[00:38:11.652] [INFO] [COMBAT] In attack block. Distance: 2.5354373455047607
[00:38:11.652] [INFO] [COMBAT] One-Shot Mode. Attack: false
[00:38:11.653] [DEBUG] [MOUSE] Injected delta: 8, 0
[00:38:11.713] [INFO] [COMBAT] In attack block. Distance: 2.540501117706299
[00:38:11.714] [INFO] [COMBAT] One-Shot Mode. Attack: false
[00:38:11.763] [INFO] [COMBAT] In attack block. Distance: 2.561138391494751
[00:38:11.764] [INFO] [COMBAT] One-Shot Mode. Attack: false
[00:38:11.764] [DEBUG] [MOUSE] Injected delta: 4, -1
[00:38:11.816] [DEBUG] [PERCEPTION] Found combat target: attackable
[00:38:11.816] [INFO] [COMBAT] In attack block. Distance: 2.5709455013275146
[00:38:11.817] [INFO] [COMBAT] One-Shot Mode. Attack: false
[00:38:11.817] [DEBUG] [MOUSE] Injected delta: 25, -1
[00:38:11.863] [INFO] [COMBAT] In attack block. Distance: 2.5789225101470947
[00:38:11.864] [INFO] [COMBAT] One-Shot Mode. Attack: false
[00:38:11.864] [DEBUG] [MOUSE] Injected delta: 47, -1
[00:38:11.910] [INFO] [COMBAT] In attack block. Distance: 2.4806432723999023
[00:38:11.911] [INFO] [COMBAT] One-Shot Mode. Attack: false
[00:38:11.911] [DEBUG] [MOUSE] Injected delta: 36, -2
[00:38:11.954] [INFO] [COMBAT] In attack block. Distance: 2.4786839485168457
[00:38:11.954] [INFO] [COMBAT] One-Shot Mode. Attack: false
[00:38:11.955] [DEBUG] [MOUSE] Injected delta: 8, 0
[00:38:12.005] [INFO] [COMBAT] In attack block. Distance: 2.5678563117980957
[00:38:12.006] [INFO] [COMBAT] One-Shot Mode. Attack: false
[00:38:12.055] [INFO] [COMBAT] In attack block. Distance: 2.5899083614349365
[00:38:12.055] [INFO] [COMBAT] One-Shot Mode. Attack: false
[00:38:12.055] [DEBUG] [MOUSE] Injected delta: 1, -1
[00:38:12.101] [DEBUG] [PERCEPTION] Found combat target: attackable
[00:38:12.102] [INFO] [COMBAT] In attack block. Distance: 2.588806390762329
[00:38:12.102] [INFO] [COMBAT] One-Shot Mode. Attack: false
[00:38:12.102] [DEBUG] [MOUSE] Injected delta: 11, -2
[00:38:12.172] [INFO] [COMBAT] In attack block. Distance: 2.6310529708862305
[00:38:12.173] [INFO] [COMBAT] One-Shot Mode. Attack: false
[00:38:12.173] [DEBUG] [MOUSE] Injected delta: 18, -4
[00:38:12.207] [INFO] [COMBAT] In attack block. Distance: 2.6656365394592285
[00:38:12.207] [INFO] [COMBAT] One-Shot Mode. Attack: false
[00:38:12.207] [DEBUG] [MOUSE] Injected delta: 16, -3
[00:38:12.253] [INFO] [COMBAT] In attack block. Distance: 2.6970887184143066
[00:38:12.253] [INFO] [COMBAT] One-Shot Mode. Attack: false
[00:38:12.253] [DEBUG] [MOUSE] Injected delta: 5, -1
[00:38:12.302] [INFO] [COMBAT] In attack block. Distance: 2.608640193939209
[00:38:12.303] [INFO] [COMBAT] One-Shot Mode. Attack: false
[00:38:12.352] [INFO] [COMBAT] In attack block. Distance: 2.5188684463500977
[00:38:12.352] [INFO] [COMBAT] One-Shot Mode. Attack: false
[00:38:12.352] [DEBUG] [MOUSE] Injected delta: 2, 1
[00:38:12.401] [DEBUG] [PERCEPTION] Found combat target: attackable
[00:38:12.402] [INFO] [COMBAT] In attack block. Distance: 2.470144510269165
[00:38:12.402] [INFO] [COMBAT] One-Shot Mode. Attack: false
[00:38:12.403] [DEBUG] [MOUSE] Injected delta: 8, 0
[00:38:12.450] [INFO] [COMBAT] In attack block. Distance: 2.519817590713501
[00:38:12.451] [INFO] [COMBAT] One-Shot Mode. Attack: false
[00:38:12.451] [DEBUG] [MOUSE] Injected delta: 13, 0
[00:38:12.513] [INFO] [COMBAT] In attack block. Distance: 2.539525270462036
[00:38:12.513] [INFO] [COMBAT] One-Shot Mode. Attack: false
[00:38:12.513] [DEBUG] [MOUSE] Injected delta: 12, 1
[00:38:12.563] [INFO] [COMBAT] In attack block. Distance: 2.474698781967163
[00:38:12.564] [INFO] [COMBAT] One-Shot Mode. Attack: false
[00:38:12.564] [DEBUG] [MOUSE] Injected delta: 3, 0
[00:38:12.613] [INFO] [COMBAT] In attack block. Distance: 2.494774103164673
[00:38:12.614] [INFO] [COMBAT] One-Shot Mode. Attack: false
[00:38:12.663] [INFO] [COMBAT] In attack block. Distance: 2.561326742172241
[00:38:12.664] [INFO] [COMBAT] One-Shot Mode. Attack: false
[00:38:12.710] [DEBUG] [PERCEPTION] Found combat target: attackable
[00:38:12.711] [INFO] [COMBAT] In attack block. Distance: 2.4036166667938232
[00:38:12.711] [INFO] [COMBAT] One-Shot Mode. Attack: false
[00:38:12.711] [DEBUG] [MOUSE] Injected delta: 3, -1
[00:38:12.759] [INFO] [COMBAT] In attack block. Distance: 2.316918134689331
[00:38:12.760] [INFO] [COMBAT] One-Shot Mode. Attack: false
[00:38:12.760] [DEBUG] [MOUSE] Injected delta: 1, -1
[00:38:12.807] [INFO] [COMBAT] In attack block. Distance: 2.2716376781463623
[00:38:12.808] [INFO] [COMBAT] One-Shot Mode. Attack: false
[00:38:12.808] [DEBUG] [MOUSE] Injected delta: -7, -2
[00:38:12.863] [INFO] [COMBAT] In attack block. Distance: 2.2197396755218506
[00:38:12.864] [INFO] [COMBAT] One-Shot Mode. Attack: false
[00:38:12.864] [DEBUG] [MOUSE] Injected delta: -7, -1
[00:38:12.914] [INFO] [COMBAT] In attack block. Distance: 2.15541672706604
[00:38:12.915] [INFO] [COMBAT] One-Shot Mode. Attack: false
[00:38:12.952] [INFO] [COMBAT] In attack block. Distance: 2.117684841156006
[00:38:12.952] [INFO] [COMBAT] One-Shot Mode. Attack: false
[00:38:12.952] [DEBUG] [MOUSE] Injected delta: -48, 1
[00:38:13.016] [DEBUG] [PERCEPTION] Found combat target: attackable
[00:38:13.017] [INFO] [COMBAT] In attack block. Distance: 2.0845978260040283
[00:38:13.017] [INFO] [COMBAT] One-Shot Mode. Attack: false
[00:38:13.017] [DEBUG] [MOUSE] Injected delta: -191, 2
[00:38:13.069] [INFO] [COMBAT] In attack block. Distance: 2.0632615089416504
[00:38:13.070] [INFO] [COMBAT] One-Shot Mode. Attack: false
[00:38:13.070] [DEBUG] [MOUSE] Injected delta: -77, 0
[00:38:13.106] [INFO] [COMBAT] In attack block. Distance: 2.074632167816162
[00:38:13.107] [INFO] [COMBAT] One-Shot Mode. Attack: false
[00:38:13.154] [INFO] [COMBAT] In attack block. Distance: 2.118182897567749
[00:38:13.154] [INFO] [COMBAT] One-Shot Mode. Attack: false
[00:38:13.154] [DEBUG] [MOUSE] Injected delta: -34, 1
[00:38:13.203] [INFO] [COMBAT] In attack block. Distance: 2.1458890438079834
[00:38:13.203] [INFO] [COMBAT] One-Shot Mode. Attack: false
[00:38:13.204] [DEBUG] [MOUSE] Injected delta: -101, 2
[00:38:13.264] [INFO] [COMBAT] In attack block. Distance: 2.208850383758545
[00:38:13.264] [INFO] [COMBAT] One-Shot Mode. Attack: false
[00:38:13.264] [DEBUG] [MOUSE] Injected delta: -41, 1
[00:38:13.307] [DEBUG] [PERCEPTION] Found combat target: attackable
[00:38:13.308] [INFO] [COMBAT] In attack block. Distance: 2.2904694080352783
[00:38:13.308] [INFO] [COMBAT] One-Shot Mode. Attack: false
[00:38:13.356] [INFO] [COMBAT] In attack block. Distance: 2.3888344764709473
[00:38:13.357] [INFO] [COMBAT] One-Shot Mode. Attack: false
[00:38:13.357] [DEBUG] [MOUSE] Injected delta: -9, 0
[00:38:13.405] [INFO] [COMBAT] In attack block. Distance: 2.467928409576416
[00:38:13.406] [INFO] [COMBAT] One-Shot Mode. Attack: false
[00:38:13.406] [DEBUG] [MOUSE] Injected delta: -30, 0
[00:38:13.455] [INFO] [COMBAT] In attack block. Distance: 2.5505783557891846
[00:38:13.456] [INFO] [COMBAT] One-Shot Mode. Attack: false
[00:38:13.456] [DEBUG] [MOUSE] Injected delta: -12, -1
[00:38:13.502] [INFO] [COMBAT] In attack block. Distance: 2.5984740257263184
[00:38:13.503] [INFO] [COMBAT] One-Shot Mode. Attack: false
[00:38:13.565] [INFO] [COMBAT] In attack block. Distance: 2.671557664871216
[00:38:13.566] [INFO] [COMBAT] One-Shot Mode. Attack: false
[00:38:13.566] [DEBUG] [MOUSE] Injected delta: 1, 0
[00:38:13.615] [DEBUG] [PERCEPTION] Found combat target: attackable
[00:38:13.616] [INFO] [COMBAT] In attack block. Distance: 2.716526508331299
[00:38:13.616] [INFO] [COMBAT] One-Shot Mode. Attack: false
[00:38:13.616] [DEBUG] [MOUSE] Injected delta: 11, 0
[00:38:13.664] [INFO] [COMBAT] In attack block. Distance: 2.7456624507904053
[00:38:13.665] [INFO] [COMBAT] One-Shot Mode. Attack: false
[00:38:13.667] [DEBUG] [MOUSE] Injected delta: 15, 1
[00:38:13.712] [INFO] [COMBAT] In attack block. Distance: 2.671095848083496
[00:38:13.712] [INFO] [COMBAT] One-Shot Mode. Attack: false
[00:38:13.712] [DEBUG] [MOUSE] Injected delta: 12, 0
[00:38:13.762] [INFO] [COMBAT] In attack block. Distance: 2.548503875732422
[00:38:13.763] [INFO] [COMBAT] One-Shot Mode. Attack: false
[00:38:13.763] [DEBUG] [MOUSE] Injected delta: 2, 0
[00:38:13.810] [INFO] [COMBAT] In attack block. Distance: 2.4229815006256104
[00:38:13.810] [INFO] [COMBAT] One-Shot Mode. Attack: false
[00:38:13.859] [INFO] [COMBAT] In attack block. Distance: 2.3931891918182373
[00:38:13.859] [INFO] [COMBAT] One-Shot Mode. Attack: false
[00:38:13.860] [DEBUG] [MOUSE] Injected delta: 8, -2
[00:38:13.907] [DEBUG] [PERCEPTION] Found combat target: attackable
[00:38:13.907] [INFO] [COMBAT] In attack block. Distance: 2.3843445777893066
[00:38:13.907] [INFO] [COMBAT] One-Shot Mode. Attack: false
[00:38:13.908] [DEBUG] [MOUSE] Injected delta: 16, -6
[00:38:13.958] [INFO] [COMBAT] In attack block. Distance: 2.4710166454315186
[00:38:13.958] [INFO] [COMBAT] One-Shot Mode. Attack: false
[00:38:13.958] [DEBUG] [MOUSE] Injected delta: 4, -2
[00:38:14.004] [INFO] [COMBAT] In attack block. Distance: 2.577775478363037
[00:38:14.005] [INFO] [COMBAT] One-Shot Mode. Attack: false
[00:38:14.056] [INFO] [COMBAT] In attack block. Distance: 2.59952974319458
[00:38:14.057] [INFO] [COMBAT] One-Shot Mode. Attack: false
[00:38:14.057] [DEBUG] [MOUSE] Injected delta: -6, 1
[00:38:14.102] [INFO] [COMBAT] In attack block. Distance: 2.5451018810272217
[00:38:14.103] [INFO] [COMBAT] One-Shot Mode. Attack: false
[00:38:14.103] [DEBUG] [MOUSE] Injected delta: -28, 2
[00:38:14.154] [INFO] [COMBAT] In attack block. Distance: 2.466557264328003
[00:38:14.154] [INFO] [COMBAT] One-Shot Mode. Attack: false
[00:38:14.155] [DEBUG] [MOUSE] Injected delta: -43, 3
[00:38:14.212] [DEBUG] [PERCEPTION] Found combat target: attackable
[00:38:14.213] [INFO] [COMBAT] In attack block. Distance: 2.506702423095703
[00:38:14.213] [INFO] [COMBAT] One-Shot Mode. Attack: false
[00:38:14.213] [DEBUG] [MOUSE] Injected delta: -31, 2
[00:38:14.261] [INFO] [COMBAT] In attack block. Distance: 2.4688429832458496
[00:38:14.261] [INFO] [COMBAT] One-Shot Mode. Attack: false
[00:38:14.262] [DEBUG] [MOUSE] Injected delta: -8, 1
[00:38:14.308] [INFO] [COMBAT] In attack block. Distance: 2.525642156600952
[00:38:14.309] [INFO] [COMBAT] One-Shot Mode. Attack: false
[00:38:14.368] [INFO] [COMBAT] In attack block. Distance: 2.589245080947876
[00:38:14.368] [INFO] [COMBAT] One-Shot Mode. Attack: false
[00:38:14.369] [DEBUG] [MOUSE] Injected delta: -3, -1
[00:38:14.413] [INFO] [COMBAT] In attack block. Distance: 2.6309280395507812
[00:38:14.413] [INFO] [COMBAT] One-Shot Mode. Attack: false
[00:38:14.413] [DEBUG] [MOUSE] Injected delta: -20, 0
[00:38:14.461] [INFO] [COMBAT] In attack block. Distance: 2.625725269317627
[00:38:14.461] [INFO] [COMBAT] One-Shot Mode. Attack: false
[00:38:14.462] [DEBUG] [MOUSE] Injected delta: -38, 1
[00:38:14.505] [DEBUG] [PERCEPTION] Found combat target: attackable
[00:38:14.506] [INFO] [COMBAT] In attack block. Distance: 2.61574649810791
[00:38:14.506] [INFO] [COMBAT] One-Shot Mode. Attack: false
[00:38:14.506] [DEBUG] [MOUSE] Injected delta: -30, -1
[00:38:14.552] [INFO] [COMBAT] In attack block. Distance: 2.604135036468506
[00:38:14.552] [INFO] [COMBAT] One-Shot Mode. Attack: false
[00:38:14.552] [DEBUG] [MOUSE] Injected delta: -7, 0
[00:38:14.619] [INFO] [COMBAT] In attack block. Distance: 2.5125129222869873
[00:38:14.619] [INFO] [COMBAT] One-Shot Mode. Attack: false
[00:38:14.663] [INFO] [COMBAT] In attack block. Distance: 2.4201266765594482
[00:38:14.663] [INFO] [COMBAT] One-Shot Mode. Attack: false
[00:38:14.664] [DEBUG] [MOUSE] Injected delta: -8, 0
[00:38:14.710] [INFO] [COMBAT] In attack block. Distance: 2.466571569442749
[00:38:14.711] [INFO] [COMBAT] One-Shot Mode. Attack: false
[00:38:14.711] [DEBUG] [MOUSE] Injected delta: -20, -3
[00:38:14.757] [INFO] [COMBAT] In attack block. Distance: 2.5673248767852783
[00:38:14.758] [INFO] [COMBAT] One-Shot Mode. Attack: false
[00:38:14.758] [DEBUG] [MOUSE] Injected delta: -9, -1
[00:38:14.808] [DEBUG] [PERCEPTION] Found combat target: attackable
[00:38:14.808] [INFO] [COMBAT] In attack block. Distance: 2.6141889095306396
[00:38:14.809] [INFO] [COMBAT] One-Shot Mode. Attack: false
[00:38:14.857] [INFO] [COMBAT] In attack block. Distance: 2.6242403984069824
[00:38:14.858] [INFO] [COMBAT] One-Shot Mode. Attack: false
[00:38:14.858] [DEBUG] [MOUSE] Injected delta: -1, 0
[00:38:14.906] [INFO] [COMBAT] In attack block. Distance: 2.6191611289978027
[00:38:14.906] [INFO] [COMBAT] One-Shot Mode. Attack: false
[00:38:14.907] [DEBUG] [MOUSE] Injected delta: -8, 0
[00:38:14.953] [INFO] [COMBAT] In attack block. Distance: 2.6158714294433594
[00:38:14.954] [INFO] [COMBAT] One-Shot Mode. Attack: false
[00:38:14.954] [DEBUG] [MOUSE] Injected delta: -14, 1
[00:38:15.003] [INFO] [COMBAT] In attack block. Distance: 2.604541301727295
[00:38:15.004] [INFO] [COMBAT] One-Shot Mode. Attack: false
[00:38:15.004] [DEBUG] [MOUSE] Injected delta: -11, 1
[00:38:15.066] [INFO] [COMBAT] In attack block. Distance: 2.651764392852783
[00:38:15.066] [INFO] [COMBAT] One-Shot Mode. Attack: false
[00:38:15.066] [DEBUG] [MOUSE] Injected delta: -3, 0
[00:38:15.114] [DEBUG] [PERCEPTION] Found combat target: attackable
[00:38:15.114] [INFO] [COMBAT] In attack block. Distance: 2.696199655532837
[00:38:15.115] [INFO] [COMBAT] One-Shot Mode. Attack: false
[00:38:15.161] [INFO] [COMBAT] In attack block. Distance: 2.7391934394836426
[00:38:15.162] [INFO] [COMBAT] One-Shot Mode. Attack: false
[00:38:15.162] [DEBUG] [MOUSE] Injected delta: -2, 0
[00:38:15.209] [INFO] [COMBAT] In attack block. Distance: 2.589158296585083
[00:38:15.209] [INFO] [COMBAT] One-Shot Mode. Attack: false
[00:38:15.209] [DEBUG] [MOUSE] Injected delta: -6, 0
[00:38:15.259] [INFO] [COMBAT] In attack block. Distance: 2.4384877681732178
[00:38:15.259] [INFO] [COMBAT] One-Shot Mode. Attack: false
[00:38:15.260] [DEBUG] [MOUSE] Injected delta: -8, 0
[00:38:15.306] [INFO] [COMBAT] In attack block. Distance: 2.3439621925354004
[00:38:15.307] [INFO] [COMBAT] One-Shot Mode. Attack: false
[00:38:15.307] [DEBUG] [MOUSE] Injected delta: -5, -2
[00:38:15.356] [INFO] [COMBAT] In attack block. Distance: 2.3032212257385254
[00:38:15.356] [INFO] [COMBAT] One-Shot Mode. Attack: false
[00:38:15.356] [DEBUG] [MOUSE] Injected delta: -1, -1
[00:38:15.406] [DEBUG] [PERCEPTION] Found combat target: attackable
[00:38:15.407] [INFO] [COMBAT] In attack block. Distance: 2.28562331199646
[00:38:15.407] [INFO] [COMBAT] One-Shot Mode. Attack: false
[00:38:15.454] [INFO] [COMBAT] In attack block. Distance: 2.2892744541168213
[00:38:15.454] [INFO] [COMBAT] One-Shot Mode. Attack: false
[00:38:15.455] [DEBUG] [MOUSE] Injected delta: -14, -2
[00:38:15.503] [INFO] [COMBAT] In attack block. Distance: 2.3125534057617188
[00:38:15.503] [INFO] [COMBAT] One-Shot Mode. Attack: false
[00:38:15.504] [DEBUG] [MOUSE] Injected delta: -86, -4
[00:38:15.553] [INFO] [COMBAT] In attack block. Distance: 2.3507442474365234
[00:38:15.553] [INFO] [COMBAT] One-Shot Mode. Attack: false
[00:38:15.553] [DEBUG] [MOUSE] Injected delta: -35, -2
[00:38:15.602] [INFO] [COMBAT] In attack block. Distance: 2.3984482288360596
[00:38:15.602] [INFO] [COMBAT] One-Shot Mode. Attack: false
[00:38:15.650] [INFO] [COMBAT] In attack block. Distance: 2.4611382484436035
[00:38:15.651] [INFO] [COMBAT] One-Shot Mode. Attack: false
[00:38:15.652] [DEBUG] [MOUSE] Injected delta: -22, 1
[00:38:15.711] [DEBUG] [PERCEPTION] Found combat target: attackable
[00:38:15.712] [INFO] [COMBAT] In attack block. Distance: 2.530195713043213
[00:38:15.712] [INFO] [COMBAT] One-Shot Mode. Attack: false
[00:38:15.712] [DEBUG] [MOUSE] Injected delta: -80, 4
[00:38:15.755] [INFO] [COMBAT] In attack block. Distance: 2.513683795928955
[00:38:15.756] [INFO] [COMBAT] One-Shot Mode. Attack: false
[00:38:15.756] [DEBUG] [MOUSE] Injected delta: -33, 1
[00:38:15.815] [INFO] [COMBAT] In attack block. Distance: 2.450807809829712
[00:38:15.816] [INFO] [COMBAT] One-Shot Mode. Attack: false
[00:38:15.862] [INFO] [COMBAT] In attack block. Distance: 2.4989845752716064
[00:38:15.863] [INFO] [COMBAT] One-Shot Mode. Attack: false
[00:38:15.863] [DEBUG] [MOUSE] Injected delta: -16, 1
[00:38:15.911] [INFO] [COMBAT] In attack block. Distance: 2.6028573513031006
[00:38:15.912] [INFO] [COMBAT] One-Shot Mode. Attack: false
[00:38:15.912] [DEBUG] [MOUSE] Injected delta: -59, 5
[00:38:15.960] [INFO] [COMBAT] In attack block. Distance: 2.5872373580932617
[00:38:15.960] [INFO] [COMBAT] One-Shot Mode. Attack: false
[00:38:15.961] [DEBUG] [MOUSE] Injected delta: -29, 2
[00:38:16.010] [DEBUG] [PERCEPTION] Found combat target: attackable
[00:38:16.011] [INFO] [COMBAT] In attack block. Distance: 2.5230400562286377
[00:38:16.011] [INFO] [COMBAT] One-Shot Mode. Attack: false
[00:38:16.059] [INFO] [COMBAT] In attack block. Distance: 2.434459924697876
[00:38:16.059] [INFO] [COMBAT] One-Shot Mode. Attack: false
[00:38:16.060] [DEBUG] [MOUSE] Injected delta: -11, 0
[00:38:16.106] [INFO] [COMBAT] In attack block. Distance: 2.4049675464630127
[00:38:16.107] [INFO] [COMBAT] One-Shot Mode. Attack: false
[00:38:16.107] [DEBUG] [MOUSE] Injected delta: -38, 1
[00:38:16.152] [INFO] [COMBAT] In attack block. Distance: 2.4370880126953125
[00:38:16.153] [INFO] [COMBAT] One-Shot Mode. Attack: false
[00:38:16.153] [DEBUG] [MOUSE] Injected delta: -15, 1
[00:38:16.215] [INFO] [COMBAT] In attack block. Distance: 2.554935932159424
[00:38:16.216] [INFO] [COMBAT] One-Shot Mode. Attack: false
[00:38:16.263] [INFO] [COMBAT] In attack block. Distance: 2.6395506858825684
[00:38:16.264] [INFO] [COMBAT] One-Shot Mode. Attack: false
[00:38:16.264] [DEBUG] [MOUSE] Injected delta: 2, 0
[00:38:16.310] [DEBUG] [PERCEPTION] Found combat target: attackable
[00:38:16.311] [INFO] [COMBAT] In attack block. Distance: 2.6656148433685303
[00:38:16.311] [INFO] [COMBAT] One-Shot Mode. Attack: false
[00:38:16.311] [DEBUG] [MOUSE] Injected delta: 14, 2
[00:38:16.352] [INFO] [COMBAT] In attack block. Distance: 2.6591153144836426
[00:38:16.353] [INFO] [COMBAT] One-Shot Mode. Attack: false
[00:38:16.353] [DEBUG] [MOUSE] Injected delta: 26, 4
[00:38:16.418] [INFO] [COMBAT] In attack block. Distance: 2.5598762035369873
[00:38:16.418] [INFO] [COMBAT] One-Shot Mode. Attack: false
[00:38:16.419] [DEBUG] [MOUSE] Injected delta: 19, 2
[00:38:16.456] [INFO] [COMBAT] In attack block. Distance: 2.4665260314941406
[00:38:16.457] [INFO] [COMBAT] One-Shot Mode. Attack: false
[00:38:16.457] [DEBUG] [MOUSE] Injected delta: 5, 0
[00:38:16.504] [INFO] [COMBAT] In attack block. Distance: 2.3886427879333496
[00:38:16.505] [INFO] [COMBAT] One-Shot Mode. Attack: false
[00:38:16.560] [INFO] [COMBAT] In attack block. Distance: 2.3655848503112793
[00:38:16.561] [INFO] [COMBAT] One-Shot Mode. Attack: false
[00:38:16.561] [DEBUG] [MOUSE] Injected delta: 7, -1
[00:38:16.605] [DEBUG] [PERCEPTION] Found combat target: attackable
[00:38:16.606] [INFO] [COMBAT] In attack block. Distance: 2.4055325984954834
[00:38:16.606] [INFO] [COMBAT] One-Shot Mode. Attack: false
[00:38:16.606] [DEBUG] [MOUSE] Injected delta: 16, -3
[00:38:16.665] [INFO] [COMBAT] In attack block. Distance: 2.5319173336029053
[00:38:16.665] [INFO] [COMBAT] One-Shot Mode. Attack: false
[00:38:16.666] [DEBUG] [MOUSE] Injected delta: 3, -1
[00:38:16.711] [INFO] [COMBAT] In attack block. Distance: 2.572242259979248
[00:38:16.711] [INFO] [COMBAT] One-Shot Mode. Attack: false
[00:38:16.755] [INFO] [COMBAT] In attack block. Distance: 2.5671210289001465
[00:38:16.755] [INFO] [COMBAT] One-Shot Mode. Attack: false
[00:38:16.756] [DEBUG] [MOUSE] Injected delta: -5, 0
[00:38:16.800] [INFO] [COMBAT] In attack block. Distance: 2.494997501373291
[00:38:16.800] [INFO] [COMBAT] One-Shot Mode. Attack: false
[00:38:16.801] [DEBUG] [MOUSE] Injected delta: -23, 2
[00:38:16.864] [INFO] [COMBAT] In attack block. Distance: 2.5818369388580322
[00:38:16.865] [INFO] [COMBAT] One-Shot Mode. Attack: false
[00:38:16.865] [DEBUG] [MOUSE] Injected delta: -38, 2
[00:38:16.906] [DEBUG] [PERCEPTION] Found combat target: attackable
[00:38:16.907] [INFO] [COMBAT] In attack block. Distance: 2.590794086456299
[00:38:16.907] [INFO] [COMBAT] One-Shot Mode. Attack: false
[00:38:16.908] [DEBUG] [MOUSE] Injected delta: -28, 2
[00:38:16.951] [INFO] [COMBAT] In attack block. Distance: 2.558292865753174
[00:38:16.952] [INFO] [COMBAT] One-Shot Mode. Attack: false
[00:38:16.952] [DEBUG] [MOUSE] Injected delta: -8, 0
[00:38:17.013] [INFO] [COMBAT] In attack block. Distance: 2.4232587814331055
[00:38:17.014] [INFO] [COMBAT] One-Shot Mode. Attack: false
[00:38:17.057] [INFO] [COMBAT] In attack block. Distance: 2.4036266803741455
[00:38:17.058] [INFO] [COMBAT] One-Shot Mode. Attack: false
[00:38:17.058] [DEBUG] [MOUSE] Injected delta: -11, 0
[00:38:17.104] [INFO] [COMBAT] In attack block. Distance: 2.486273765563965
[00:38:17.104] [INFO] [COMBAT] One-Shot Mode. Attack: false
[00:38:17.104] [DEBUG] [MOUSE] Injected delta: -33, -1
[00:38:17.166] [INFO] [COMBAT] In attack block. Distance: 2.6714398860931396
[00:38:17.166] [INFO] [COMBAT] One-Shot Mode. Attack: false
[00:38:17.166] [DEBUG] [MOUSE] Injected delta: -14, -1
[00:38:17.207] [DEBUG] [PERCEPTION] Found combat target: attackable
[00:38:17.207] [INFO] [COMBAT] In attack block. Distance: 2.7802674770355225
[00:38:17.208] [INFO] [COMBAT] One-Shot Mode. Attack: false
[00:38:17.264] [INFO] [COMBAT] In attack block. Distance: 2.7866532802581787
[00:38:17.265] [INFO] [COMBAT] One-Shot Mode. Attack: false
[00:38:17.265] [DEBUG] [MOUSE] Injected delta: -2, 0
[00:38:17.304] [INFO] [COMBAT] In attack block. Distance: 2.754988193511963
[00:38:17.305] [INFO] [COMBAT] One-Shot Mode. Attack: false
[00:38:17.305] [DEBUG] [MOUSE] Injected delta: -13, 1
[00:38:17.361] [INFO] [COMBAT] In attack block. Distance: 2.703202962875366
[00:38:17.361] [INFO] [COMBAT] One-Shot Mode. Attack: false
[00:38:17.361] [DEBUG] [MOUSE] Injected delta: -19, 1
[00:38:17.401] [INFO] [COMBAT] In attack block. Distance: 2.5914828777313232
[00:38:17.402] [INFO] [COMBAT] One-Shot Mode. Attack: false
[00:38:17.402] [DEBUG] [MOUSE] Injected delta: -15, 1
[00:38:17.452] [INFO] [COMBAT] In attack block. Distance: 2.4898364543914795
[00:38:17.453] [INFO] [COMBAT] One-Shot Mode. Attack: false
[00:38:17.453] [DEBUG] [MOUSE] Injected delta: -3, 0
[00:38:17.502] [DEBUG] [PERCEPTION] Found combat target: attackable
[00:38:17.503] [INFO] [COMBAT] In attack block. Distance: 2.533796787261963
[00:38:17.503] [INFO] [COMBAT] One-Shot Mode. Attack: false
[00:38:17.553] [INFO] [COMBAT] In attack block. Distance: 2.5367016792297363
[00:38:17.553] [INFO] [COMBAT] One-Shot Mode. Attack: false
[00:38:17.554] [DEBUG] [MOUSE] Injected delta: -1, 0
[00:38:17.604] [INFO] [COMBAT] In attack block. Distance: 2.502124547958374
[00:38:17.604] [INFO] [COMBAT] One-Shot Mode. Attack: false
[00:38:17.604] [DEBUG] [MOUSE] Injected delta: -5, 0
[00:38:17.675] [INFO] [COMBAT] In attack block. Distance: 2.5351722240448
[00:38:17.675] [INFO] [COMBAT] One-Shot Mode. Attack: false
[00:38:17.676] [DEBUG] [MOUSE] Injected delta: -9, 0
[00:38:17.709] [INFO] [COMBAT] In attack block. Distance: 2.569540500640869
[00:38:17.709] [INFO] [COMBAT] One-Shot Mode. Attack: false
[00:38:17.709] [DEBUG] [MOUSE] Injected delta: -7, 0
[00:38:17.763] [INFO] [COMBAT] In attack block. Distance: 2.6048402786254883
[00:38:17.763] [INFO] [COMBAT] One-Shot Mode. Attack: false
[00:38:17.764] [DEBUG] [MOUSE] Injected delta: -3, 0
[00:38:17.808] [DEBUG] [PERCEPTION] Found combat target: attackable
[00:38:17.808] [INFO] [COMBAT] In attack block. Distance: 2.5171079635620117
[00:38:17.809] [INFO] [COMBAT] One-Shot Mode. Attack: false
[00:38:17.858] [INFO] [COMBAT] In attack block. Distance: 2.429565668106079
[00:38:17.859] [INFO] [COMBAT] One-Shot Mode. Attack: false
[00:38:17.859] [DEBUG] [MOUSE] Injected delta: -3, 0
[00:38:17.912] [INFO] [COMBAT] In attack block. Distance: 2.4188039302825928
[00:38:17.913] [INFO] [COMBAT] One-Shot Mode. Attack: false
[00:38:17.913] [DEBUG] [MOUSE] Injected delta: -7, 0
[00:38:17.952] [INFO] [COMBAT] In attack block. Distance: 2.4616425037384033
[00:38:17.953] [INFO] [COMBAT] One-Shot Mode. Attack: false
[00:38:17.953] [DEBUG] [MOUSE] Injected delta: -3, 0
[00:38:18.009] [INFO] [COMBAT] In attack block. Distance: 2.4630987644195557
[00:38:18.009] [INFO] [COMBAT] One-Shot Mode. Attack: false
[00:38:18.063] [INFO] [COMBAT] In attack block. Distance: 2.4809677600860596
[00:38:18.064] [INFO] [COMBAT] One-Shot Mode. Attack: false
[00:38:18.064] [DEBUG] [MOUSE] Injected delta: -2, -1
[00:38:18.105] [DEBUG] [PERCEPTION] Found combat target: attackable
[00:38:18.105] [INFO] [COMBAT] In attack block. Distance: 2.4901137351989746
[00:38:18.106] [INFO] [COMBAT] One-Shot Mode. Attack: false
[00:38:18.106] [DEBUG] [MOUSE] Injected delta: -24, -1
[00:38:18.160] [INFO] [COMBAT] In attack block. Distance: 2.5088753700256348
[00:38:18.160] [INFO] [COMBAT] One-Shot Mode. Attack: false
[00:38:18.161] [DEBUG] [MOUSE] Injected delta: -12, 0
[00:38:18.210] [INFO] [COMBAT] In attack block. Distance: 2.4380576610565186
[00:38:18.211] [INFO] [COMBAT] One-Shot Mode. Attack: false
[00:38:18.265] [INFO] [COMBAT] In attack block. Distance: 2.4343955516815186
[00:38:18.266] [INFO] [COMBAT] One-Shot Mode. Attack: false
[00:38:18.267] [DEBUG] [MOUSE] Injected delta: -29, 0
[00:38:18.304] [INFO] [COMBAT] In attack block. Distance: 2.477036237716675
[00:38:18.305] [INFO] [COMBAT] One-Shot Mode. Attack: false
[00:38:18.305] [DEBUG] [MOUSE] Injected delta: -113, 1
[00:38:18.359] [INFO] [COMBAT] In attack block. Distance: 2.5528039932250977
[00:38:18.360] [INFO] [COMBAT] One-Shot Mode. Attack: false
[00:38:18.360] [DEBUG] [MOUSE] Injected delta: -54, -1
[00:38:18.402] [DEBUG] [PERCEPTION] Found combat target: attackable
[00:38:18.403] [INFO] [COMBAT] In attack block. Distance: 2.467014789581299
[00:38:18.403] [INFO] [COMBAT] One-Shot Mode. Attack: false
[00:38:18.455] [INFO] [COMBAT] In attack block. Distance: 2.4469027519226074
[00:38:18.456] [INFO] [COMBAT] One-Shot Mode. Attack: false
[00:38:18.456] [DEBUG] [MOUSE] Injected delta: -19, 1
[00:38:18.512] [INFO] [COMBAT] In attack block. Distance: 2.484052896499634
[00:38:18.513] [INFO] [COMBAT] One-Shot Mode. Attack: false
[00:38:18.513] [DEBUG] [MOUSE] Injected delta: -40, -1
[00:38:18.564] [INFO] [COMBAT] In attack block. Distance: 2.548685073852539
[00:38:18.565] [INFO] [COMBAT] One-Shot Mode. Attack: false
[00:38:18.565] [DEBUG] [MOUSE] Injected delta: -18, 0
[00:38:18.606] [INFO] [COMBAT] In attack block. Distance: 2.541597843170166
[00:38:18.607] [INFO] [COMBAT] One-Shot Mode. Attack: false
[00:38:18.661] [INFO] [COMBAT] In attack block. Distance: 2.494580030441284
[00:38:18.662] [INFO] [COMBAT] One-Shot Mode. Attack: false
[00:38:18.663] [DEBUG] [MOUSE] Injected delta: -13, 1
[00:38:18.703] [DEBUG] [PERCEPTION] Found combat target: attackable
[00:38:18.704] [INFO] [COMBAT] In attack block. Distance: 2.529595136642456
[00:38:18.704] [INFO] [COMBAT] One-Shot Mode. Attack: false
[00:38:18.705] [DEBUG] [MOUSE] Injected delta: -49, 1
[00:38:18.756] [INFO] [COMBAT] In attack block. Distance: 2.4854705333709717
[00:38:18.757] [INFO] [COMBAT] One-Shot Mode. Attack: false
[00:38:18.757] [DEBUG] [MOUSE] Injected delta: -20, 1
[00:38:18.801] [INFO] [COMBAT] In attack block. Distance: 2.5357155799865723
[00:38:18.802] [INFO] [COMBAT] One-Shot Mode. Attack: false
[00:38:18.854] [INFO] [COMBAT] In attack block. Distance: 2.536381959915161
[00:38:18.855] [INFO] [COMBAT] One-Shot Mode. Attack: false
[00:38:18.856] [DEBUG] [MOUSE] Injected delta: -3, 0
[00:38:18.910] [INFO] [COMBAT] In attack block. Distance: 2.5299901962280273
[00:38:18.910] [INFO] [COMBAT] One-Shot Mode. Attack: false
[00:38:18.911] [DEBUG] [MOUSE] Injected delta: -8, 0
[00:38:18.954] [INFO] [COMBAT] In attack block. Distance: 2.508012533187866
[00:38:18.955] [INFO] [COMBAT] One-Shot Mode. Attack: false
[00:38:18.955] [DEBUG] [MOUSE] Injected delta: -14, 0
[00:38:19.002] [DEBUG] [PERCEPTION] Found combat target: attackable
[00:38:19.003] [INFO] [COMBAT] In attack block. Distance: 2.488234758377075
[00:38:19.003] [INFO] [COMBAT] One-Shot Mode. Attack: false
[00:38:19.004] [DEBUG] [MOUSE] Injected delta: -1, 0
[00:38:19.055] [INFO] [COMBAT] In attack block. Distance: 2.5611162185668945
[00:38:19.055] [INFO] [COMBAT] One-Shot Mode. Attack: false
[00:38:19.109] [INFO] [COMBAT] In attack block. Distance: 2.5570714473724365
[00:38:19.110] [INFO] [COMBAT] One-Shot Mode. Attack: false
[00:38:19.161] [INFO] [COMBAT] In attack block. Distance: 2.528085947036743
[00:38:19.161] [INFO] [COMBAT] One-Shot Mode. Attack: false
[00:38:19.162] [DEBUG] [MOUSE] Injected delta: 3, 0
[00:38:19.213] [INFO] [COMBAT] In attack block. Distance: 2.38297176361084
[00:38:19.213] [INFO] [COMBAT] One-Shot Mode. Attack: false
[00:38:19.214] [DEBUG] [MOUSE] Injected delta: 17, 1
[00:38:19.262] [INFO] [COMBAT] In attack block. Distance: 2.327274799346924
[00:38:19.263] [INFO] [COMBAT] One-Shot Mode. Attack: false
[00:38:19.263] [DEBUG] [MOUSE] Injected delta: 25, 1
[00:38:19.313] [DEBUG] [PERCEPTION] Found combat target: attackable
[00:38:19.314] [INFO] [COMBAT] In attack block. Distance: 2.3365848064422607
[00:38:19.314] [INFO] [COMBAT] One-Shot Mode. Attack: false
[00:38:19.314] [DEBUG] [MOUSE] Injected delta: 18, -1
[00:38:19.362] [INFO] [COMBAT] In attack block. Distance: 2.436736822128296
[00:38:19.362] [INFO] [COMBAT] One-Shot Mode. Attack: false
[00:38:19.362] [DEBUG] [MOUSE] Injected delta: 3, 0
[00:38:19.411] [INFO] [COMBAT] In attack block. Distance: 2.553065776824951
[00:38:19.412] [INFO] [COMBAT] One-Shot Mode. Attack: false
[00:38:19.462] [INFO] [COMBAT] In attack block. Distance: 2.5811374187469482
[00:38:19.463] [INFO] [COMBAT] One-Shot Mode. Attack: false
[00:38:19.463] [DEBUG] [MOUSE] Injected delta: -4, 1
[00:38:19.511] [INFO] [COMBAT] In attack block. Distance: 2.5339386463165283
[00:38:19.511] [INFO] [COMBAT] One-Shot Mode. Attack: false
[00:38:19.511] [DEBUG] [MOUSE] Injected delta: -18, 0
[00:38:19.563] [INFO] [COMBAT] In attack block. Distance: 2.5389511585235596
[00:38:19.563] [INFO] [COMBAT] One-Shot Mode. Attack: false
[00:38:19.563] [DEBUG] [MOUSE] Injected delta: -31, -1
[00:38:19.614] [DEBUG] [PERCEPTION] Found combat target: attackable
[00:38:19.615] [INFO] [COMBAT] In attack block. Distance: 2.532632350921631
[00:38:19.615] [INFO] [COMBAT] One-Shot Mode. Attack: false
[00:38:19.615] [DEBUG] [MOUSE] Injected delta: -25, 0
[00:38:19.652] [INFO] [COMBAT] In attack block. Distance: 2.5209543704986572
[00:38:19.652] [INFO] [COMBAT] One-Shot Mode. Attack: false
[00:38:19.654] [DEBUG] [MOUSE] Injected delta: -7, 0
[00:38:19.710] [INFO] [COMBAT] In attack block. Distance: 2.4264402389526367
[00:38:19.710] [INFO] [COMBAT] One-Shot Mode. Attack: false
[00:38:19.755] [INFO] [COMBAT] In attack block. Distance: 2.428842067718506
[00:38:19.755] [INFO] [COMBAT] One-Shot Mode. Attack: false
[00:38:19.756] [DEBUG] [MOUSE] Injected delta: -10, 0
[00:38:19.802] [INFO] [COMBAT] In attack block. Distance: 2.522265911102295
[00:38:19.802] [INFO] [COMBAT] One-Shot Mode. Attack: false
[00:38:19.803] [DEBUG] [MOUSE] Injected delta: -34, -2
[00:38:19.861] [INFO] [COMBAT] In attack block. Distance: 2.582595109939575
[00:38:19.862] [INFO] [COMBAT] One-Shot Mode. Attack: false
[00:38:19.862] [DEBUG] [MOUSE] Injected delta: -13, 10
[00:38:19.913] [DEBUG] [PERCEPTION] Found combat target: attackable
[00:38:19.913] [INFO] [COMBAT] In attack block. Distance: 2.7345309257507324
[00:38:19.914] [INFO] [COMBAT] One-Shot Mode. Attack: false
[00:38:19.953] [INFO] [COMBAT] In attack block. Distance: 2.879673480987549
[00:38:19.953] [INFO] [COMBAT] One-Shot Mode. Attack: false
[00:38:19.953] [DEBUG] [MOUSE] Injected delta: -2, 5
[00:38:20.007] [DEBUG] [MOUSE] Injected delta: -12, 29
[00:38:20.067] [DEBUG] [MOUSE] Injected delta: -19, 41
[00:38:20.103] [DEBUG] [MOUSE] Injected delta: -16, 29
[00:38:20.158] [DEBUG] [MOUSE] Injected delta: -4, 5
[00:38:20.213] [DEBUG] [PERCEPTION] Found combat target: attackable
[00:38:20.253] [DEBUG] [MOUSE] Injected delta: -1, -2
[00:38:20.319] [DEBUG] [MOUSE] Injected delta: -6, -18
[00:38:20.352] [DEBUG] [MOUSE] Injected delta: -10, -38
[00:38:20.414] [DEBUG] [MOUSE] Injected delta: -9, -31
[00:38:20.463] [DEBUG] [MOUSE] Injected delta: -2, -5
[00:38:20.511] [DEBUG] [PERCEPTION] Found combat target: attackable
[00:38:20.561] [DEBUG] [MOUSE] Injected delta: -2, 4
[00:38:20.609] [DEBUG] [MOUSE] Injected delta: -8, 19
[00:38:20.658] [DEBUG] [MOUSE] Injected delta: -11, 32
[00:38:20.704] [DEBUG] [MOUSE] Injected delta: -8, 24
[00:38:20.755] [DEBUG] [MOUSE] Injected delta: -2, 5
[00:38:20.804] [DEBUG] [PERCEPTION] Found combat target: attackable
[00:38:20.805] [INFO] [COMBAT] In attack block. Distance: 2.9974546432495117
[00:38:20.805] [INFO] [COMBAT] One-Shot Mode. Attack: true
[00:38:20.806] [INFO] [CLICK] Attempting performClick()
[00:38:20.806] [INFO] [CLICK] Pressed attack key - IS_DOWN: true
[00:38:20.867] [DEBUG] [CLICK] Released attack key
[00:38:20.868] [INFO] [COMBAT] In attack block. Distance: 2.7617013454437256
[00:38:20.868] [INFO] [COMBAT] One-Shot Mode. Attack: false
[00:38:20.869] [DEBUG] [MOUSE] Injected delta: -1, 0
[00:38:20.913] [INFO] [COMBAT] In attack block. Distance: 2.5251402854919434
[00:38:20.913] [INFO] [COMBAT] One-Shot Mode. Attack: false
[00:38:20.914] [DEBUG] [MOUSE] Injected delta: -22, -8
[00:38:20.965] [INFO] [COMBAT] In attack block. Distance: 2.326448917388916
[00:38:20.966] [INFO] [COMBAT] One-Shot Mode. Attack: false
[00:38:20.966] [DEBUG] [MOUSE] Injected delta: -57, -34
[00:38:21.017] [INFO] [COMBAT] In attack block. Distance: 2.203263521194458
[00:38:21.017] [INFO] [COMBAT] One-Shot Mode. Attack: false
[00:38:21.018] [DEBUG] [MOUSE] Injected delta: -49, -28
[00:38:21.065] [INFO] [COMBAT] In attack block. Distance: 2.160243272781372
[00:38:21.065] [INFO] [COMBAT] One-Shot Mode. Attack: false
[00:38:21.066] [DEBUG] [MOUSE] Injected delta: -14, -3
[00:38:21.110] [DEBUG] [PERCEPTION] Found combat target: attackable
[00:38:21.111] [INFO] [COMBAT] In attack block. Distance: 2.2503063678741455
[00:38:21.111] [INFO] [COMBAT] One-Shot Mode. Attack: false
[00:38:21.160] [INFO] [COMBAT] In attack block. Distance: 2.362901210784912
[00:38:21.160] [INFO] [COMBAT] One-Shot Mode. Attack: false
[00:38:21.160] [DEBUG] [MOUSE] Injected delta: -39, 22
[00:38:21.207] [INFO] [COMBAT] In attack block. Distance: 2.4783291816711426
[00:38:21.208] [INFO] [COMBAT] One-Shot Mode. Attack: false
[00:38:21.208] [DEBUG] [MOUSE] Injected delta: -121, 68
[00:38:21.260] [INFO] [COMBAT] In attack block. Distance: 2.5446090698242188
[00:38:21.261] [INFO] [COMBAT] One-Shot Mode. Attack: false
[00:38:21.261] [DEBUG] [MOUSE] Injected delta: -52, 25
[00:38:21.310] [INFO] [COMBAT] In attack block. Distance: 2.5640926361083984
[00:38:21.310] [INFO] [COMBAT] One-Shot Mode. Attack: false
[00:38:21.359] [INFO] [COMBAT] In attack block. Distance: 2.5421526432037354
[00:38:21.359] [INFO] [COMBAT] One-Shot Mode. Attack: false
[00:38:21.359] [DEBUG] [MOUSE] Injected delta: -4, 1
[00:38:21.407] [DEBUG] [PERCEPTION] Found combat target: attackable
[00:38:21.408] [INFO] [COMBAT] In attack block. Distance: 2.472917079925537
[00:38:21.408] [INFO] [COMBAT] One-Shot Mode. Attack: false
[00:38:21.408] [DEBUG] [MOUSE] Injected delta: -20, -4
[00:38:21.454] [INFO] [COMBAT] In attack block. Distance: 2.396568536758423
[00:38:21.455] [INFO] [COMBAT] One-Shot Mode. Attack: false
[00:38:21.455] [DEBUG] [MOUSE] Injected delta: -32, -15
[00:38:21.504] [INFO] [COMBAT] In attack block. Distance: 2.3284926414489746
[00:38:21.505] [INFO] [COMBAT] One-Shot Mode. Attack: false
[00:38:21.505] [DEBUG] [MOUSE] Injected delta: -21, -20
[00:38:21.551] [INFO] [COMBAT] In attack block. Distance: 2.3024065494537354
[00:38:21.551] [INFO] [COMBAT] One-Shot Mode. Attack: false
[00:38:21.552] [DEBUG] [MOUSE] Injected delta: -5, -8
[00:38:21.606] [INFO] [COMBAT] In attack block. Distance: 2.3660380840301514
[00:38:21.607] [INFO] [COMBAT] One-Shot Mode. Attack: false
[00:38:21.667] [INFO] [COMBAT] In attack block. Distance: 2.546983242034912
[00:38:21.667] [INFO] [COMBAT] One-Shot Mode. Attack: false
[00:38:21.668] [DEBUG] [MOUSE] Injected delta: -2, -2
[00:38:21.717] [DEBUG] [PERCEPTION] Found combat target: attackable
[00:38:21.717] [INFO] [COMBAT] In attack block. Distance: 2.7672574520111084
[00:38:21.717] [INFO] [COMBAT] One-Shot Mode. Attack: false
[00:38:21.717] [DEBUG] [MOUSE] Injected delta: -14, -5
[00:38:21.761] [INFO] [COMBAT] In attack block. Distance: 2.9642491340637207
[00:38:21.761] [INFO] [COMBAT] One-Shot Mode. Attack: false
[00:38:21.762] [DEBUG] [MOUSE] Injected delta: -24, -1
[00:38:21.810] [DEBUG] [MOUSE] Injected delta: -17, 3
[00:38:21.857] [DEBUG] [MOUSE] Injected delta: -3, 1
[00:38:21.961] [DEBUG] [MOUSE] Injected delta: 2, 2
[00:38:22.003] [DEBUG] [PERCEPTION] Found combat target: attackable
[00:38:22.004] [DEBUG] [MOUSE] Injected delta: 9, 5
[00:38:22.051] [INFO] [COMBAT] In attack block. Distance: 2.9891109466552734
[00:38:22.052] [INFO] [COMBAT] One-Shot Mode. Attack: true
[00:38:22.052] [INFO] [CLICK] Attempting performClick()
[00:38:22.052] [INFO] [CLICK] Pressed attack key - IS_DOWN: true
[00:38:22.052] [DEBUG] [MOUSE] Injected delta: 18, -3
[00:38:22.102] [DEBUG] [CLICK] Released attack key
[00:38:22.102] [INFO] [COMBAT] In attack block. Distance: 2.8590214252471924
[00:38:22.103] [INFO] [COMBAT] One-Shot Mode. Attack: false
[00:38:22.103] [DEBUG] [MOUSE] Injected delta: 14, -11
[00:38:22.167] [INFO] [COMBAT] In attack block. Distance: 2.7734718322753906
[00:38:22.168] [INFO] [COMBAT] One-Shot Mode. Attack: false
[00:38:22.168] [DEBUG] [MOUSE] Injected delta: 3, -5
[00:38:22.210] [INFO] [COMBAT] In attack block. Distance: 2.7194831371307373
[00:38:22.210] [INFO] [COMBAT] One-Shot Mode. Attack: false
[00:38:22.259] [INFO] [COMBAT] In attack block. Distance: 2.617957353591919
[00:38:22.259] [INFO] [COMBAT] One-Shot Mode. Attack: false
[00:38:22.260] [DEBUG] [MOUSE] Injected delta: 2, -2
[00:38:22.307] [DEBUG] [PERCEPTION] Found combat target: attackable
[00:38:22.307] [INFO] [COMBAT] In attack block. Distance: 2.559781789779663
[00:38:22.307] [INFO] [COMBAT] One-Shot Mode. Attack: false
[00:38:22.308] [DEBUG] [MOUSE] Injected delta: 6, 2
[00:38:22.355] [INFO] [COMBAT] In attack block. Distance: 2.511115550994873
[00:38:22.355] [INFO] [COMBAT] One-Shot Mode. Attack: false
[00:38:22.356] [DEBUG] [MOUSE] Injected delta: 8, 16
[00:38:22.405] [INFO] [COMBAT] In attack block. Distance: 2.4446346759796143
[00:38:22.405] [INFO] [COMBAT] One-Shot Mode. Attack: false
[00:38:22.405] [DEBUG] [MOUSE] Injected delta: -12, 26
[00:38:22.452] [INFO] [COMBAT] In attack block. Distance: 2.370753765106201
[00:38:22.453] [INFO] [COMBAT] One-Shot Mode. Attack: false
[00:38:22.453] [DEBUG] [MOUSE] Injected delta: -3, 7
[00:38:22.503] [INFO] [COMBAT] In attack block. Distance: 2.2625627517700195
[00:38:22.503] [INFO] [COMBAT] One-Shot Mode. Attack: false
[00:38:22.566] [INFO] [COMBAT] In attack block. Distance: 2.119406223297119
[00:38:22.567] [INFO] [COMBAT] One-Shot Mode. Attack: false
[00:38:22.567] [DEBUG] [MOUSE] Injected delta: -44, 14
[00:38:22.617] [DEBUG] [PERCEPTION] Found combat target: attackable
[00:38:22.618] [INFO] [COMBAT] In attack block. Distance: 1.9573630094528198
[00:38:22.618] [INFO] [COMBAT] One-Shot Mode. Attack: false
[00:38:22.618] [DEBUG] [MOUSE] Injected delta: -155, 29
[00:38:22.668] [INFO] [COMBAT] In attack block. Distance: 1.7735064029693604
[00:38:22.669] [INFO] [COMBAT] One-Shot Mode. Attack: false
[00:38:22.670] [DEBUG] [MOUSE] Injected delta: -68, 3
[00:38:22.715] [INFO] [COMBAT] In attack block. Distance: 1.6012284755706787
[00:38:22.716] [INFO] [COMBAT] One-Shot Mode. Attack: false
[00:38:22.763] [INFO] [COMBAT] In attack block. Distance: 1.487381935119629
[00:38:22.763] [INFO] [COMBAT] One-Shot Mode. Attack: false
[00:38:22.764] [DEBUG] [MOUSE] Injected delta: -21, -33
[00:38:22.815] [INFO] [COMBAT] In attack block. Distance: 1.4541130065917969
[00:38:22.815] [INFO] [COMBAT] One-Shot Mode. Attack: false
[00:38:22.815] [DEBUG] [MOUSE] Injected delta: -77, -108
[00:38:22.863] [INFO] [COMBAT] In attack block. Distance: 1.5419102907180786
[00:38:22.863] [INFO] [COMBAT] One-Shot Mode. Attack: false
[00:38:22.863] [DEBUG] [MOUSE] Injected delta: -38, -20
[00:38:22.904] [DEBUG] [PERCEPTION] Found combat target: attackable
[00:38:22.905] [INFO] [COMBAT] In attack block. Distance: 1.7329480648040771
[00:38:22.905] [INFO] [COMBAT] One-Shot Mode. Attack: false
[00:38:22.955] [INFO] [COMBAT] In attack block. Distance: 1.9396414756774902
[00:38:22.955] [INFO] [COMBAT] One-Shot Mode. Attack: false
[00:38:22.955] [DEBUG] [MOUSE] Injected delta: -32, 27
[00:38:23.016] [INFO] [COMBAT] In attack block. Distance: 2.107583522796631
[00:38:23.016] [INFO] [COMBAT] One-Shot Mode. Attack: false
[00:38:23.016] [DEBUG] [MOUSE] Injected delta: -100, 86
[00:38:23.064] [INFO] [COMBAT] In attack block. Distance: 2.2276954650878906
[00:38:23.065] [INFO] [COMBAT] One-Shot Mode. Attack: false
[00:38:23.065] [DEBUG] [MOUSE] Injected delta: -38, 32
[00:38:23.112] [INFO] [COMBAT] In attack block. Distance: 2.31001353263855
[00:38:23.113] [INFO] [COMBAT] One-Shot Mode. Attack: false
[00:38:23.162] [INFO] [COMBAT] In attack block. Distance: 2.35868501663208
[00:38:23.162] [INFO] [COMBAT] One-Shot Mode. Attack: false
[00:38:23.162] [DEBUG] [MOUSE] Injected delta: -6, 0
[00:38:23.210] [DEBUG] [PERCEPTION] Found combat target: attackable
[00:38:23.211] [INFO] [COMBAT] In attack block. Distance: 2.3270339965820312
[00:38:23.211] [INFO] [COMBAT] One-Shot Mode. Attack: false
[00:38:23.211] [DEBUG] [MOUSE] Injected delta: -19, -12
[00:38:23.259] [INFO] [COMBAT] In attack block. Distance: 2.279986619949341
[00:38:23.260] [INFO] [COMBAT] One-Shot Mode. Attack: false
[00:38:23.260] [DEBUG] [MOUSE] Injected delta: -8, -10
[00:38:23.311] [INFO] [COMBAT] In attack block. Distance: 2.2734861373901367
[00:38:23.312] [INFO] [COMBAT] One-Shot Mode. Attack: false
[00:38:23.357] [INFO] [COMBAT] In attack block. Distance: 2.305887222290039
[00:38:23.357] [INFO] [COMBAT] One-Shot Mode. Attack: false
[00:38:23.358] [DEBUG] [MOUSE] Injected delta: 2, -25
[00:38:23.409] [INFO] [COMBAT] In attack block. Distance: 2.387427568435669
[00:38:23.410] [INFO] [COMBAT] One-Shot Mode. Attack: false
[00:38:23.410] [DEBUG] [MOUSE] Injected delta: 4, -80
[00:38:23.455] [INFO] [COMBAT] In attack block. Distance: 2.5320591926574707
[00:38:23.455] [INFO] [COMBAT] One-Shot Mode. Attack: false
[00:38:23.456] [DEBUG] [MOUSE] Injected delta: 1, -17
[00:38:23.502] [DEBUG] [PERCEPTION] Found combat target: attackable
[00:38:23.503] [INFO] [COMBAT] In attack block. Distance: 2.776683807373047
[00:38:23.503] [INFO] [COMBAT] One-Shot Mode. Attack: false
[00:38:23.567] [DEBUG] [MOUSE] Injected delta: 2, 6
[00:38:23.616] [DEBUG] [MOUSE] Injected delta: 9, 24
[00:38:23.667] [DEBUG] [MOUSE] Injected delta: 16, 34
[00:38:23.712] [DEBUG] [MOUSE] Injected delta: 12, 25
[00:38:23.760] [DEBUG] [MOUSE] Injected delta: 3, 6
[00:38:23.810] [DEBUG] [PERCEPTION] Found combat target: attackable
[00:38:23.857] [DEBUG] [MOUSE] Injected delta: -1, -1
[00:38:23.907] [INFO] [COMBAT] In attack block. Distance: 2.890368700027466
[00:38:23.908] [INFO] [COMBAT] One-Shot Mode. Attack: true
[00:38:23.908] [INFO] [CLICK] Attempting performClick()
[00:38:23.908] [INFO] [CLICK] Pressed attack key - IS_DOWN: true
[00:38:23.909] [DEBUG] [MOUSE] Injected delta: 0, -10
[00:38:23.958] [DEBUG] [CLICK] Released attack key
[00:38:23.959] [INFO] [COMBAT] In attack block. Distance: 2.720329523086548
[00:38:23.959] [INFO] [COMBAT] One-Shot Mode. Attack: false
[00:38:23.959] [DEBUG] [MOUSE] Injected delta: 4, -33
[00:38:24.008] [INFO] [COMBAT] In attack block. Distance: 2.5883824825286865
[00:38:24.009] [INFO] [COMBAT] One-Shot Mode. Attack: false
[00:38:24.009] [DEBUG] [MOUSE] Injected delta: 22, -29
[00:38:24.049] [INFO] [COMBAT] In attack block. Distance: 2.4194531440734863
[00:38:24.050] [INFO] [COMBAT] One-Shot Mode. Attack: false
[00:38:24.050] [DEBUG] [MOUSE] Injected delta: 7, -2
[00:38:24.116] [DEBUG] [PERCEPTION] Found combat target: attackable
[00:38:24.117] [INFO] [COMBAT] In attack block. Distance: 2.417309284210205
[00:38:24.117] [INFO] [COMBAT] One-Shot Mode. Attack: false
[00:38:24.165] [INFO] [COMBAT] In attack block. Distance: 2.468956470489502
[00:38:24.165] [INFO] [COMBAT] One-Shot Mode. Attack: false
[00:38:24.166] [DEBUG] [MOUSE] Injected delta: 41, 22
[00:38:24.224] [INFO] [COMBAT] In attack block. Distance: 2.5397043228149414
[00:38:24.224] [INFO] [COMBAT] One-Shot Mode. Attack: false
[00:38:24.225] [DEBUG] [MOUSE] Injected delta: 145, 68
[00:38:24.264] [INFO] [COMBAT] In attack block. Distance: 2.5658490657806396
[00:38:24.265] [INFO] [COMBAT] One-Shot Mode. Attack: false
[00:38:24.265] [DEBUG] [MOUSE] Injected delta: 65, 24
[00:38:24.315] [INFO] [COMBAT] In attack block. Distance: 2.565580368041992
[00:38:24.316] [INFO] [COMBAT] One-Shot Mode. Attack: false
[00:38:24.362] [INFO] [COMBAT] In attack block. Distance: 2.524052858352661
[00:38:24.362] [INFO] [COMBAT] One-Shot Mode. Attack: false
[00:38:24.363] [DEBUG] [MOUSE] Injected delta: 7, -1
[00:38:24.400] [DEBUG] [PERCEPTION] Found combat target: attackable
[00:38:24.400] [INFO] [COMBAT] In attack block. Distance: 2.4610047340393066
[00:38:24.400] [INFO] [COMBAT] One-Shot Mode. Attack: false
[00:38:24.401] [DEBUG] [MOUSE] Injected delta: 35, -7
[00:38:24.467] [INFO] [COMBAT] In attack block. Distance: 2.4012091159820557
[00:38:24.467] [INFO] [COMBAT] One-Shot Mode. Attack: false
[00:38:24.467] [DEBUG] [MOUSE] Injected delta: 60, -20
[00:38:24.517] [INFO] [COMBAT] In attack block. Distance: 2.371978521347046
[00:38:24.518] [INFO] [COMBAT] One-Shot Mode. Attack: false
[00:38:24.518] [DEBUG] [MOUSE] Injected delta: 48, -23
[00:38:24.565] [INFO] [COMBAT] In attack block. Distance: 2.3980653285980225
[00:38:24.566] [INFO] [COMBAT] One-Shot Mode. Attack: false
[00:38:24.566] [DEBUG] [MOUSE] Injected delta: 12, -8
[00:38:24.600] [INFO] [COMBAT] In attack block. Distance: 2.4905970096588135
[00:38:24.601] [INFO] [COMBAT] One-Shot Mode. Attack: false
[00:38:24.663] [INFO] [COMBAT] In attack block. Distance: 2.6359639167785645
[00:38:24.663] [INFO] [COMBAT] One-Shot Mode. Attack: false
[00:38:24.665] [DEBUG] [MOUSE] Injected delta: 5, -3
[00:38:24.707] [DEBUG] [PERCEPTION] Found combat target: attackable
[00:38:24.707] [INFO] [COMBAT] In attack block. Distance: 2.828326940536499
[00:38:24.707] [INFO] [COMBAT] One-Shot Mode. Attack: false
[00:38:24.707] [DEBUG] [MOUSE] Injected delta: 24, -4
[00:38:24.873] [DEBUG] [MOUSE] Injected delta: 8, 1
[00:38:24.957] [DEBUG] [MOUSE] Injected delta: 6, 1
[00:38:25.013] [DEBUG] [PERCEPTION] Found combat target: attackable
[00:38:25.013] [DEBUG] [MOUSE] Injected delta: 20, 12
[00:38:25.074] [INFO] [COMBAT] In attack block. Distance: 2.9692418575286865
[00:38:25.074] [INFO] [COMBAT] One-Shot Mode. Attack: true
[00:38:25.074] [INFO] [CLICK] Attempting performClick()
[00:38:25.075] [INFO] [CLICK] Pressed attack key - IS_DOWN: true
[00:38:25.075] [DEBUG] [MOUSE] Injected delta: 34, 7
[00:38:25.118] [DEBUG] [CLICK] Released attack key
[00:38:25.119] [INFO] [COMBAT] In attack block. Distance: 2.9082438945770264
[00:38:25.119] [INFO] [COMBAT] One-Shot Mode. Attack: false
[00:38:25.119] [DEBUG] [MOUSE] Injected delta: 29, -7
[00:38:25.166] [INFO] [COMBAT] In attack block. Distance: 2.895503044128418
[00:38:25.166] [INFO] [COMBAT] One-Shot Mode. Attack: false
[00:38:25.166] [DEBUG] [MOUSE] Injected delta: 7, -4
[00:38:25.241] [INFO] [COMBAT] In attack block. Distance: 2.915193557739258
[00:38:25.242] [INFO] [COMBAT] One-Shot Mode. Attack: false
[00:38:25.258] [INFO] [COMBAT] In attack block. Distance: 2.900892734527588
[00:38:25.258] [INFO] [COMBAT] One-Shot Mode. Attack: false
[00:38:25.259] [DEBUG] [MOUSE] Injected delta: 3, -3
[00:38:25.308] [DEBUG] [PERCEPTION] Found combat target: attackable
[00:38:25.309] [DEBUG] [MOUSE] Injected delta: 16, -5
[00:38:25.357] [DEBUG] [MOUSE] Injected delta: 25, 2
[00:38:25.410] [DEBUG] [MOUSE] Injected delta: 19, 5
[00:38:25.457] [DEBUG] [MOUSE] Injected delta: 5, 2
[00:38:25.559] [INFO] [COMBAT] In attack block. Distance: 2.893980026245117
[00:38:25.559] [INFO] [COMBAT] One-Shot Mode. Attack: true
[00:38:25.559] [INFO] [CLICK] Attempting performClick()
[00:38:25.559] [INFO] [CLICK] Pressed attack key - IS_DOWN: true
[00:38:25.560] [DEBUG] [MOUSE] Injected delta: 1, 2
[00:38:25.604] [DEBUG] [PERCEPTION] Found combat target: attackable
[00:38:25.604] [DEBUG] [CLICK] Released attack key
[00:38:25.605] [INFO] [COMBAT] In attack block. Distance: 2.6787688732147217
[00:38:25.605] [INFO] [COMBAT] One-Shot Mode. Attack: false
[00:38:25.605] [DEBUG] [MOUSE] Injected delta: 2, 11
[00:38:25.653] [INFO] [COMBAT] In attack block. Distance: 2.4368321895599365
[00:38:25.653] [INFO] [COMBAT] One-Shot Mode. Attack: false
[00:38:25.654] [DEBUG] [MOUSE] Injected delta: 2, 8
[00:38:25.704] [INFO] [COMBAT] In attack block. Distance: 2.1575663089752197
[00:38:25.704] [INFO] [COMBAT] One-Shot Mode. Attack: false
[00:38:25.705] [DEBUG] [MOUSE] Injected delta: -21, -3
[00:38:25.757] [INFO] [COMBAT] In attack block. Distance: 1.9213095903396606
[00:38:25.757] [INFO] [COMBAT] One-Shot Mode. Attack: false
[00:38:25.758] [DEBUG] [MOUSE] Injected delta: -6, -4
[00:38:25.812] [INFO] [COMBAT] In attack block. Distance: 1.7202303409576416
[00:38:25.813] [INFO] [COMBAT] One-Shot Mode. Attack: false
[00:38:25.866] [INFO] [COMBAT] In attack block. Distance: 1.5734851360321045
[00:38:25.866] [INFO] [COMBAT] One-Shot Mode. Attack: false
[00:38:25.866] [DEBUG] [MOUSE] Injected delta: -55, -4
[00:38:25.903] [DEBUG] [PERCEPTION] Found combat target: attackable
[00:38:25.904] [INFO] [COMBAT] In attack block. Distance: 1.5955085754394531
[00:38:25.904] [INFO] [COMBAT] One-Shot Mode. Attack: false
[00:38:25.904] [DEBUG] [MOUSE] Injected delta: -217, 31
[00:38:25.956] [INFO] [COMBAT] In attack block. Distance: 1.6804835796356201
[00:38:25.957] [INFO] [COMBAT] One-Shot Mode. Attack: false
[00:38:25.957] [DEBUG] [MOUSE] Injected delta: -105, 14
[00:38:26.009] [INFO] [COMBAT] In attack block. Distance: 1.7506848573684692
[00:38:26.010] [INFO] [COMBAT] One-Shot Mode. Attack: false
[00:38:26.071] [INFO] [COMBAT] In attack block. Distance: 1.7908484935760498
[00:38:26.072] [INFO] [COMBAT] One-Shot Mode. Attack: false
[00:38:26.072] [DEBUG] [MOUSE] Injected delta: -35, 11
[00:38:26.103] [INFO] [COMBAT] In attack block. Distance: 1.7920390367507935
[00:38:26.103] [INFO] [COMBAT] One-Shot Mode. Attack: false
[00:38:26.103] [DEBUG] [MOUSE] Injected delta: -57, 60
[00:38:26.176] [INFO] [COMBAT] In attack block. Distance: 1.7475361824035645
[00:38:26.176] [INFO] [COMBAT] One-Shot Mode. Attack: false
[00:38:26.176] [DEBUG] [MOUSE] Injected delta: -31, 17
[00:38:26.203] [DEBUG] [PERCEPTION] Found combat target: attackable
[00:38:26.203] [INFO] [COMBAT] In attack block. Distance: 1.6676805019378662
[00:38:26.204] [INFO] [COMBAT] One-Shot Mode. Attack: false
[00:38:26.254] [INFO] [COMBAT] In attack block. Distance: 1.5695624351501465
[00:38:26.254] [INFO] [COMBAT] One-Shot Mode. Attack: false
[00:38:26.255] [DEBUG] [MOUSE] Injected delta: -13, -16
[00:38:26.307] [INFO] [COMBAT] In attack block. Distance: 1.4847118854522705
[00:38:26.307] [INFO] [COMBAT] One-Shot Mode. Attack: false
[00:38:26.307] [DEBUG] [MOUSE] Injected delta: -46, -83
[00:38:26.358] [INFO] [COMBAT] In attack block. Distance: 1.5214107036590576
[00:38:26.359] [INFO] [COMBAT] One-Shot Mode. Attack: false
[00:38:26.359] [DEBUG] [MOUSE] Injected delta: -23, -47
[00:38:26.413] [INFO] [COMBAT] In attack block. Distance: 1.6507608890533447
[00:38:26.413] [INFO] [COMBAT] One-Shot Mode. Attack: false
[00:38:26.460] [INFO] [COMBAT] In attack block. Distance: 1.8613821268081665
[00:38:26.461] [INFO] [COMBAT] One-Shot Mode. Attack: false
[00:38:26.461] [DEBUG] [MOUSE] Injected delta: -20, -7
[00:38:26.511] [DEBUG] [PERCEPTION] Found combat target: attackable
[00:38:26.511] [INFO] [COMBAT] In attack block. Distance: 2.118786334991455
[00:38:26.512] [INFO] [COMBAT] One-Shot Mode. Attack: false
[00:38:26.512] [DEBUG] [MOUSE] Injected delta: -59, 3
[00:38:26.562] [INFO] [COMBAT] In attack block. Distance: 2.3814191818237305
[00:38:26.562] [INFO] [COMBAT] One-Shot Mode. Attack: false
[00:38:26.562] [DEBUG] [MOUSE] Injected delta: -14, 6
[00:38:26.611] [INFO] [COMBAT] In attack block. Distance: 2.6154625415802
[00:38:26.611] [INFO] [COMBAT] One-Shot Mode. Attack: false
[00:38:26.662] [INFO] [COMBAT] In attack block. Distance: 2.7704765796661377
[00:38:26.662] [INFO] [COMBAT] One-Shot Mode. Attack: false
[00:38:26.663] [DEBUG] [MOUSE] Injected delta: 3, 2
[00:38:26.713] [INFO] [COMBAT] In attack block. Distance: 2.8741002082824707
[00:38:26.714] [INFO] [COMBAT] One-Shot Mode. Attack: false
[00:38:26.714] [DEBUG] [MOUSE] Injected delta: 14, 10
[00:38:26.763] [INFO] [COMBAT] In attack block. Distance: 2.865277051925659
[00:38:26.763] [INFO] [COMBAT] One-Shot Mode. Attack: false
[00:38:26.764] [DEBUG] [MOUSE] Injected delta: 25, 14
[00:38:26.812] [DEBUG] [PERCEPTION] Found combat target: attackable
[00:38:26.813] [INFO] [COMBAT] In attack block. Distance: 2.8161847591400146
[00:38:26.813] [INFO] [COMBAT] One-Shot Mode. Attack: false
[00:38:26.813] [DEBUG] [MOUSE] Injected delta: 19, 6
[00:38:26.860] [INFO] [COMBAT] In attack block. Distance: 2.7152607440948486
[00:38:26.861] [INFO] [COMBAT] One-Shot Mode. Attack: false
[00:38:26.861] [DEBUG] [MOUSE] Injected delta: 4, 1
[00:38:26.908] [INFO] [COMBAT] In attack block. Distance: 2.603533983230591
[00:38:26.908] [INFO] [COMBAT] One-Shot Mode. Attack: false
[00:38:26.959] [INFO] [COMBAT] In attack block. Distance: 2.5080974102020264
[00:38:26.959] [INFO] [COMBAT] One-Shot Mode. Attack: false
[00:38:26.959] [DEBUG] [MOUSE] Injected delta: 0, -6
[00:38:27.009] [INFO] [COMBAT] In attack block. Distance: 2.484848976135254
[00:38:27.009] [INFO] [COMBAT] One-Shot Mode. Attack: false
[00:38:27.009] [DEBUG] [MOUSE] Injected delta: -3, -30
[00:38:27.056] [INFO] [COMBAT] In attack block. Distance: 2.5107531547546387
[00:38:27.057] [INFO] [COMBAT] One-Shot Mode. Attack: false
[00:38:27.057] [DEBUG] [MOUSE] Injected delta: -4, -22
[00:38:27.106] [DEBUG] [PERCEPTION] Found combat target: attackable
[00:38:27.107] [INFO] [COMBAT] In attack block. Distance: 2.6555016040802
[00:38:27.107] [INFO] [COMBAT] One-Shot Mode. Attack: false
[00:38:27.107] [DEBUG] [MOUSE] Injected delta: -10, -6
[00:38:27.157] [INFO] [COMBAT] In attack block. Distance: 2.791473865509033
[00:38:27.157] [INFO] [COMBAT] One-Shot Mode. Attack: false
[00:38:27.158] [DEBUG] [MOUSE] Injected delta: -2, 0
[00:38:27.204] [INFO] [COMBAT] In attack block. Distance: 2.920733690261841
[00:38:27.205] [INFO] [COMBAT] One-Shot Mode. Attack: false
[00:38:27.252] [DEBUG] [MOUSE] Injected delta: -2, 4
[00:38:27.305] [DEBUG] [MOUSE] Injected delta: -13, 18
[00:38:27.355] [DEBUG] [MOUSE] Injected delta: -20, 23
[00:38:27.403] [DEBUG] [PERCEPTION] Found combat target: attackable
[00:38:27.404] [INFO] [COMBAT] In attack block. Distance: 2.935529947280884
[00:38:27.404] [INFO] [COMBAT] One-Shot Mode. Attack: true
[00:38:27.404] [INFO] [CLICK] Attempting performClick()
[00:38:27.404] [INFO] [CLICK] Pressed attack key - IS_DOWN: true
[00:38:27.404] [DEBUG] [MOUSE] Injected delta: -18, 14
[00:38:27.450] [DEBUG] [CLICK] Released attack key
[00:38:27.451] [INFO] [COMBAT] In attack block. Distance: 2.826274871826172
[00:38:27.451] [INFO] [COMBAT] One-Shot Mode. Attack: false
[00:38:27.451] [DEBUG] [MOUSE] Injected delta: -4, 2
[00:38:27.516] [INFO] [COMBAT] In attack block. Distance: 2.697767734527588
[00:38:27.517] [INFO] [COMBAT] One-Shot Mode. Attack: false
[00:38:27.566] [INFO] [COMBAT] In attack block. Distance: 2.6540119647979736
[00:38:27.567] [INFO] [COMBAT] One-Shot Mode. Attack: false
[00:38:27.567] [DEBUG] [MOUSE] Injected delta: -2, -6
[00:38:27.602] [INFO] [COMBAT] In attack block. Distance: 2.6470420360565186
[00:38:27.602] [INFO] [COMBAT] One-Shot Mode. Attack: false
[00:38:27.603] [DEBUG] [MOUSE] Injected delta: -11, -31
[00:38:27.662] [INFO] [COMBAT] In attack block. Distance: 2.572772741317749
[00:38:27.662] [INFO] [COMBAT] One-Shot Mode. Attack: false
[00:38:27.663] [DEBUG] [MOUSE] Injected delta: -23, -26
[00:38:27.711] [DEBUG] [PERCEPTION] Found combat target: attackable
[00:38:27.711] [INFO] [COMBAT] In attack block. Distance: 2.6467041969299316
[00:38:27.711] [INFO] [COMBAT] One-Shot Mode. Attack: false
[00:38:27.711] [DEBUG] [MOUSE] Injected delta: -19, -9
[00:38:27.756] [INFO] [COMBAT] In attack block. Distance: 2.690502166748047
[00:38:27.757] [INFO] [COMBAT] One-Shot Mode. Attack: false
[00:38:27.757] [DEBUG] [MOUSE] Injected delta: -5, 0
[00:38:27.807] [INFO] [COMBAT] In attack block. Distance: 2.671614170074463
[00:38:27.808] [INFO] [COMBAT] One-Shot Mode. Attack: false
[00:38:27.865] [INFO] [COMBAT] In attack block. Distance: 2.578131914138794
[00:38:27.865] [INFO] [COMBAT] One-Shot Mode. Attack: false
[00:38:27.865] [DEBUG] [MOUSE] Injected delta: -2, 5
[00:38:27.900] [INFO] [COMBAT] In attack block. Distance: 2.4563043117523193
[00:38:27.900] [INFO] [COMBAT] One-Shot Mode. Attack: false
[00:38:27.900] [DEBUG] [MOUSE] Injected delta: -10, 28
[00:38:27.961] [INFO] [COMBAT] In attack block. Distance: 2.291749954223633
[00:38:27.961] [INFO] [COMBAT] One-Shot Mode. Attack: false
[00:38:27.961] [DEBUG] [MOUSE] Injected delta: -17, 41
[00:38:28.010] [DEBUG] [PERCEPTION] Found combat target: attackable
[00:38:28.011] [INFO] [COMBAT] In attack block. Distance: 2.1086208820343018
[00:38:28.011] [INFO] [COMBAT] One-Shot Mode. Attack: false
[00:38:28.011] [DEBUG] [MOUSE] Injected delta: -14, 27
[00:38:28.059] [INFO] [COMBAT] In attack block. Distance: 1.9143248796463013
[00:38:28.059] [INFO] [COMBAT] One-Shot Mode. Attack: false
[00:38:28.059] [DEBUG] [MOUSE] Injected delta: -3, 5
[00:38:28.118] [INFO] [COMBAT] In attack block. Distance: 1.702866792678833
[00:38:28.118] [INFO] [COMBAT] One-Shot Mode. Attack: false
[00:38:28.160] [INFO] [COMBAT] In attack block. Distance: 1.6278133392333984
[00:38:28.160] [INFO] [COMBAT] One-Shot Mode. Attack: false
[00:38:28.161] [DEBUG] [MOUSE] Injected delta: -6, -29
[00:38:28.207] [INFO] [COMBAT] In attack block. Distance: 1.6335344314575195
[00:38:28.207] [INFO] [COMBAT] One-Shot Mode. Attack: false
[00:38:28.207] [DEBUG] [MOUSE] Injected delta: -19, -89
[00:38:28.255] [INFO] [COMBAT] In attack block. Distance: 1.7107818126678467
[00:38:28.255] [INFO] [COMBAT] One-Shot Mode. Attack: false
[00:38:28.255] [DEBUG] [MOUSE] Injected delta: -9, -20
[00:38:28.318] [DEBUG] [PERCEPTION] Found combat target: attackable
[00:38:28.319] [INFO] [COMBAT] In attack block. Distance: 1.8666874170303345
[00:38:28.319] [INFO] [COMBAT] One-Shot Mode. Attack: false
[00:38:28.360] [INFO] [COMBAT] In attack block. Distance: 2.073974370956421
[00:38:28.360] [INFO] [COMBAT] One-Shot Mode. Attack: false
[00:38:28.360] [DEBUG] [MOUSE] Injected delta: -4, 26
[00:38:28.407] [INFO] [COMBAT] In attack block. Distance: 2.255606174468994
[00:38:28.407] [INFO] [COMBAT] One-Shot Mode. Attack: false
[00:38:28.408] [DEBUG] [MOUSE] Injected delta: -13, 83
[00:38:28.456] [INFO] [COMBAT] In attack block. Distance: 2.3702304363250732
[00:38:28.456] [INFO] [COMBAT] One-Shot Mode. Attack: false
[00:38:28.457] [DEBUG] [MOUSE] Injected delta: -4, 29
[00:38:28.505] [INFO] [COMBAT] In attack block. Distance: 2.3121485710144043
[00:38:28.506] [INFO] [COMBAT] One-Shot Mode. Attack: false
[00:38:28.554] [INFO] [COMBAT] In attack block. Distance: 2.206545114517212
[00:38:28.555] [INFO] [COMBAT] One-Shot Mode. Attack: false
[00:38:28.555] [DEBUG] [MOUSE] Injected delta: 2, -1
[00:38:28.601] [DEBUG] [PERCEPTION] Found combat target: attackable
[00:38:28.601] [INFO] [COMBAT] In attack block. Distance: 2.057814121246338
[00:38:28.601] [INFO] [COMBAT] One-Shot Mode. Attack: false
[00:38:28.602] [DEBUG] [MOUSE] Injected delta: 24, 10
[00:38:28.651] [INFO] [COMBAT] In attack block. Distance: 1.896320104598999
[00:38:28.652] [INFO] [COMBAT] One-Shot Mode. Attack: false
[00:38:28.653] [DEBUG] [MOUSE] Injected delta: 11, -4
[00:38:28.716] [INFO] [COMBAT] In attack block. Distance: 1.7669823169708252
[00:38:28.717] [INFO] [COMBAT] One-Shot Mode. Attack: false
[00:38:28.763] [INFO] [COMBAT] In attack block. Distance: 1.7056043148040771
[00:38:28.764] [INFO] [COMBAT] One-Shot Mode. Attack: false
[00:38:28.764] [DEBUG] [MOUSE] Injected delta: 16, -31
[00:38:28.815] [INFO] [COMBAT] In attack block. Distance: 1.689897060394287
[00:38:28.816] [INFO] [COMBAT] One-Shot Mode. Attack: false
[00:38:28.816] [DEBUG] [MOUSE] Injected delta: 77, -96
[00:38:28.863] [INFO] [COMBAT] In attack block. Distance: 1.7309197187423706
[00:38:28.864] [INFO] [COMBAT] One-Shot Mode. Attack: false
[00:38:28.864] [DEBUG] [MOUSE] Injected delta: 34, -21
[00:38:28.913] [DEBUG] [PERCEPTION] Found combat target: attackable
[00:38:28.914] [INFO] [COMBAT] In attack block. Distance: 1.8370516300201416
[00:38:28.914] [INFO] [COMBAT] One-Shot Mode. Attack: false
[00:38:28.963] [INFO] [COMBAT] In attack block. Distance: 1.943720817565918
[00:38:28.964] [INFO] [COMBAT] One-Shot Mode. Attack: false
[00:38:28.964] [DEBUG] [MOUSE] Injected delta: 15, 34
[00:38:29.014] [INFO] [COMBAT] In attack block. Distance: 2.0386712551116943
[00:38:29.014] [INFO] [COMBAT] One-Shot Mode. Attack: false
[00:38:29.014] [DEBUG] [MOUSE] Injected delta: 29, 115
[00:38:29.066] [INFO] [COMBAT] In attack block. Distance: 2.0954854488372803
[00:38:29.067] [INFO] [COMBAT] One-Shot Mode. Attack: false
[00:38:29.067] [DEBUG] [MOUSE] Injected delta: 8, 44
[00:38:29.113] [INFO] [COMBAT] In attack block. Distance: 2.1066298484802246
[00:38:29.113] [INFO] [COMBAT] One-Shot Mode. Attack: false
[00:38:29.163] [INFO] [COMBAT] In attack block. Distance: 2.0511116981506348
[00:38:29.163] [INFO] [COMBAT] One-Shot Mode. Attack: false
[00:38:29.163] [DEBUG] [MOUSE] Injected delta: -10, 0
[00:38:29.207] [DEBUG] [PERCEPTION] Found combat target: attackable
[00:38:29.207] [INFO] [COMBAT] In attack block. Distance: 1.945985198020935
[00:38:29.207] [INFO] [COMBAT] One-Shot Mode. Attack: false
[00:38:29.207] [DEBUG] [MOUSE] Injected delta: -30, -14
[00:38:29.255] [INFO] [COMBAT] In attack block. Distance: 1.8043986558914185
[00:38:29.255] [INFO] [COMBAT] One-Shot Mode. Attack: false
[00:38:29.256] [DEBUG] [MOUSE] Injected delta: -12, -12
[00:38:29.300] [INFO] [COMBAT] In attack block. Distance: 1.6498746871948242
[00:38:29.300] [INFO] [COMBAT] One-Shot Mode. Attack: false
[00:38:29.359] [INFO] [COMBAT] In attack block. Distance: 1.4859719276428223
[00:38:29.359] [INFO] [COMBAT] One-Shot Mode. Attack: false
[00:38:29.360] [DEBUG] [MOUSE] Injected delta: -17, -36
[00:38:29.409] [INFO] [COMBAT] In attack block. Distance: 1.3962602615356445
[00:38:29.409] [INFO] [COMBAT] One-Shot Mode. Attack: false
[00:38:29.409] [DEBUG] [MOUSE] Injected delta: -65, -115
[00:38:29.451] [INFO] [COMBAT] In attack block. Distance: 1.3866552114486694
[00:38:29.452] [INFO] [COMBAT] One-Shot Mode. Attack: false
[00:38:29.452] [DEBUG] [MOUSE] Injected delta: -54, -17
[00:38:29.516] [DEBUG] [PERCEPTION] Found combat target: attackable
[00:38:29.517] [INFO] [COMBAT] In attack block. Distance: 1.4744572639465332
[00:38:29.517] [INFO] [COMBAT] One-Shot Mode. Attack: false
[00:38:29.563] [INFO] [COMBAT] In attack block. Distance: 1.5682522058486938
[00:38:29.564] [INFO] [COMBAT] One-Shot Mode. Attack: false
[00:38:29.564] [DEBUG] [MOUSE] Injected delta: -44, 45
[00:38:29.611] [INFO] [COMBAT] In attack block. Distance: 1.6572885513305664
[00:38:29.612] [INFO] [COMBAT] One-Shot Mode. Attack: false
[00:38:29.612] [DEBUG] [MOUSE] Injected delta: -126, 150
[00:38:29.655] [INFO] [COMBAT] In attack block. Distance: 1.7199287414550781
[00:38:29.656] [INFO] [COMBAT] One-Shot Mode. Attack: false
[00:38:29.657] [DEBUG] [MOUSE] Injected delta: -73, 47
[00:38:29.700] [INFO] [COMBAT] In attack block. Distance: 1.7349801063537598
[00:38:29.701] [INFO] [COMBAT] One-Shot Mode. Attack: false
[00:38:29.764] [INFO] [COMBAT] In attack block. Distance: 1.7084839344024658
[00:38:29.764] [INFO] [COMBAT] One-Shot Mode. Attack: false
[00:38:29.764] [DEBUG] [MOUSE] Injected delta: -30, -9
[00:38:29.812] [DEBUG] [PERCEPTION] Found combat target: attackable
[00:38:29.812] [INFO] [COMBAT] In attack block. Distance: 1.6479939222335815
[00:38:29.812] [INFO] [COMBAT] One-Shot Mode. Attack: false
[00:38:29.813] [DEBUG] [MOUSE] Injected delta: -63, -29
[00:38:29.861] [INFO] [COMBAT] In attack block. Distance: 1.5552560091018677
[00:38:29.861] [INFO] [COMBAT] One-Shot Mode. Attack: false
[00:38:29.862] [DEBUG] [MOUSE] Injected delta: -28, -23
[00:38:29.910] [INFO] [COMBAT] In attack block. Distance: 1.4729622602462769
[00:38:29.911] [INFO] [COMBAT] One-Shot Mode. Attack: false
[00:38:29.958] [INFO] [COMBAT] In attack block. Distance: 1.4499412775039673
[00:38:29.959] [INFO] [COMBAT] One-Shot Mode. Attack: false
[00:38:29.959] [DEBUG] [MOUSE] Injected delta: -3, -37
[00:38:30.010] [INFO] [COMBAT] In attack block. Distance: 1.4862903356552124
[00:38:30.010] [INFO] [COMBAT] One-Shot Mode. Attack: false
[00:38:30.011] [DEBUG] [MOUSE] Injected delta: -15, -120
[00:38:30.051] [INFO] [COMBAT] In attack block. Distance: 1.587081789970398
[00:38:30.052] [INFO] [COMBAT] One-Shot Mode. Attack: false
[00:38:30.052] [DEBUG] [MOUSE] Injected delta: -7, -26
[00:38:30.116] [DEBUG] [PERCEPTION] Found combat target: attackable
[00:38:30.116] [INFO] [COMBAT] In attack block. Distance: 1.7919844388961792
[00:38:30.117] [INFO] [COMBAT] One-Shot Mode. Attack: false
[00:38:30.164] [INFO] [COMBAT] In attack block. Distance: 1.996504545211792
[00:38:30.165] [INFO] [COMBAT] One-Shot Mode. Attack: false
[00:38:30.165] [DEBUG] [MOUSE] Injected delta: -4, 34
[00:38:30.210] [INFO] [COMBAT] In attack block. Distance: 2.2073092460632324
[00:38:30.211] [INFO] [COMBAT] One-Shot Mode. Attack: false
[00:38:30.211] [DEBUG] [MOUSE] Injected delta: -30, 90
[00:38:30.258] [INFO] [COMBAT] In attack block. Distance: 2.3798582553863525
[00:38:30.259] [INFO] [COMBAT] One-Shot Mode. Attack: false
[00:38:30.259] [DEBUG] [MOUSE] Injected delta: -12, 33
[00:38:30.307] [INFO] [COMBAT] In attack block. Distance: 2.5317084789276123
[00:38:30.307] [INFO] [COMBAT] One-Shot Mode. Attack: false
[00:38:30.356] [INFO] [COMBAT] In attack block. Distance: 2.6331920623779297
[00:38:30.356] [INFO] [COMBAT] One-Shot Mode. Attack: false
[00:38:30.356] [DEBUG] [MOUSE] Injected delta: 1, -2
[00:38:30.402] [DEBUG] [PERCEPTION] Found combat target: attackable
[00:38:30.403] [INFO] [COMBAT] In attack block. Distance: 2.704272508621216
[00:38:30.403] [INFO] [COMBAT] One-Shot Mode. Attack: false
[00:38:30.403] [DEBUG] [MOUSE] Injected delta: 12, -15
[00:38:30.467] [INFO] [COMBAT] In attack block. Distance: 2.720336437225342
[00:38:30.467] [INFO] [COMBAT] One-Shot Mode. Attack: false
[00:38:30.468] [DEBUG] [MOUSE] Injected delta: 17, -31
[00:38:30.516] [INFO] [COMBAT] In attack block. Distance: 2.7300941944122314
[00:38:30.516] [INFO] [COMBAT] One-Shot Mode. Attack: false
[00:38:30.517] [DEBUG] [MOUSE] Injected delta: 16, -31
[00:38:30.566] [INFO] [COMBAT] In attack block. Distance: 2.6834287643432617
[00:38:30.566] [INFO] [COMBAT] One-Shot Mode. Attack: false
[00:38:30.567] [DEBUG] [MOUSE] Injected delta: 4, -9
[00:38:30.612] [INFO] [COMBAT] In attack block. Distance: 2.664294958114624
[00:38:30.612] [INFO] [COMBAT] One-Shot Mode. Attack: false
[00:38:30.661] [INFO] [COMBAT] In attack block. Distance: 2.6089062690734863
[00:38:30.662] [INFO] [COMBAT] One-Shot Mode. Attack: false
[00:38:30.663] [DEBUG] [MOUSE] Injected delta: 0, -2
[00:38:30.708] [DEBUG] [PERCEPTION] Found combat target: attackable
[00:38:30.709] [INFO] [COMBAT] In attack block. Distance: 2.6583173274993896
[00:38:30.709] [INFO] [COMBAT] One-Shot Mode. Attack: false
[00:38:30.709] [DEBUG] [MOUSE] Injected delta: -2, 3
[00:38:30.755] [INFO] [COMBAT] In attack block. Distance: 2.7073826789855957
[00:38:30.755] [INFO] [COMBAT] One-Shot Mode. Attack: false
[00:38:30.756] [DEBUG] [MOUSE] Injected delta: -9, 14
[00:38:30.804] [INFO] [COMBAT] In attack block. Distance: 2.7435824871063232
[00:38:30.804] [INFO] [COMBAT] One-Shot Mode. Attack: false
[00:38:30.804] [DEBUG] [MOUSE] Injected delta: -8, 15
[00:38:30.867] [INFO] [COMBAT] In attack block. Distance: 2.818328857421875
[00:38:30.868] [INFO] [COMBAT] One-Shot Mode. Attack: false
[00:38:30.868] [DEBUG] [MOUSE] Injected delta: -3, 4
[00:38:30.914] [INFO] [COMBAT] In attack block. Distance: 2.854177951812744
[00:38:30.914] [INFO] [COMBAT] One-Shot Mode. Attack: false
[00:38:30.961] [INFO] [COMBAT] In attack block. Distance: 2.8532588481903076
[00:38:30.962] [INFO] [COMBAT] One-Shot Mode. Attack: false
[00:38:30.962] [DEBUG] [MOUSE] Injected delta: -3, 0
[00:38:31.008] [DEBUG] [PERCEPTION] Found combat target: attackable
[00:38:31.009] [INFO] [COMBAT] In attack block. Distance: 2.753499746322632
[00:38:31.009] [INFO] [COMBAT] One-Shot Mode. Attack: false
[00:38:31.010] [DEBUG] [MOUSE] Injected delta: -16, -1
[00:38:31.056] [INFO] [COMBAT] In attack block. Distance: 2.6323764324188232
[00:38:31.056] [INFO] [COMBAT] One-Shot Mode. Attack: false
[00:38:31.056] [DEBUG] [MOUSE] Injected delta: -26, -11
[00:38:31.105] [INFO] [COMBAT] In attack block. Distance: 2.5458641052246094
[00:38:31.105] [INFO] [COMBAT] One-Shot Mode. Attack: false
[00:38:31.105] [DEBUG] [MOUSE] Injected delta: -21, -14
[00:38:31.152] [INFO] [COMBAT] In attack block. Distance: 2.487142562866211
[00:38:31.153] [INFO] [COMBAT] One-Shot Mode. Attack: false
[00:38:31.153] [DEBUG] [MOUSE] Injected delta: -6, -6
[00:38:31.204] [INFO] [COMBAT] In attack block. Distance: 2.5016772747039795
[00:38:31.204] [INFO] [COMBAT] One-Shot Mode. Attack: false
[00:38:31.267] [INFO] [COMBAT] In attack block. Distance: 2.537320852279663
[00:38:31.267] [INFO] [COMBAT] One-Shot Mode. Attack: false
[00:38:31.267] [DEBUG] [MOUSE] Injected delta: -3, -2
[00:38:31.316] [DEBUG] [PERCEPTION] Found combat target: attackable
[00:38:31.317] [INFO] [COMBAT] In attack block. Distance: 2.743990659713745
[00:38:31.317] [INFO] [COMBAT] One-Shot Mode. Attack: false
[00:38:31.317] [DEBUG] [MOUSE] Injected delta: -17, -1
[00:38:31.362] [INFO] [COMBAT] In attack block. Distance: 2.9059672355651855
[00:38:31.363] [INFO] [COMBAT] One-Shot Mode. Attack: false
[00:38:31.363] [DEBUG] [MOUSE] Injected delta: -30, 4
[00:38:31.405] [DEBUG] [MOUSE] Injected delta: -22, 5
[00:38:31.460] [DEBUG] [MOUSE] Injected delta: -5, 2
[00:38:31.553] [DEBUG] [MOUSE] Injected delta: -1, 1
[00:38:31.611] [DEBUG] [PERCEPTION] Found combat target: attackable
[00:38:31.612] [DEBUG] [MOUSE] Injected delta: -4, 4
[00:38:31.661] [INFO] [COMBAT] In attack block. Distance: 2.9557759761810303
[00:38:31.661] [INFO] [COMBAT] One-Shot Mode. Attack: true
[00:38:31.661] [INFO] [CLICK] Attempting performClick()
[00:38:31.662] [INFO] [CLICK] Pressed attack key - IS_DOWN: true
[00:38:31.663] [DEBUG] [MOUSE] Injected delta: -8, -3
[00:38:31.704] [DEBUG] [CLICK] Released attack key
[00:38:31.705] [INFO] [COMBAT] In attack block. Distance: 2.8490700721740723
[00:38:31.706] [INFO] [COMBAT] One-Shot Mode. Attack: false
[00:38:31.706] [DEBUG] [MOUSE] Injected delta: -7, -11
[00:38:31.760] [INFO] [COMBAT] In attack block. Distance: 2.763291597366333
[00:38:31.761] [INFO] [COMBAT] One-Shot Mode. Attack: false
[00:38:31.761] [DEBUG] [MOUSE] Injected delta: -1, -5
[00:38:31.802] [INFO] [COMBAT] In attack block. Distance: 2.686774492263794
[00:38:31.803] [INFO] [COMBAT] One-Shot Mode. Attack: false
[00:38:31.857] [INFO] [COMBAT] In attack block. Distance: 2.5654244422912598
[00:38:31.858] [INFO] [COMBAT] One-Shot Mode. Attack: false
[00:38:31.858] [DEBUG] [MOUSE] Injected delta: -1, -2
[00:38:31.915] [DEBUG] [PERCEPTION] Found combat target: attackable
[00:38:31.916] [INFO] [COMBAT] In attack block. Distance: 2.591111183166504
[00:38:31.916] [INFO] [COMBAT] One-Shot Mode. Attack: false
[00:38:31.917] [DEBUG] [MOUSE] Injected delta: -4, 2
[00:38:31.956] [INFO] [COMBAT] In attack block. Distance: 2.6213431358337402
[00:38:31.956] [INFO] [COMBAT] One-Shot Mode. Attack: false
[00:38:31.957] [DEBUG] [MOUSE] Injected delta: -6, 16
[00:38:32.002] [INFO] [COMBAT] In attack block. Distance: 2.670165538787842
[00:38:32.002] [INFO] [COMBAT] One-Shot Mode. Attack: false
[00:38:32.003] [DEBUG] [MOUSE] Injected delta: -6, 15
[00:38:32.059] [INFO] [COMBAT] In attack block. Distance: 2.6856729984283447
[00:38:32.059] [INFO] [COMBAT] One-Shot Mode. Attack: false
[00:38:32.060] [DEBUG] [MOUSE] Injected delta: -1, 4
[00:38:32.113] [INFO] [COMBAT] In attack block. Distance: 2.6840500831604004
[00:38:32.113] [INFO] [COMBAT] One-Shot Mode. Attack: false
[00:38:32.154] [INFO] [COMBAT] In attack block. Distance: 2.6435933113098145
[00:38:32.155] [INFO] [COMBAT] One-Shot Mode. Attack: false
[00:38:32.155] [DEBUG] [MOUSE] Injected delta: -1, 1
[00:38:32.211] [DEBUG] [PERCEPTION] Found combat target: attackable
[00:38:32.212] [INFO] [COMBAT] In attack block. Distance: 2.4642717838287354
[00:38:32.212] [INFO] [COMBAT] One-Shot Mode. Attack: false
[00:38:32.212] [DEBUG] [MOUSE] Injected delta: -4, 0
[00:38:32.253] [INFO] [COMBAT] In attack block. Distance: 2.275949239730835
[00:38:32.253] [INFO] [COMBAT] One-Shot Mode. Attack: false
[00:38:32.253] [DEBUG] [MOUSE] Injected delta: -7, -9
[00:38:32.311] [INFO] [COMBAT] In attack block. Distance: 2.1160924434661865
[00:38:32.312] [INFO] [COMBAT] One-Shot Mode. Attack: false
[00:38:32.312] [DEBUG] [MOUSE] Injected delta: -11, -12
[00:38:32.352] [INFO] [COMBAT] In attack block. Distance: 2.01163387298584
[00:38:32.353] [INFO] [COMBAT] One-Shot Mode. Attack: false
[00:38:32.353] [DEBUG] [MOUSE] Injected delta: -4, -6
[00:38:32.416] [INFO] [COMBAT] In attack block. Distance: 1.9722410440444946
[00:38:32.417] [INFO] [COMBAT] One-Shot Mode. Attack: false
[00:38:32.454] [INFO] [COMBAT] In attack block. Distance: 2.003143310546875
[00:38:32.455] [INFO] [COMBAT] One-Shot Mode. Attack: false
[00:38:32.455] [DEBUG] [MOUSE] Injected delta: -39, -8
[00:38:32.511] [DEBUG] [PERCEPTION] Found combat target: attackable
[00:38:32.511] [INFO] [COMBAT] In attack block. Distance: 2.1499252319335938
[00:38:32.512] [INFO] [COMBAT] One-Shot Mode. Attack: false
[00:38:32.512] [DEBUG] [MOUSE] Injected delta: -122, 7
[00:38:32.555] [INFO] [COMBAT] In attack block. Distance: 2.3176493644714355
[00:38:32.555] [INFO] [COMBAT] One-Shot Mode. Attack: false
[00:38:32.556] [DEBUG] [MOUSE] Injected delta: -49, 8
[00:38:32.609] [INFO] [COMBAT] In attack block. Distance: 2.4445338249206543
[00:38:32.609] [INFO] [COMBAT] One-Shot Mode. Attack: false
[00:38:32.667] [INFO] [COMBAT] In attack block. Distance: 2.5628747940063477
[00:38:32.668] [INFO] [COMBAT] One-Shot Mode. Attack: false
[00:38:32.670] [DEBUG] [MOUSE] Injected delta: -7, 3
[00:38:32.714] [INFO] [COMBAT] In attack block. Distance: 2.652592182159424
[00:38:32.714] [INFO] [COMBAT] One-Shot Mode. Attack: false
[00:38:32.715] [DEBUG] [MOUSE] Injected delta: -44, 12
[00:38:32.756] [INFO] [COMBAT] In attack block. Distance: 2.7158737182617188
[00:38:32.757] [INFO] [COMBAT] One-Shot Mode. Attack: false
[00:38:32.757] [DEBUG] [MOUSE] Injected delta: -83, 10
[00:38:32.812] [DEBUG] [PERCEPTION] Found combat target: attackable
[00:38:32.813] [INFO] [COMBAT] In attack block. Distance: 2.6673941612243652
[00:38:32.813] [INFO] [COMBAT] One-Shot Mode. Attack: false
[00:38:32.814] [DEBUG] [MOUSE] Injected delta: -63, 3
[00:38:32.860] [INFO] [COMBAT] In attack block. Distance: 2.5970757007598877
[00:38:32.860] [INFO] [COMBAT] One-Shot Mode. Attack: false
[00:38:32.860] [DEBUG] [MOUSE] Injected delta: -15, -1
[00:38:32.901] [INFO] [COMBAT] In attack block. Distance: 2.5621416568756104
[00:38:32.902] [INFO] [COMBAT] One-Shot Mode. Attack: false
[00:38:32.963] [INFO] [COMBAT] In attack block. Distance: 2.6216821670532227
[00:38:32.964] [INFO] [COMBAT] One-Shot Mode. Attack: false
[00:38:32.964] [DEBUG] [MOUSE] Injected delta: -2, -7
[00:38:33.013] [INFO] [COMBAT] In attack block. Distance: 2.7214572429656982
[00:38:33.013] [INFO] [COMBAT] One-Shot Mode. Attack: false
[00:38:33.014] [DEBUG] [MOUSE] Injected delta: -18, -33
[00:38:33.060] [INFO] [COMBAT] In attack block. Distance: 2.7746593952178955
[00:38:33.060] [INFO] [COMBAT] One-Shot Mode. Attack: false
[00:38:33.060] [DEBUG] [MOUSE] Injected delta: -30, -32
[00:38:33.108] [DEBUG] [PERCEPTION] Found combat target: attackable
[00:38:33.109] [INFO] [COMBAT] In attack block. Distance: 2.8385000228881836
[00:38:33.109] [INFO] [COMBAT] One-Shot Mode. Attack: false
[00:38:33.109] [DEBUG] [MOUSE] Injected delta: -22, -13
[00:38:33.156] [INFO] [COMBAT] In attack block. Distance: 2.9010050296783447
[00:38:33.157] [INFO] [COMBAT] One-Shot Mode. Attack: false
[00:38:33.157] [DEBUG] [MOUSE] Injected delta: -5, -2
[00:38:33.215] [INFO] [COMBAT] In attack block. Distance: 2.9780709743499756
[00:38:33.216] [INFO] [COMBAT] One-Shot Mode. Attack: false
[00:38:33.261] [DEBUG] [MOUSE] Injected delta: 4, 6
[00:38:33.306] [DEBUG] [MOUSE] Injected delta: 21, 23
[00:38:33.363] [INFO] [COMBAT] In attack block. Distance: 2.9714531898498535
[00:38:33.363] [INFO] [COMBAT] One-Shot Mode. Attack: true
[00:38:33.364] [INFO] [CLICK] Attempting performClick()
[00:38:33.364] [INFO] [CLICK] Pressed attack key - IS_DOWN: true
[00:38:33.364] [DEBUG] [MOUSE] Injected delta: 35, 30
[00:38:33.405] [DEBUG] [PERCEPTION] Found combat target: attackable
[00:38:33.405] [DEBUG] [CLICK] Released attack key
[00:38:33.406] [INFO] [COMBAT] In attack block. Distance: 2.8209195137023926
[00:38:33.406] [INFO] [COMBAT] One-Shot Mode. Attack: false
[00:38:33.406] [DEBUG] [MOUSE] Injected delta: 26, 18
[00:38:33.452] [INFO] [COMBAT] In attack block. Distance: 2.6880977153778076
[00:38:33.453] [INFO] [COMBAT] One-Shot Mode. Attack: false
[00:38:33.453] [DEBUG] [MOUSE] Injected delta: 5, 3
[00:38:33.511] [INFO] [COMBAT] In attack block. Distance: 2.584303140640259
[00:38:33.511] [INFO] [COMBAT] One-Shot Mode. Attack: false
[00:38:33.553] [INFO] [COMBAT] In attack block. Distance: 2.5463569164276123
[00:38:33.554] [INFO] [COMBAT] One-Shot Mode. Attack: false
[00:38:33.554] [DEBUG] [MOUSE] Injected delta: 1, -6
[00:38:33.601] [INFO] [COMBAT] In attack block. Distance: 2.5933399200439453
[00:38:33.602] [INFO] [COMBAT] One-Shot Mode. Attack: false
[00:38:33.602] [DEBUG] [MOUSE] Injected delta: -6, -31
[00:38:33.656] [INFO] [COMBAT] In attack block. Distance: 2.5853769779205322
[00:38:33.656] [INFO] [COMBAT] One-Shot Mode. Attack: false
[00:38:33.658] [DEBUG] [MOUSE] Injected delta: -7, -25
[00:38:33.716] [DEBUG] [PERCEPTION] Found combat target: attackable
[00:38:33.716] [INFO] [COMBAT] In attack block. Distance: 2.706321954727173
[00:38:33.717] [INFO] [COMBAT] One-Shot Mode. Attack: false
[00:38:33.717] [DEBUG] [MOUSE] Injected delta: -7, -8
[00:38:33.759] [INFO] [COMBAT] In attack block. Distance: 2.8215091228485107
[00:38:33.759] [INFO] [COMBAT] One-Shot Mode. Attack: false
[00:38:33.760] [DEBUG] [MOUSE] Injected delta: -2, 0
[00:38:33.801] [INFO] [COMBAT] In attack block. Distance: 2.9269051551818848
[00:38:33.802] [INFO] [COMBAT] One-Shot Mode. Attack: false
[00:38:33.856] [INFO] [COMBAT] In attack block. Distance: 2.9680240154266357
[00:38:33.857] [INFO] [COMBAT] One-Shot Mode. Attack: false
[00:38:33.857] [DEBUG] [MOUSE] Injected delta: -2, 5
[00:38:33.913] [INFO] [COMBAT] In attack block. Distance: 2.9509575366973877
[00:38:33.913] [INFO] [COMBAT] One-Shot Mode. Attack: false
[00:38:33.914] [DEBUG] [MOUSE] Injected delta: -9, 22
[00:38:33.956] [INFO] [COMBAT] In attack block. Distance: 2.8952393531799316
[00:38:33.956] [INFO] [COMBAT] One-Shot Mode. Attack: false
[00:38:33.957] [DEBUG] [MOUSE] Injected delta: -13, 31
[00:38:34.014] [DEBUG] [PERCEPTION] Found combat target: attackable
[00:38:34.014] [INFO] [COMBAT] In attack block. Distance: 2.7803866863250732
[00:38:34.015] [INFO] [COMBAT] One-Shot Mode. Attack: false
[00:38:34.015] [DEBUG] [MOUSE] Injected delta: -10, 19
[00:38:34.056] [INFO] [COMBAT] In attack block. Distance: 2.641911268234253
[00:38:34.057] [INFO] [COMBAT] One-Shot Mode. Attack: false
[00:38:34.057] [DEBUG] [MOUSE] Injected delta: -3, 3
[00:38:34.116] [INFO] [COMBAT] In attack block. Distance: 2.5031521320343018
[00:38:34.116] [INFO] [COMBAT] One-Shot Mode. Attack: false
[00:38:34.160] [INFO] [COMBAT] In attack block. Distance: 2.458446502685547
[00:38:34.161] [INFO] [COMBAT] One-Shot Mode. Attack: false
[00:38:34.161] [DEBUG] [MOUSE] Injected delta: -5, -23
[00:38:34.210] [INFO] [COMBAT] In attack block. Distance: 2.4741885662078857
[00:38:34.211] [INFO] [COMBAT] One-Shot Mode. Attack: false
[00:38:34.211] [DEBUG] [MOUSE] Injected delta: -21, -73
[00:38:34.252] [INFO] [COMBAT] In attack block. Distance: 2.543405294418335
[00:38:34.253] [INFO] [COMBAT] One-Shot Mode. Attack: false
[00:38:34.253] [DEBUG] [MOUSE] Injected delta: -12, -17
[00:38:34.308] [DEBUG] [PERCEPTION] Found combat target: attackable
[00:38:34.309] [INFO] [COMBAT] In attack block. Distance: 2.6814749240875244
[00:38:34.309] [INFO] [COMBAT] One-Shot Mode. Attack: false
[00:38:34.352] [INFO] [COMBAT] In attack block. Distance: 2.8458683490753174
[00:38:34.352] [INFO] [COMBAT] One-Shot Mode. Attack: false
[00:38:34.353] [DEBUG] [MOUSE] Injected delta: -1, 5
[00:38:34.410] [DEBUG] [MOUSE] Injected delta: -3, 30
[00:38:34.460] [DEBUG] [MOUSE] Injected delta: -5, 41
[00:38:34.512] [DEBUG] [MOUSE] Injected delta: -6, 27
[00:38:34.564] [DEBUG] [MOUSE] Injected delta: -1, 5
[00:38:34.608] [DEBUG] [PERCEPTION] Found combat target: attackable
[00:38:34.666] [DEBUG] [MOUSE] Injected delta: -1, -2
[00:38:34.707] [DEBUG] [MOUSE] Injected delta: -6, -20
[00:38:34.750] [DEBUG] [MOUSE] Injected delta: -9, -41
[00:38:34.801] [DEBUG] [MOUSE] Injected delta: -8, -32
[00:38:34.867] [DEBUG] [MOUSE] Injected delta: -2, -4
[00:38:34.917] [DEBUG] [PERCEPTION] Found combat target: attackable
[00:38:34.950] [DEBUG] [MOUSE] Injected delta: -2, 3
[00:38:35.012] [DEBUG] [MOUSE] Injected delta: -6, 18
[00:38:35.060] [DEBUG] [MOUSE] Injected delta: -9, 29
[00:38:35.108] [DEBUG] [MOUSE] Injected delta: -7, 22
[00:38:35.158] [DEBUG] [MOUSE] Injected delta: -2, 4
[00:38:35.206] [DEBUG] [PERCEPTION] Found combat target: attackable
[00:38:35.255] [DEBUG] [MOUSE] Injected delta: -1, -2
[00:38:35.302] [DEBUG] [MOUSE] Injected delta: -3, -14
[00:38:35.351] [DEBUG] [MOUSE] Injected delta: -5, -32
[00:38:35.405] [DEBUG] [MOUSE] Injected delta: -10, -26
[00:38:35.465] [DEBUG] [MOUSE] Injected delta: -4, -2
[00:38:35.511] [DEBUG] [PERCEPTION] Found combat target: attackable
[00:38:35.555] [DEBUG] [MOUSE] Injected delta: -9, 5
[00:38:35.601] [DEBUG] [MOUSE] Injected delta: -47, 29
[00:38:35.668] [INFO] [COMBAT] In attack block. Distance: 2.892531394958496
[00:38:35.669] [INFO] [COMBAT] One-Shot Mode. Attack: true
[00:38:35.669] [INFO] [CLICK] Attempting performClick()
[00:38:35.669] [INFO] [CLICK] Pressed attack key - IS_DOWN: true
[00:38:35.670] [DEBUG] [MOUSE] Injected delta: -75, 46
[00:38:35.717] [DEBUG] [CLICK] Released attack key
[00:38:35.717] [INFO] [COMBAT] In attack block. Distance: 2.75520658493042
[00:38:35.717] [INFO] [COMBAT] One-Shot Mode. Attack: false
[00:38:35.718] [DEBUG] [MOUSE] Injected delta: -53, 37
[00:38:35.765] [INFO] [COMBAT] In attack block. Distance: 2.588728189468384
[00:38:35.765] [INFO] [COMBAT] One-Shot Mode. Attack: false
[00:38:35.765] [DEBUG] [MOUSE] Injected delta: -17, 7
[00:38:35.815] [DEBUG] [PERCEPTION] Found combat target: attackable
[00:38:35.816] [INFO] [COMBAT] In attack block. Distance: 2.4017229080200195
[00:38:35.816] [INFO] [COMBAT] One-Shot Mode. Attack: false
[00:38:35.861] [INFO] [COMBAT] In attack block. Distance: 2.2192583084106445
[00:38:35.862] [INFO] [COMBAT] One-Shot Mode. Attack: false
[00:38:35.862] [DEBUG] [MOUSE] Injected delta: -29, -8
[00:38:35.909] [INFO] [COMBAT] In attack block. Distance: 2.0669877529144287
[00:38:35.910] [INFO] [COMBAT] One-Shot Mode. Attack: false
[00:38:35.910] [DEBUG] [MOUSE] Injected delta: -98, -45
[00:38:35.961] [INFO] [COMBAT] In attack block. Distance: 1.981827735900879
[00:38:35.961] [INFO] [COMBAT] One-Shot Mode. Attack: false
[00:38:35.961] [DEBUG] [MOUSE] Injected delta: -40, -27
[00:38:36.008] [INFO] [COMBAT] In attack block. Distance: 1.935191035270691
[00:38:36.009] [INFO] [COMBAT] One-Shot Mode. Attack: false
[00:38:36.064] [INFO] [COMBAT] In attack block. Distance: 2.0319671630859375
[00:38:36.064] [INFO] [COMBAT] One-Shot Mode. Attack: false
[00:38:36.064] [DEBUG] [MOUSE] Injected delta: -15, -3
[00:38:36.108] [DEBUG] [PERCEPTION] Found combat target: attackable
[00:38:36.108] [INFO] [COMBAT] In attack block. Distance: 2.2363805770874023
[00:38:36.109] [INFO] [COMBAT] One-Shot Mode. Attack: false
[00:38:36.109] [DEBUG] [MOUSE] Injected delta: -40, 21
[00:38:36.157] [INFO] [COMBAT] In attack block. Distance: 2.451662302017212
[00:38:36.157] [INFO] [COMBAT] One-Shot Mode. Attack: false
[00:38:36.158] [DEBUG] [MOUSE] Injected delta: -18, 9
[00:38:36.209] [INFO] [COMBAT] In attack block. Distance: 2.6473543643951416
[00:38:36.209] [INFO] [COMBAT] One-Shot Mode. Attack: false
[00:38:36.255] [INFO] [COMBAT] In attack block. Distance: 2.7962472438812256
[00:38:36.255] [INFO] [COMBAT] One-Shot Mode. Attack: false
[00:38:36.255] [DEBUG] [MOUSE] Injected delta: 1, 2
[00:38:36.304] [INFO] [COMBAT] In attack block. Distance: 2.841768980026245
[00:38:36.305] [INFO] [COMBAT] One-Shot Mode. Attack: false
[00:38:36.305] [DEBUG] [MOUSE] Injected delta: 4, 9
[00:38:36.351] [INFO] [COMBAT] In attack block. Distance: 2.8424558639526367
[00:38:36.351] [INFO] [COMBAT] One-Shot Mode. Attack: false
[00:38:36.352] [DEBUG] [MOUSE] Injected delta: 7, 10
[00:38:36.416] [DEBUG] [PERCEPTION] Found combat target: attackable
[00:38:36.416] [INFO] [COMBAT] In attack block. Distance: 2.843369722366333
[00:38:36.416] [INFO] [COMBAT] One-Shot Mode. Attack: false
[00:38:36.417] [DEBUG] [MOUSE] Injected delta: 12, 4
[00:38:36.465] [INFO] [COMBAT] In attack block. Distance: 2.8094871044158936
[00:38:36.466] [INFO] [COMBAT] One-Shot Mode. Attack: false
[00:38:36.466] [DEBUG] [MOUSE] Injected delta: 3, 0
[00:38:36.504] [INFO] [COMBAT] In attack block. Distance: 2.643913507461548
[00:38:36.505] [INFO] [COMBAT] One-Shot Mode. Attack: false
[00:38:36.573] [INFO] [COMBAT] In attack block. Distance: 2.458526611328125
[00:38:36.573] [INFO] [COMBAT] One-Shot Mode. Attack: false
[00:38:36.573] [DEBUG] [MOUSE] Injected delta: 1, -22
[00:38:36.614] [INFO] [COMBAT] In attack block. Distance: 2.3027021884918213
[00:38:36.614] [INFO] [COMBAT] One-Shot Mode. Attack: false
[00:38:36.615] [DEBUG] [MOUSE] Injected delta: -22, -71
[00:38:36.663] [INFO] [COMBAT] In attack block. Distance: 2.1685309410095215
[00:38:36.663] [INFO] [COMBAT] One-Shot Mode. Attack: false
[00:38:36.664] [DEBUG] [MOUSE] Injected delta: -28, -13
[00:38:36.711] [DEBUG] [PERCEPTION] Found combat target: attackable
[00:38:36.711] [INFO] [COMBAT] In attack block. Distance: 2.184077501296997
[00:38:36.711] [INFO] [COMBAT] One-Shot Mode. Attack: false
[00:38:36.761] [INFO] [COMBAT] In attack block. Distance: 2.215165615081787
[00:38:36.762] [INFO] [COMBAT] One-Shot Mode. Attack: false
[00:38:36.762] [DEBUG] [MOUSE] Injected delta: -47, 29
[00:38:36.811] [INFO] [COMBAT] In attack block. Distance: 2.261312961578369
[00:38:36.812] [INFO] [COMBAT] One-Shot Mode. Attack: false
[00:38:36.812] [DEBUG] [MOUSE] Injected delta: -154, 94
[00:38:36.860] [INFO] [COMBAT] In attack block. Distance: 2.3016395568847656
[00:38:36.861] [INFO] [COMBAT] One-Shot Mode. Attack: false
[00:38:36.861] [DEBUG] [MOUSE] Injected delta: -72, 36
[00:38:36.909] [INFO] [COMBAT] In attack block. Distance: 2.3047823905944824
[00:38:36.909] [INFO] [COMBAT] One-Shot Mode. Attack: false
[00:38:36.957] [INFO] [COMBAT] In attack block. Distance: 2.2802934646606445
[00:38:36.957] [INFO] [COMBAT] One-Shot Mode. Attack: false
[00:38:36.958] [DEBUG] [MOUSE] Injected delta: -26, -2
[00:38:37.006] [DEBUG] [PERCEPTION] Found combat target: attackable
[00:38:37.006] [INFO] [COMBAT] In attack block. Distance: 2.2330291271209717
[00:38:37.006] [INFO] [COMBAT] One-Shot Mode. Attack: false
[00:38:37.006] [DEBUG] [MOUSE] Injected delta: -76, -11
[00:38:37.052] [INFO] [COMBAT] In attack block. Distance: 2.179325819015503
[00:38:37.052] [INFO] [COMBAT] One-Shot Mode. Attack: false
[00:38:37.053] [DEBUG] [MOUSE] Injected delta: -31, -10
[00:38:37.115] [INFO] [COMBAT] In attack block. Distance: 2.135856866836548
[00:38:37.116] [INFO] [COMBAT] One-Shot Mode. Attack: false
[00:38:37.163] [INFO] [COMBAT] In attack block. Distance: 2.1383676528930664
[00:38:37.164] [INFO] [COMBAT] One-Shot Mode. Attack: false
[00:38:37.164] [DEBUG] [MOUSE] Injected delta: -9, -28
[00:38:37.211] [INFO] [COMBAT] In attack block. Distance: 2.2075748443603516
[00:38:37.211] [INFO] [COMBAT] One-Shot Mode. Attack: false
[00:38:37.211] [DEBUG] [MOUSE] Injected delta: -30, -85
[00:38:37.256] [INFO] [COMBAT] In attack block. Distance: 2.324747323989868
[00:38:37.256] [INFO] [COMBAT] One-Shot Mode. Attack: false
[00:38:37.256] [DEBUG] [MOUSE] Injected delta: -14, -18
[00:38:37.303] [DEBUG] [PERCEPTION] Found combat target: attackable
[00:38:37.304] [INFO] [COMBAT] In attack block. Distance: 2.5136287212371826
[00:38:37.304] [INFO] [COMBAT] One-Shot Mode. Attack: false
[00:38:37.353] [INFO] [COMBAT] In attack block. Distance: 2.6892507076263428
[00:38:37.353] [INFO] [COMBAT] One-Shot Mode. Attack: false
[00:38:37.353] [DEBUG] [MOUSE] Injected delta: -3, 6
[00:38:37.402] [INFO] [COMBAT] In attack block. Distance: 2.8505725860595703
[00:38:37.402] [INFO] [COMBAT] One-Shot Mode. Attack: false
[00:38:37.402] [DEBUG] [MOUSE] Injected delta: -20, 30
[00:38:37.450] [INFO] [COMBAT] In attack block. Distance: 2.9711217880249023
[00:38:37.451] [INFO] [COMBAT] One-Shot Mode. Attack: false
[00:38:37.451] [DEBUG] [MOUSE] Injected delta: -33, 45
[00:38:37.515] [DEBUG] [MOUSE] Injected delta: -28, 29
[00:38:37.564] [DEBUG] [MOUSE] Injected delta: -7, 6
[00:38:37.611] [DEBUG] [PERCEPTION] Found combat target: attackable
[00:38:37.661] [DEBUG] [MOUSE] Injected delta: 0, -4
[00:38:37.709] [DEBUG] [MOUSE] Injected delta: -1, -22
[00:38:37.758] [DEBUG] [MOUSE] Injected delta: 4, -43
[00:38:37.809] [DEBUG] [MOUSE] Injected delta: 1, -34
[00:38:37.856] [DEBUG] [MOUSE] Injected delta: -1, -7
[00:38:37.907] [DEBUG] [PERCEPTION] Found combat target: attackable
[00:38:37.953] [DEBUG] [MOUSE] Injected delta: -1, -2
[00:38:38.017] [INFO] [COMBAT] In attack block. Distance: 2.947416305541992
[00:38:38.017] [INFO] [COMBAT] One-Shot Mode. Attack: true
[00:38:38.017] [INFO] [CLICK] Attempting performClick()
[00:38:38.017] [INFO] [CLICK] Pressed attack key - IS_DOWN: true
[00:38:38.018] [DEBUG] [MOUSE] Injected delta: -6, -5
[00:38:38.066] [DEBUG] [CLICK] Released attack key
[00:38:38.066] [INFO] [COMBAT] In attack block. Distance: 2.7001590728759766
[00:38:38.066] [INFO] [COMBAT] One-Shot Mode. Attack: false
[00:38:38.067] [DEBUG] [MOUSE] Injected delta: -25, -7
[00:38:38.112] [INFO] [COMBAT] In attack block. Distance: 2.4355719089508057
[00:38:38.113] [INFO] [COMBAT] One-Shot Mode. Attack: false
[00:38:38.114] [DEBUG] [MOUSE] Injected delta: -9, -6
[00:38:38.159] [INFO] [COMBAT] In attack block. Distance: 2.2746853828430176
[00:38:38.159] [INFO] [COMBAT] One-Shot Mode. Attack: false
[00:38:38.160] [DEBUG] [MOUSE] Injected delta: -1, -1
[00:38:38.211] [DEBUG] [PERCEPTION] Found combat target: attackable
[00:38:38.211] [INFO] [COMBAT] In attack block. Distance: 2.1595661640167236
[00:38:38.211] [INFO] [COMBAT] One-Shot Mode. Attack: false
[00:38:38.254] [INFO] [COMBAT] In attack block. Distance: 2.0847225189208984
[00:38:38.255] [INFO] [COMBAT] One-Shot Mode. Attack: false
[00:38:38.255] [DEBUG] [MOUSE] Injected delta: 30, 0
[00:38:38.302] [INFO] [COMBAT] In attack block. Distance: 2.0351309776306152
[00:38:38.302] [INFO] [COMBAT] One-Shot Mode. Attack: false
[00:38:38.303] [DEBUG] [MOUSE] Injected delta: 123, 2
[00:38:38.355] [INFO] [COMBAT] In attack block. Distance: 2.053816318511963
[00:38:38.355] [INFO] [COMBAT] One-Shot Mode. Attack: false
[00:38:38.355] [DEBUG] [MOUSE] Injected delta: 51, 14
[00:38:38.402] [INFO] [COMBAT] In attack block. Distance: 2.136420488357544
[00:38:38.402] [INFO] [COMBAT] One-Shot Mode. Attack: false
[00:38:38.450] [INFO] [COMBAT] In attack block. Distance: 2.242414712905884
[00:38:38.451] [INFO] [COMBAT] One-Shot Mode. Attack: false
[00:38:38.451] [DEBUG] [MOUSE] Injected delta: 23, 28
[00:38:38.502] [DEBUG] [PERCEPTION] Found combat target: attackable
[00:38:38.502] [INFO] [COMBAT] In attack block. Distance: 2.336639881134033
[00:38:38.503] [INFO] [COMBAT] One-Shot Mode. Attack: false
[00:38:38.503] [DEBUG] [MOUSE] Injected delta: 82, 87
[00:38:38.555] [INFO] [COMBAT] In attack block. Distance: 2.4105653762817383
[00:38:38.555] [INFO] [COMBAT] One-Shot Mode. Attack: false
[00:38:38.555] [DEBUG] [MOUSE] Injected delta: 34, 33
[00:38:38.600] [INFO] [COMBAT] In attack block. Distance: 2.4551901817321777
[00:38:38.601] [INFO] [COMBAT] One-Shot Mode. Attack: false
[00:38:38.667] [INFO] [COMBAT] In attack block. Distance: 2.497795581817627
[00:38:38.668] [INFO] [COMBAT] One-Shot Mode. Attack: false
[00:38:38.669] [DEBUG] [MOUSE] Injected delta: 17, -3
[00:38:38.710] [INFO] [COMBAT] In attack block. Distance: 2.5364115238189697
[00:38:38.710] [INFO] [COMBAT] One-Shot Mode. Attack: false
[00:38:38.710] [DEBUG] [MOUSE] Injected delta: 61, -23
[00:38:38.758] [INFO] [COMBAT] In attack block. Distance: 2.5667812824249268
[00:38:38.758] [INFO] [COMBAT] One-Shot Mode. Attack: false
[00:38:38.758] [DEBUG] [MOUSE] Injected delta: 31, -15
[00:38:38.809] [DEBUG] [PERCEPTION] Found combat target: attackable
[00:38:38.810] [INFO] [COMBAT] In attack block. Distance: 2.5263242721557617
[00:38:38.810] [INFO] [COMBAT] One-Shot Mode. Attack: false
[00:38:38.858] [INFO] [COMBAT] In attack block. Distance: 2.505730390548706
[00:38:38.859] [INFO] [COMBAT] One-Shot Mode. Attack: false
[00:38:38.859] [DEBUG] [MOUSE] Injected delta: 4, -6
[00:38:38.917] [INFO] [COMBAT] In attack block. Distance: 2.5462214946746826
[00:38:38.917] [INFO] [COMBAT] One-Shot Mode. Attack: false
[00:38:38.917] [DEBUG] [MOUSE] Injected delta: 8, -31
[00:38:38.951] [INFO] [COMBAT] In attack block. Distance: 2.5392515659332275
[00:38:38.952] [INFO] [COMBAT] One-Shot Mode. Attack: false
[00:38:38.952] [DEBUG] [MOUSE] Injected delta: 16, -25
[00:38:39.005] [INFO] [COMBAT] In attack block. Distance: 2.6417288780212402
[00:38:39.005] [INFO] [COMBAT] One-Shot Mode. Attack: false
[00:38:39.005] [DEBUG] [MOUSE] Injected delta: 19, -9
[00:38:39.061] [INFO] [COMBAT] In attack block. Distance: 2.794118881225586
[00:38:39.062] [INFO] [COMBAT] One-Shot Mode. Attack: false
[00:38:39.062] [DEBUG] [MOUSE] Injected delta: 5, -1
[00:38:39.111] [DEBUG] [PERCEPTION] Found combat target: attackable
[00:38:39.111] [INFO] [COMBAT] In attack block. Distance: 2.9284563064575195
[00:38:39.111] [INFO] [COMBAT] One-Shot Mode. Attack: false
[00:38:39.159] [DEBUG] [MOUSE] Injected delta: 5, 4
[00:38:39.207] [DEBUG] [MOUSE] Injected delta: 25, 17
[00:38:39.259] [INFO] [COMBAT] In attack block. Distance: 2.9476232528686523
[00:38:39.259] [INFO] [COMBAT] One-Shot Mode. Attack: true
[00:38:39.259] [INFO] [CLICK] Attempting performClick()
[00:38:39.259] [INFO] [CLICK] Pressed attack key - IS_DOWN: true
[00:38:39.260] [DEBUG] [MOUSE] Injected delta: 37, 21
[00:38:39.304] [DEBUG] [CLICK] Released attack key
[00:38:39.304] [INFO] [COMBAT] In attack block. Distance: 2.891817808151245
[00:38:39.305] [INFO] [COMBAT] One-Shot Mode. Attack: false
[00:38:39.305] [DEBUG] [MOUSE] Injected delta: 23, 15
[00:38:39.354] [INFO] [COMBAT] In attack block. Distance: 2.832430839538574
[00:38:39.355] [INFO] [COMBAT] One-Shot Mode. Attack: false
[00:38:39.355] [DEBUG] [MOUSE] Injected delta: 6, 2
[00:38:39.408] [DEBUG] [PERCEPTION] Found combat target: attackable
[00:38:39.408] [INFO] [COMBAT] In attack block. Distance: 2.7854902744293213
[00:38:39.409] [INFO] [COMBAT] One-Shot Mode. Attack: false
[00:38:39.455] [INFO] [COMBAT] In attack block. Distance: 2.7624309062957764
[00:38:39.456] [INFO] [COMBAT] One-Shot Mode. Attack: false
[00:38:39.456] [DEBUG] [MOUSE] Injected delta: 0, -6
[00:38:39.515] [INFO] [COMBAT] In attack block. Distance: 2.6649248600006104
[00:38:39.515] [INFO] [COMBAT] One-Shot Mode. Attack: false
[00:38:39.515] [DEBUG] [MOUSE] Injected delta: -2, -29
[00:38:39.572] [INFO] [COMBAT] In attack block. Distance: 2.4951910972595215
[00:38:39.572] [INFO] [COMBAT] One-Shot Mode. Attack: false
[00:38:39.572] [DEBUG] [MOUSE] Injected delta: -6, -24
[00:38:39.606] [INFO] [COMBAT] In attack block. Distance: 2.4878005981445312
[00:38:39.606] [INFO] [COMBAT] One-Shot Mode. Attack: false
[00:38:39.606] [DEBUG] [MOUSE] Injected delta: -15, -5
[00:38:39.654] [INFO] [COMBAT] In attack block. Distance: 2.505551815032959
[00:38:39.655] [INFO] [COMBAT] One-Shot Mode. Attack: false
[00:38:39.656] [DEBUG] [MOUSE] Injected delta: -5, 1
[00:38:39.703] [DEBUG] [PERCEPTION] Found combat target: attackable
[00:38:39.704] [INFO] [COMBAT] In attack block. Distance: 2.438413619995117
[00:38:39.704] [INFO] [COMBAT] One-Shot Mode. Attack: false
[00:38:39.752] [INFO] [COMBAT] In attack block. Distance: 2.362334728240967
[00:38:39.752] [INFO] [COMBAT] One-Shot Mode. Attack: false
[00:38:39.752] [DEBUG] [MOUSE] Injected delta: -22, 27
[00:38:39.800] [INFO] [COMBAT] In attack block. Distance: 2.2507646083831787
[00:38:39.801] [INFO] [COMBAT] One-Shot Mode. Attack: false
[00:38:39.801] [DEBUG] [MOUSE] Injected delta: -113, 87
[00:38:39.860] [INFO] [COMBAT] In attack block. Distance: 2.119854211807251
[00:38:39.860] [INFO] [COMBAT] One-Shot Mode. Attack: false
[00:38:39.861] [DEBUG] [MOUSE] Injected delta: -49, 29
[00:38:39.911] [INFO] [COMBAT] In attack block. Distance: 1.9652655124664307
[00:38:39.911] [INFO] [COMBAT] One-Shot Mode. Attack: false
[00:38:39.960] [INFO] [COMBAT] In attack block. Distance: 1.8115500211715698
[00:38:39.960] [INFO] [COMBAT] One-Shot Mode. Attack: false
[00:38:39.961] [DEBUG] [MOUSE] Injected delta: -38, -13
[00:38:40.014] [DEBUG] [PERCEPTION] Found combat target: attackable
[00:38:40.015] [INFO] [COMBAT] In attack block. Distance: 1.6873749494552612
[00:38:40.015] [INFO] [COMBAT] One-Shot Mode. Attack: false
[00:38:40.015] [DEBUG] [MOUSE] Injected delta: -139, -68
[00:38:40.063] [INFO] [COMBAT] In attack block. Distance: 1.5653660297393799
[00:38:40.063] [INFO] [COMBAT] One-Shot Mode. Attack: false
[00:38:40.063] [DEBUG] [MOUSE] Injected delta: -52, -38
[00:38:40.114] [INFO] [COMBAT] In attack block. Distance: 1.63015878200531
[00:38:40.115] [INFO] [COMBAT] One-Shot Mode. Attack: false
[00:38:40.163] [INFO] [COMBAT] In attack block. Distance: 1.7972626686096191
[00:38:40.164] [INFO] [COMBAT] One-Shot Mode. Attack: false
[00:38:40.164] [DEBUG] [MOUSE] Injected delta: 4, 0
[00:38:40.211] [INFO] [COMBAT] In attack block. Distance: 2.0290608406066895
[00:38:40.212] [INFO] [COMBAT] One-Shot Mode. Attack: false
[00:38:40.212] [DEBUG] [MOUSE] Injected delta: -83, 10
[00:38:40.258] [INFO] [COMBAT] In attack block. Distance: 2.2706589698791504
[00:38:40.259] [INFO] [COMBAT] One-Shot Mode. Attack: false
[00:38:40.259] [DEBUG] [MOUSE] Injected delta: -33, 9
[00:38:40.304] [DEBUG] [PERCEPTION] Found combat target: attackable
[00:38:40.305] [INFO] [COMBAT] In attack block. Distance: 2.495664358139038
[00:38:40.305] [INFO] [COMBAT] One-Shot Mode. Attack: false
[00:38:40.352] [INFO] [COMBAT] In attack block. Distance: 2.6869890689849854
[00:38:40.353] [INFO] [COMBAT] One-Shot Mode. Attack: false
[00:38:40.353] [DEBUG] [MOUSE] Injected delta: -3, 2
[00:38:40.401] [INFO] [COMBAT] In attack block. Distance: 2.7996809482574463
[00:38:40.401] [INFO] [COMBAT] One-Shot Mode. Attack: false
[00:38:40.401] [DEBUG] [MOUSE] Injected delta: -2, 11
[00:38:40.452] [INFO] [COMBAT] In attack block. Distance: 2.864771842956543
[00:38:40.452] [INFO] [COMBAT] One-Shot Mode. Attack: false
[00:38:40.453] [DEBUG] [MOUSE] Injected delta: -4, 12
[00:38:40.506] [INFO] [COMBAT] In attack block. Distance: 2.8507027626037598
[00:38:40.506] [INFO] [COMBAT] One-Shot Mode. Attack: false
[00:38:40.506] [DEBUG] [MOUSE] Injected delta: 5, 5
[00:38:40.556] [INFO] [COMBAT] In attack block. Distance: 2.8171610832214355
[00:38:40.556] [INFO] [COMBAT] One-Shot Mode. Attack: false
[00:38:40.556] [DEBUG] [MOUSE] Injected delta: 1, 0
[00:38:40.615] [DEBUG] [PERCEPTION] Found combat target: attackable
[00:38:40.615] [INFO] [COMBAT] In attack block. Distance: 2.780752182006836
[00:38:40.615] [INFO] [COMBAT] One-Shot Mode. Attack: false
[00:38:40.658] [INFO] [COMBAT] In attack block. Distance: 2.7378149032592773
[00:38:40.658] [INFO] [COMBAT] One-Shot Mode. Attack: false
[00:38:40.659] [DEBUG] [MOUSE] Injected delta: 2, -6
[00:38:40.714] [INFO] [COMBAT] In attack block. Distance: 2.733687400817871
[00:38:40.715] [INFO] [COMBAT] One-Shot Mode. Attack: false
[00:38:40.715] [DEBUG] [MOUSE] Injected delta: 11, -30
[00:38:40.758] [INFO] [COMBAT] In attack block. Distance: 2.6771976947784424
[00:38:40.759] [INFO] [COMBAT] One-Shot Mode. Attack: false
[00:38:40.759] [DEBUG] [MOUSE] Injected delta: 16, -25
[00:38:40.812] [INFO] [COMBAT] In attack block. Distance: 2.7628657817840576
[00:38:40.812] [INFO] [COMBAT] One-Shot Mode. Attack: false
[00:38:40.813] [DEBUG] [MOUSE] Injected delta: 10, -7
[00:38:40.857] [INFO] [COMBAT] In attack block. Distance: 2.846344470977783
[00:38:40.857] [INFO] [COMBAT] One-Shot Mode. Attack: false
[00:38:40.857] [DEBUG] [MOUSE] Injected delta: 2, 0
[00:38:40.904] [DEBUG] [PERCEPTION] Found combat target: attackable
[00:38:40.905] [INFO] [COMBAT] In attack block. Distance: 2.926323175430298
[00:38:40.905] [INFO] [COMBAT] One-Shot Mode. Attack: false
[00:38:40.952] [INFO] [COMBAT] In attack block. Distance: 2.9731333255767822
[00:38:40.952] [INFO] [COMBAT] One-Shot Mode. Attack: false
[00:38:40.952] [DEBUG] [MOUSE] Injected delta: -2, 4
[00:38:41.002] [INFO] [COMBAT] In attack block. Distance: 2.9910755157470703
[00:38:41.002] [INFO] [COMBAT] One-Shot Mode. Attack: false
[00:38:41.002] [DEBUG] [MOUSE] Injected delta: -16, 20
[00:38:41.064] [DEBUG] [MOUSE] Injected delta: -28, 25
[00:38:41.113] [DEBUG] [MOUSE] Injected delta: -25, 14
[00:38:41.159] [DEBUG] [MOUSE] Injected delta: -7, 1
[00:38:41.206] [DEBUG] [PERCEPTION] Found combat target: attackable
[00:38:41.206] [INFO] [COMBAT] In attack block. Distance: 2.930492639541626
[00:38:41.207] [INFO] [COMBAT] One-Shot Mode. Attack: true
[00:38:41.207] [INFO] [CLICK] Attempting performClick()
[00:38:41.207] [INFO] [CLICK] Pressed attack key - IS_DOWN: true
[00:38:41.255] [DEBUG] [CLICK] Released attack key
[00:38:41.256] [INFO] [COMBAT] In attack block. Distance: 2.8396060466766357
[00:38:41.256] [INFO] [COMBAT] One-Shot Mode. Attack: false
[00:38:41.256] [DEBUG] [MOUSE] Injected delta: -4, -6
[00:38:41.312] [INFO] [COMBAT] In attack block. Distance: 2.825199842453003
[00:38:41.313] [INFO] [COMBAT] One-Shot Mode. Attack: false
[00:38:41.313] [DEBUG] [MOUSE] Injected delta: -17, -28
[00:38:41.356] [INFO] [COMBAT] In attack block. Distance: 2.767338991165161
[00:38:41.357] [INFO] [COMBAT] One-Shot Mode. Attack: false
[00:38:41.357] [DEBUG] [MOUSE] Injected delta: -27, -24
[00:38:41.401] [INFO] [COMBAT] In attack block. Distance: 2.8599023818969727
[00:38:41.401] [INFO] [COMBAT] One-Shot Mode. Attack: false
[00:38:41.402] [DEBUG] [MOUSE] Injected delta: -24, -7
[00:38:41.461] [INFO] [COMBAT] In attack block. Distance: 2.9543704986572266
[00:38:41.461] [INFO] [COMBAT] One-Shot Mode. Attack: false
[00:38:41.461] [DEBUG] [MOUSE] Injected delta: -6, -1
[00:38:41.506] [DEBUG] [PERCEPTION] Found combat target: attackable
[00:38:41.616] [DEBUG] [MOUSE] Injected delta: -11, 22
[00:38:41.659] [INFO] [COMBAT] In attack block. Distance: 2.9303219318389893
[00:38:41.660] [INFO] [COMBAT] One-Shot Mode. Attack: true
[00:38:41.660] [INFO] [CLICK] Attempting performClick()
[00:38:41.660] [INFO] [CLICK] Pressed attack key - IS_DOWN: true
[00:38:41.661] [DEBUG] [MOUSE] Injected delta: -17, 29
[00:38:41.699] [DEBUG] [CLICK] Released attack key
[00:38:41.699] [INFO] [COMBAT] In attack block. Distance: 2.8110461235046387
[00:38:41.699] [INFO] [COMBAT] One-Shot Mode. Attack: false
[00:38:41.699] [DEBUG] [MOUSE] Injected delta: -13, 17
[00:38:41.754] [INFO] [COMBAT] In attack block. Distance: 2.671078681945801
[00:38:41.754] [INFO] [COMBAT] One-Shot Mode. Attack: false
[00:38:41.755] [DEBUG] [MOUSE] Injected delta: -3, 3
[00:38:41.803] [DEBUG] [PERCEPTION] Found combat target: attackable
[00:38:41.803] [INFO] [COMBAT] In attack block. Distance: 2.514765977859497
[00:38:41.803] [INFO] [COMBAT] One-Shot Mode. Attack: false
[00:38:41.851] [INFO] [COMBAT] In attack block. Distance: 2.3827097415924072
[00:38:41.851] [INFO] [COMBAT] One-Shot Mode. Attack: false
[00:38:41.852] [DEBUG] [MOUSE] Injected delta: -6, -20
[00:38:41.904] [INFO] [COMBAT] In attack block. Distance: 2.36568021774292
[00:38:41.904] [INFO] [COMBAT] One-Shot Mode. Attack: false
[00:38:41.904] [DEBUG] [MOUSE] Injected delta: -19, -66
[00:38:41.965] [INFO] [COMBAT] In attack block. Distance: 2.4393904209136963
[00:38:41.965] [INFO] [COMBAT] One-Shot Mode. Attack: false
[00:38:41.966] [DEBUG] [MOUSE] Injected delta: -8, -12
[00:38:42.012] [INFO] [COMBAT] In attack block. Distance: 2.593991994857788
[00:38:42.012] [INFO] [COMBAT] One-Shot Mode. Attack: false
[00:38:42.058] [INFO] [COMBAT] In attack block. Distance: 2.739100217819214
[00:38:42.059] [INFO] [COMBAT] One-Shot Mode. Attack: false
[00:38:42.059] [DEBUG] [MOUSE] Injected delta: 0, 5
[00:38:42.107] [DEBUG] [PERCEPTION] Found combat target: attackable
[00:38:42.107] [INFO] [COMBAT] In attack block. Distance: 2.806417465209961
[00:38:42.108] [INFO] [COMBAT] One-Shot Mode. Attack: false
[00:38:42.108] [DEBUG] [MOUSE] Injected delta: -3, 29
[00:38:42.157] [INFO] [COMBAT] In attack block. Distance: 2.8748552799224854
[00:38:42.157] [INFO] [COMBAT] One-Shot Mode. Attack: false
[00:38:42.157] [DEBUG] [MOUSE] Injected delta: -4, 44
[00:38:42.205] [INFO] [COMBAT] In attack block. Distance: 2.9209377765655518
[00:38:42.205] [INFO] [COMBAT] One-Shot Mode. Attack: false
[00:38:42.205] [DEBUG] [MOUSE] Injected delta: -5, 33
[00:38:42.252] [INFO] [COMBAT] In attack block. Distance: 2.9272096157073975
[00:38:42.252] [INFO] [COMBAT] One-Shot Mode. Attack: false
[00:38:42.253] [DEBUG] [MOUSE] Injected delta: -1, 6
[00:38:42.302] [INFO] [COMBAT] In attack block. Distance: 2.8571741580963135
[00:38:42.303] [INFO] [COMBAT] One-Shot Mode. Attack: false
[00:38:42.366] [INFO] [COMBAT] In attack block. Distance: 2.728961229324341
[00:38:42.366] [INFO] [COMBAT] One-Shot Mode. Attack: false
[00:38:42.367] [DEBUG] [MOUSE] Injected delta: -1, -2
[00:38:42.413] [DEBUG] [PERCEPTION] Found combat target: attackable
[00:38:42.414] [INFO] [COMBAT] In attack block. Distance: 2.595168352127075
[00:38:42.414] [INFO] [COMBAT] One-Shot Mode. Attack: false
[00:38:42.414] [DEBUG] [MOUSE] Injected delta: -7, -20
[00:38:42.461] [INFO] [COMBAT] In attack block. Distance: 2.482988119125366
[00:38:42.461] [INFO] [COMBAT] One-Shot Mode. Attack: false
[00:38:42.461] [DEBUG] [MOUSE] Injected delta: -20, -44
[00:38:42.509] [INFO] [COMBAT] In attack block. Distance: 2.4291279315948486
[00:38:42.510] [INFO] [COMBAT] One-Shot Mode. Attack: false
[00:38:42.510] [DEBUG] [MOUSE] Injected delta: -21, -36
[00:38:42.567] [INFO] [COMBAT] In attack block. Distance: 2.482550621032715
[00:38:42.567] [INFO] [COMBAT] One-Shot Mode. Attack: false
[00:38:42.568] [DEBUG] [MOUSE] Injected delta: -6, -5
[00:38:42.607] [INFO] [COMBAT] In attack block. Distance: 2.624990701675415
[00:38:42.608] [INFO] [COMBAT] One-Shot Mode. Attack: false
[00:38:42.656] [INFO] [COMBAT] In attack block. Distance: 2.7625677585601807
[00:38:42.656] [INFO] [COMBAT] One-Shot Mode. Attack: false
[00:38:42.657] [DEBUG] [MOUSE] Injected delta: -13, 5
[00:38:42.701] [DEBUG] [PERCEPTION] Found combat target: attackable
[00:38:42.701] [INFO] [COMBAT] In attack block. Distance: 2.8356168270111084
[00:38:42.702] [INFO] [COMBAT] One-Shot Mode. Attack: false
[00:38:42.702] [DEBUG] [MOUSE] Injected delta: -65, 26
[00:38:42.766] [INFO] [COMBAT] In attack block. Distance: 2.935863494873047
[00:38:42.767] [INFO] [COMBAT] One-Shot Mode. Attack: false
[00:38:42.767] [DEBUG] [MOUSE] Injected delta: -106, 38
[00:38:42.809] [DEBUG] [MOUSE] Injected delta: -82, 28
[00:38:42.853] [DEBUG] [MOUSE] Injected delta: -21, 5
[00:38:42.986] [DEBUG] [MOUSE] Injected delta: -8, -3
[00:38:43.009] [DEBUG] [PERCEPTION] Found combat target: attackable
[00:38:43.009] [DEBUG] [MOUSE] Injected delta: -38, -20
[00:38:43.054] [DEBUG] [MOUSE] Injected delta: -65, -43
[00:38:43.115] [DEBUG] [MOUSE] Injected delta: -50, -33
[00:38:43.157] [DEBUG] [MOUSE] Injected delta: -11, -6
[00:38:43.250] [DEBUG] [MOUSE] Injected delta: -2, 5
[00:38:43.306] [DEBUG] [PERCEPTION] Found combat target: attackable
[00:38:43.306] [DEBUG] [MOUSE] Injected delta: -3, 20
[00:38:43.356] [DEBUG] [MOUSE] Injected delta: -2, 32
[00:38:43.407] [DEBUG] [MOUSE] Injected delta: 4, 22
[00:38:43.459] [DEBUG] [MOUSE] Injected delta: 2, 4
[00:38:43.552] [DEBUG] [MOUSE] Injected delta: 2, -2
[00:38:43.602] [DEBUG] [PERCEPTION] Found combat target: attackable
[00:38:43.603] [DEBUG] [MOUSE] Injected delta: 9, -15
[00:38:43.660] [DEBUG] [MOUSE] Injected delta: 13, -35
[00:38:43.709] [DEBUG] [MOUSE] Injected delta: 2, -29
[00:38:43.762] [DEBUG] [MOUSE] Injected delta: 1, -4
[00:38:43.852] [DEBUG] [MOUSE] Injected delta: -3, 4
[00:38:43.905] [DEBUG] [PERCEPTION] Found combat target: attackable
[00:38:43.906] [DEBUG] [MOUSE] Injected delta: -10, 21
[00:38:43.958] [DEBUG] [MOUSE] Injected delta: -16, 33
[00:38:44.015] [DEBUG] [MOUSE] Injected delta: -14, 25
[00:38:44.082] [DEBUG] [MOUSE] Injected delta: -3, 6
[00:38:44.156] [DEBUG] [MOUSE] Injected delta: -2, -3
[00:38:44.209] [DEBUG] [PERCEPTION] Found combat target: attackable
[00:38:44.210] [DEBUG] [MOUSE] Injected delta: -9, -19
[00:38:44.251] [DEBUG] [MOUSE] Injected delta: -13, -39
[00:38:44.305] [DEBUG] [MOUSE] Injected delta: -11, -30
[00:38:44.358] [INFO] [COMBAT] In attack block. Distance: 2.9834883213043213
[00:38:44.359] [INFO] [COMBAT] One-Shot Mode. Attack: true
[00:38:44.359] [INFO] [CLICK] Attempting performClick()
[00:38:44.359] [INFO] [CLICK] Pressed attack key - IS_DOWN: true
[00:38:44.359] [DEBUG] [MOUSE] Injected delta: -3, -4
[00:38:44.412] [DEBUG] [CLICK] Released attack key
[00:38:44.451] [DEBUG] [MOUSE] Injected delta: -1, 5
[00:38:44.501] [DEBUG] [PERCEPTION] Found combat target: attackable
[00:38:44.501] [DEBUG] [MOUSE] Injected delta: -5, 23
[00:38:44.563] [DEBUG] [MOUSE] Injected delta: -7, 35
[00:38:44.614] [DEBUG] [MOUSE] Injected delta: -6, 24
[00:38:44.652] [DEBUG] [MOUSE] Injected delta: -2, 4
[00:38:44.762] [DEBUG] [MOUSE] Injected delta: 0, -3
[00:38:44.814] [DEBUG] [PERCEPTION] Found combat target: attackable
[00:38:44.815] [DEBUG] [MOUSE] Injected delta: -3, -16
[00:38:44.852] [DEBUG] [MOUSE] Injected delta: -4, -36
[00:38:44.910] [DEBUG] [MOUSE] Injected delta: -3, -29
[00:38:44.952] [DEBUG] [MOUSE] Injected delta: -1, -4
[00:38:45.061] [DEBUG] [MOUSE] Injected delta: -1, 4
[00:38:45.111] [DEBUG] [PERCEPTION] Found combat target: attackable
[00:38:45.112] [DEBUG] [MOUSE] Injected delta: -7, 24
[00:38:45.160] [DEBUG] [MOUSE] Injected delta: -27, 38
[00:38:45.211] [DEBUG] [MOUSE] Injected delta: -22, 28
[00:38:45.262] [DEBUG] [MOUSE] Injected delta: -7, 6
[00:38:45.359] [DEBUG] [MOUSE] Injected delta: -9, -3
[00:38:45.410] [DEBUG] [PERCEPTION] Found combat target: attackable
[00:38:45.411] [DEBUG] [MOUSE] Injected delta: -45, -18
[00:38:45.461] [INFO] [COMBAT] In attack block. Distance: 2.924330472946167
[00:38:45.462] [INFO] [COMBAT] One-Shot Mode. Attack: true
[00:38:45.462] [INFO] [CLICK] Attempting performClick()
[00:38:45.462] [INFO] [CLICK] Pressed attack key - IS_DOWN: true
[00:38:45.463] [DEBUG] [MOUSE] Injected delta: -70, -40
[00:38:45.514] [DEBUG] [CLICK] Released attack key
[00:38:45.514] [INFO] [COMBAT] In attack block. Distance: 2.855053186416626
[00:38:45.514] [INFO] [COMBAT] One-Shot Mode. Attack: false
[00:38:45.515] [DEBUG] [MOUSE] Injected delta: -50, -31
[00:38:45.553] [INFO] [COMBAT] In attack block. Distance: 2.7514026165008545
[00:38:45.554] [INFO] [COMBAT] One-Shot Mode. Attack: false
[00:38:45.554] [DEBUG] [MOUSE] Injected delta: -13, -5
[00:38:45.606] [INFO] [COMBAT] In attack block. Distance: 2.7931747436523438
[00:38:45.607] [INFO] [COMBAT] One-Shot Mode. Attack: false
[00:38:45.660] [INFO] [COMBAT] In attack block. Distance: 2.848419666290283
[00:38:45.660] [INFO] [COMBAT] One-Shot Mode. Attack: false
[00:38:45.661] [DEBUG] [MOUSE] Injected delta: -5, 5
[00:38:45.714] [DEBUG] [PERCEPTION] Found combat target: attackable
[00:38:45.715] [INFO] [COMBAT] In attack block. Distance: 2.897568702697754
[00:38:45.715] [INFO] [COMBAT] One-Shot Mode. Attack: false
[00:38:45.715] [DEBUG] [MOUSE] Injected delta: -32, 26
[00:38:45.750] [INFO] [COMBAT] In attack block. Distance: 2.9257149696350098
[00:38:45.750] [INFO] [COMBAT] One-Shot Mode. Attack: false
[00:38:45.751] [DEBUG] [MOUSE] Injected delta: -52, 38
[00:38:45.803] [INFO] [COMBAT] In attack block. Distance: 2.9275364875793457
[00:38:45.803] [INFO] [COMBAT] One-Shot Mode. Attack: false
[00:38:45.803] [DEBUG] [MOUSE] Injected delta: -43, 27
[00:38:45.856] [INFO] [COMBAT] In attack block. Distance: 2.9021596908569336
[00:38:45.857] [INFO] [COMBAT] One-Shot Mode. Attack: false
[00:38:45.857] [DEBUG] [MOUSE] Injected delta: -11, 6
[00:38:45.912] [INFO] [COMBAT] In attack block. Distance: 2.8609414100646973
[00:38:45.912] [INFO] [COMBAT] One-Shot Mode. Attack: false
[00:38:45.951] [INFO] [COMBAT] In attack block. Distance: 2.8041744232177734
[00:38:45.952] [INFO] [COMBAT] One-Shot Mode. Attack: false
[00:38:45.952] [DEBUG] [MOUSE] Injected delta: -4, -3
[00:38:46.005] [DEBUG] [PERCEPTION] Found combat target: attackable
[00:38:46.006] [INFO] [COMBAT] In attack block. Distance: 2.7501866817474365
[00:38:46.006] [INFO] [COMBAT] One-Shot Mode. Attack: false
[00:38:46.006] [DEBUG] [MOUSE] Injected delta: -11, -20
[00:38:46.060] [INFO] [COMBAT] In attack block. Distance: 2.720442533493042
[00:38:46.060] [INFO] [COMBAT] One-Shot Mode. Attack: false
[00:38:46.060] [DEBUG] [MOUSE] Injected delta: -17, -43
[00:38:46.106] [INFO] [COMBAT] In attack block. Distance: 2.726248025894165
[00:38:46.106] [INFO] [COMBAT] One-Shot Mode. Attack: false
[00:38:46.106] [DEBUG] [MOUSE] Injected delta: -6, -34
[00:38:46.156] [INFO] [COMBAT] In attack block. Distance: 2.615832567214966
[00:38:46.156] [INFO] [COMBAT] One-Shot Mode. Attack: false
[00:38:46.157] [DEBUG] [MOUSE] Injected delta: -2, -5
[00:38:46.209] [INFO] [COMBAT] In attack block. Distance: 2.6520276069641113
[00:38:46.210] [INFO] [COMBAT] One-Shot Mode. Attack: false
[00:38:46.261] [INFO] [COMBAT] In attack block. Distance: 2.685818672180176
[00:38:46.261] [INFO] [COMBAT] One-Shot Mode. Attack: false
[00:38:46.262] [DEBUG] [MOUSE] Injected delta: 4, 5
[00:38:46.315] [DEBUG] [PERCEPTION] Found combat target: attackable
[00:38:46.315] [INFO] [COMBAT] In attack block. Distance: 2.6395227909088135
[00:38:46.316] [INFO] [COMBAT] One-Shot Mode. Attack: false
[00:38:46.316] [DEBUG] [MOUSE] Injected delta: 23, 29
[00:38:46.353] [INFO] [COMBAT] In attack block. Distance: 2.5675508975982666
[00:38:46.354] [INFO] [COMBAT] One-Shot Mode. Attack: false
[00:38:46.354] [DEBUG] [MOUSE] Injected delta: 42, 46
[00:38:46.407] [INFO] [COMBAT] In attack block. Distance: 2.502272129058838
[00:38:46.408] [INFO] [COMBAT] One-Shot Mode. Attack: false
[00:38:46.408] [DEBUG] [MOUSE] Injected delta: 29, 38
[00:38:46.461] [INFO] [COMBAT] In attack block. Distance: 2.3928682804107666
[00:38:46.461] [INFO] [COMBAT] One-Shot Mode. Attack: false
[00:38:46.461] [DEBUG] [MOUSE] Injected delta: 8, 8
[00:38:46.501] [INFO] [COMBAT] In attack block. Distance: 2.261615753173828
[00:38:46.501] [INFO] [COMBAT] One-Shot Mode. Attack: false
[00:38:46.556] [INFO] [COMBAT] In attack block. Distance: 2.123934507369995
[00:38:46.557] [INFO] [COMBAT] One-Shot Mode. Attack: false
[00:38:46.557] [DEBUG] [MOUSE] Injected delta: 6, -7
[00:38:46.612] [DEBUG] [PERCEPTION] Found combat target: attackable
[00:38:46.612] [INFO] [COMBAT] In attack block. Distance: 1.991041660308838
[00:38:46.612] [INFO] [COMBAT] One-Shot Mode. Attack: false
[00:38:46.613] [DEBUG] [MOUSE] Injected delta: 27, -44
[00:38:46.653] [INFO] [COMBAT] In attack block. Distance: 1.905848741531372
[00:38:46.653] [INFO] [COMBAT] One-Shot Mode. Attack: false
[00:38:46.654] [DEBUG] [MOUSE] Injected delta: 13, -29
[00:38:46.706] [INFO] [COMBAT] In attack block. Distance: 1.8913758993148804
[00:38:46.707] [INFO] [COMBAT] One-Shot Mode. Attack: false
[00:38:46.757] [INFO] [COMBAT] In attack block. Distance: 1.9352704286575317
[00:38:46.758] [INFO] [COMBAT] One-Shot Mode. Attack: false
[00:38:46.758] [DEBUG] [MOUSE] Injected delta: 7, -1
[00:38:46.811] [INFO] [COMBAT] In attack block. Distance: 2.077390670776367
[00:38:46.812] [INFO] [COMBAT] One-Shot Mode. Attack: false
[00:38:46.812] [DEBUG] [MOUSE] Injected delta: 9, 25
[00:38:46.852] [INFO] [COMBAT] In attack block. Distance: 2.2257509231567383
[00:38:46.852] [INFO] [COMBAT] One-Shot Mode. Attack: false
[00:38:46.853] [DEBUG] [MOUSE] Injected delta: 2, 15
[00:38:46.905] [DEBUG] [PERCEPTION] Found combat target: attackable
[00:38:46.906] [INFO] [COMBAT] In attack block. Distance: 2.364694118499756
[00:38:46.906] [INFO] [COMBAT] One-Shot Mode. Attack: false
[00:38:46.960] [INFO] [COMBAT] In attack block. Distance: 2.471989393234253
[00:38:46.960] [INFO] [COMBAT] One-Shot Mode. Attack: false
[00:38:46.961] [DEBUG] [MOUSE] Injected delta: -11, 10
[00:38:47.013] [INFO] [COMBAT] In attack block. Distance: 2.5506362915039062
[00:38:47.014] [INFO] [COMBAT] One-Shot Mode. Attack: false
[00:38:47.014] [DEBUG] [MOUSE] Injected delta: -45, 24
[00:38:47.053] [INFO] [COMBAT] In attack block. Distance: 2.5824360847473145
[00:38:47.053] [INFO] [COMBAT] One-Shot Mode. Attack: false
[00:38:47.053] [DEBUG] [MOUSE] Injected delta: -18, 6
[00:38:47.106] [INFO] [COMBAT] In attack block. Distance: 2.5783674716949463
[00:38:47.107] [INFO] [COMBAT] One-Shot Mode. Attack: false
[00:38:47.161] [INFO] [COMBAT] In attack block. Distance: 2.551598310470581
[00:38:47.161] [INFO] [COMBAT] One-Shot Mode. Attack: false
[00:38:47.162] [DEBUG] [MOUSE] Injected delta: -2, -3
[00:38:47.202] [DEBUG] [PERCEPTION] Found combat target: attackable
[00:38:47.202] [INFO] [COMBAT] In attack block. Distance: 2.5226011276245117
[00:38:47.202] [INFO] [COMBAT] One-Shot Mode. Attack: false
[00:38:47.202] [DEBUG] [MOUSE] Injected delta: -14, -25
[00:38:47.256] [INFO] [COMBAT] In attack block. Distance: 2.5188183784484863
[00:38:47.257] [INFO] [COMBAT] One-Shot Mode. Attack: false
[00:38:47.257] [DEBUG] [MOUSE] Injected delta: -23, -52
[00:38:47.310] [INFO] [COMBAT] In attack block. Distance: 2.552081346511841
[00:38:47.310] [INFO] [COMBAT] One-Shot Mode. Attack: false
[00:38:47.310] [DEBUG] [MOUSE] Injected delta: -19, -40
[00:38:47.360] [INFO] [COMBAT] In attack block. Distance: 2.5929346084594727
[00:38:47.360] [INFO] [COMBAT] One-Shot Mode. Attack: false
[00:38:47.360] [DEBUG] [MOUSE] Injected delta: -5, -6
[00:38:47.408] [INFO] [COMBAT] In attack block. Distance: 2.750720500946045
[00:38:47.409] [INFO] [COMBAT] One-Shot Mode. Attack: false
[00:38:47.459] [INFO] [COMBAT] In attack block. Distance: 2.8731136322021484
[00:38:47.460] [INFO] [COMBAT] One-Shot Mode. Attack: false
[00:38:47.460] [DEBUG] [MOUSE] Injected delta: -4, 4
[00:38:47.513] [DEBUG] [PERCEPTION] Found combat target: attackable
[00:38:47.514] [INFO] [COMBAT] In attack block. Distance: 2.9753527641296387
[00:38:47.514] [INFO] [COMBAT] One-Shot Mode. Attack: false
[00:38:47.514] [DEBUG] [MOUSE] Injected delta: -18, 22
[00:38:47.560] [DEBUG] [MOUSE] Injected delta: -25, 34
[00:38:47.612] [DEBUG] [MOUSE] Injected delta: -21, 25
[00:38:47.650] [INFO] [COMBAT] In attack block. Distance: 2.960545539855957
[00:38:47.650] [INFO] [COMBAT] One-Shot Mode. Attack: true
[00:38:47.650] [INFO] [CLICK] Attempting performClick()
[00:38:47.651] [INFO] [CLICK] Pressed attack key - IS_DOWN: true
[00:38:47.651] [DEBUG] [MOUSE] Injected delta: -5, 6
[00:38:47.704] [DEBUG] [CLICK] Released attack key
[00:38:47.705] [INFO] [COMBAT] In attack block. Distance: 2.7974066734313965
[00:38:47.705] [INFO] [COMBAT] One-Shot Mode. Attack: false
[00:38:47.758] [INFO] [COMBAT] In attack block. Distance: 2.6101126670837402
[00:38:47.759] [INFO] [COMBAT] One-Shot Mode. Attack: false
[00:38:47.759] [DEBUG] [MOUSE] Injected delta: -1, -2
[00:38:47.813] [DEBUG] [PERCEPTION] Found combat target: attackable
[00:38:47.814] [INFO] [COMBAT] In attack block. Distance: 2.4337685108184814
[00:38:47.814] [INFO] [COMBAT] One-Shot Mode. Attack: false
[00:38:47.814] [DEBUG] [MOUSE] Injected delta: -2, -14
[00:38:47.856] [INFO] [COMBAT] In attack block. Distance: 2.33620548248291
[00:38:47.856] [INFO] [COMBAT] One-Shot Mode. Attack: false
[00:38:47.856] [DEBUG] [MOUSE] Injected delta: -5, -39
[00:38:47.900] [INFO] [COMBAT] In attack block. Distance: 2.3680238723754883
[00:38:47.901] [INFO] [COMBAT] One-Shot Mode. Attack: false
[00:38:47.901] [DEBUG] [MOUSE] Injected delta: -6, -32
[00:38:47.962] [INFO] [COMBAT] In attack block. Distance: 2.4151594638824463
[00:38:47.963] [INFO] [COMBAT] One-Shot Mode. Attack: false
[00:38:47.963] [DEBUG] [MOUSE] Injected delta: -1, -4
[00:38:48.007] [INFO] [COMBAT] In attack block. Distance: 2.53485369682312
[00:38:48.008] [INFO] [COMBAT] One-Shot Mode. Attack: false
[00:38:48.058] [INFO] [COMBAT] In attack block. Distance: 2.58467435836792
[00:38:48.059] [INFO] [COMBAT] One-Shot Mode. Attack: false
[00:38:48.059] [DEBUG] [MOUSE] Injected delta: 0, 6
[00:38:48.108] [DEBUG] [PERCEPTION] Found combat target: attackable
[00:38:48.109] [INFO] [COMBAT] In attack block. Distance: 2.606398820877075
[00:38:48.109] [INFO] [COMBAT] One-Shot Mode. Attack: false
[00:38:48.109] [DEBUG] [MOUSE] Injected delta: 0, 32
[00:38:48.156] [INFO] [COMBAT] In attack block. Distance: 2.5875422954559326
[00:38:48.156] [INFO] [COMBAT] One-Shot Mode. Attack: false
[00:38:48.156] [DEBUG] [MOUSE] Injected delta: -12, 56
[00:38:48.204] [INFO] [COMBAT] In attack block. Distance: 2.4990644454956055
[00:38:48.205] [INFO] [COMBAT] One-Shot Mode. Attack: false
[00:38:48.205] [DEBUG] [MOUSE] Injected delta: -8, 41
[00:38:48.251] [INFO] [COMBAT] In attack block. Distance: 2.3793935775756836
[00:38:48.251] [INFO] [COMBAT] One-Shot Mode. Attack: false
[00:38:48.252] [DEBUG] [MOUSE] Injected delta: -2, 9
[00:38:48.310] [INFO] [COMBAT] In attack block. Distance: 2.2281153202056885
[00:38:48.311] [INFO] [COMBAT] One-Shot Mode. Attack: false
[00:38:48.358] [INFO] [COMBAT] In attack block. Distance: 2.0572216510772705
[00:38:48.358] [INFO] [COMBAT] One-Shot Mode. Attack: false
[00:38:48.358] [DEBUG] [MOUSE] Injected delta: -5, -6
[00:38:48.403] [DEBUG] [PERCEPTION] Found combat target: attackable
[00:38:48.404] [INFO] [COMBAT] In attack block. Distance: 1.8841334581375122
[00:38:48.404] [INFO] [COMBAT] One-Shot Mode. Attack: false
[00:38:48.404] [DEBUG] [MOUSE] Injected delta: -38, -48
[00:38:48.456] [INFO] [COMBAT] In attack block. Distance: 1.7532542943954468
[00:38:48.457] [INFO] [COMBAT] One-Shot Mode. Attack: false
[00:38:48.457] [DEBUG] [MOUSE] Injected delta: -19, -34
[00:38:48.501] [INFO] [COMBAT] In attack block. Distance: 1.6787651777267456
[00:38:48.501] [INFO] [COMBAT] One-Shot Mode. Attack: false
[00:38:48.556] [INFO] [COMBAT] In attack block. Distance: 1.677971363067627
[00:38:48.557] [INFO] [COMBAT] One-Shot Mode. Attack: false
[00:38:48.557] [DEBUG] [MOUSE] Injected delta: -27, -3
[00:38:48.600] [INFO] [COMBAT] In attack block. Distance: 1.7687050104141235
[00:38:48.600] [INFO] [COMBAT] One-Shot Mode. Attack: false
[00:38:48.601] [DEBUG] [MOUSE] Injected delta: -119, 25
[00:38:48.663] [INFO] [COMBAT] In attack block. Distance: 1.8864599466323853
[00:38:48.664] [INFO] [COMBAT] One-Shot Mode. Attack: false
[00:38:48.665] [DEBUG] [MOUSE] Injected delta: -51, 17
[00:38:48.713] [DEBUG] [PERCEPTION] Found combat target: attackable
[00:38:48.713] [INFO] [COMBAT] In attack block. Distance: 2.0011355876922607
[00:38:48.713] [INFO] [COMBAT] One-Shot Mode. Attack: false
[00:38:48.760] [INFO] [COMBAT] In attack block. Distance: 2.065587043762207
[00:38:48.760] [INFO] [COMBAT] One-Shot Mode. Attack: false
[00:38:48.760] [DEBUG] [MOUSE] Injected delta: -28, 13
[00:38:48.800] [INFO] [COMBAT] In attack block. Distance: 2.0914597511291504
[00:38:48.800] [INFO] [COMBAT] One-Shot Mode. Attack: false
[00:38:48.800] [DEBUG] [MOUSE] Injected delta: -89, 34
[00:38:48.865] [INFO] [COMBAT] In attack block. Distance: 2.0683159828186035
[00:38:48.865] [INFO] [COMBAT] One-Shot Mode. Attack: false
[00:38:48.866] [DEBUG] [MOUSE] Injected delta: -25, 14
[00:38:48.914] [INFO] [COMBAT] In attack block. Distance: 2.0137248039245605
[00:38:48.915] [INFO] [COMBAT] One-Shot Mode. Attack: false
[00:38:48.959] [INFO] [COMBAT] In attack block. Distance: 1.9596693515777588
[00:38:48.959] [INFO] [COMBAT] One-Shot Mode. Attack: false
[00:38:48.959] [DEBUG] [MOUSE] Injected delta: 1, -12
[00:38:49.005] [DEBUG] [PERCEPTION] Found combat target: attackable
[00:38:49.006] [INFO] [COMBAT] In attack block. Distance: 1.9208431243896484
[00:38:49.006] [INFO] [COMBAT] One-Shot Mode. Attack: false
[00:38:49.006] [DEBUG] [MOUSE] Injected delta: -6, -66
[00:38:49.055] [INFO] [COMBAT] In attack block. Distance: 1.933074712753296
[00:38:49.055] [INFO] [COMBAT] One-Shot Mode. Attack: false
[00:38:49.056] [DEBUG] [MOUSE] Injected delta: -9, -38
[00:38:49.105] [INFO] [COMBAT] In attack block. Distance: 2.0000593662261963
[00:38:49.105] [INFO] [COMBAT] One-Shot Mode. Attack: false
[00:38:49.150] [INFO] [COMBAT] In attack block. Distance: 2.1181671619415283
[00:38:49.150] [INFO] [COMBAT] One-Shot Mode. Attack: false
[00:38:49.151] [DEBUG] [MOUSE] Injected delta: -10, -3
[00:38:49.216] [INFO] [COMBAT] In attack block. Distance: 2.3385009765625
[00:38:49.216] [INFO] [COMBAT] One-Shot Mode. Attack: false
[00:38:49.216] [DEBUG] [MOUSE] Injected delta: -30, 15
[00:38:49.264] [INFO] [COMBAT] In attack block. Distance: 2.628202199935913
[00:38:49.264] [INFO] [COMBAT] One-Shot Mode. Attack: false
[00:38:49.264] [DEBUG] [MOUSE] Injected delta: -11, 11
[00:38:49.312] [DEBUG] [PERCEPTION] Found combat target: attackable
[00:38:49.312] [INFO] [COMBAT] In attack block. Distance: 2.8748514652252197
[00:38:49.312] [INFO] [COMBAT] One-Shot Mode. Attack: false
[00:38:49.362] [DEBUG] [MOUSE] Injected delta: 2, 1
[00:38:49.409] [DEBUG] [MOUSE] Injected delta: 6, 5
[00:38:49.456] [DEBUG] [MOUSE] Injected delta: 12, 8
[00:38:49.504] [DEBUG] [MOUSE] Injected delta: 6, 1
[00:38:49.601] [DEBUG] [PERCEPTION] Found combat target: attackable
[00:38:49.602] [INFO] [COMBAT] In attack block. Distance: 2.9564425945281982
[00:38:49.602] [INFO] [COMBAT] One-Shot Mode. Attack: true
[00:38:49.602] [INFO] [CLICK] Attempting performClick()
[00:38:49.602] [INFO] [CLICK] Pressed attack key - IS_DOWN: true
[00:38:49.650] [DEBUG] [CLICK] Released attack key
[00:38:49.650] [INFO] [COMBAT] In attack block. Distance: 2.8975231647491455
[00:38:49.651] [INFO] [COMBAT] One-Shot Mode. Attack: false
[00:38:49.652] [DEBUG] [MOUSE] Injected delta: -4, -6
[00:38:49.700] [INFO] [COMBAT] In attack block. Distance: 2.8797106742858887
[00:38:49.700] [INFO] [COMBAT] One-Shot Mode. Attack: false
[00:38:49.701] [DEBUG] [MOUSE] Injected delta: -38, -31
[00:38:49.766] [INFO] [COMBAT] In attack block. Distance: 2.8405938148498535
[00:38:49.766] [INFO] [COMBAT] One-Shot Mode. Attack: false
[00:38:49.766] [DEBUG] [MOUSE] Injected delta: -72, -22
[00:38:49.828] [INFO] [COMBAT] In attack block. Distance: 2.904996156692505
[00:38:49.828] [INFO] [COMBAT] One-Shot Mode. Attack: false
[00:38:49.829] [DEBUG] [MOUSE] Injected delta: -75, -6
[00:38:49.852] [INFO] [COMBAT] In attack block. Distance: 2.993335247039795
[00:38:49.853] [INFO] [COMBAT] One-Shot Mode. Attack: false
[00:38:49.853] [DEBUG] [MOUSE] Injected delta: -21, 0
[00:38:49.917] [DEBUG] [PERCEPTION] Found combat target: attackable
[00:38:49.964] [DEBUG] [MOUSE] Injected delta: -13, 5
[00:38:50.014] [DEBUG] [MOUSE] Injected delta: -67, 25
[00:38:50.066] [DEBUG] [MOUSE] Injected delta: -121, 29
[00:38:50.115] [DEBUG] [MOUSE] Injected delta: -94, 15
[00:38:50.160] [DEBUG] [MOUSE] Injected delta: -22, 2
[00:38:50.207] [DEBUG] [PERCEPTION] Found combat target: attackable
[00:38:50.207] [INFO] [COMBAT] In attack block. Distance: 2.982818365097046
[00:38:50.208] [INFO] [COMBAT] One-Shot Mode. Attack: true
[00:38:50.208] [INFO] [CLICK] Attempting performClick()
[00:38:50.208] [INFO] [CLICK] Pressed attack key - IS_DOWN: true
[00:38:50.256] [DEBUG] [CLICK] Released attack key
[00:38:50.257] [INFO] [COMBAT] In attack block. Distance: 2.962634801864624
[00:38:50.257] [INFO] [COMBAT] One-Shot Mode. Attack: false
[00:38:50.257] [DEBUG] [MOUSE] Injected delta: -7, -6
[00:38:50.306] [DEBUG] [MOUSE] Injected delta: -29, -32
[00:38:50.356] [DEBUG] [MOUSE] Injected delta: -51, -27
[00:38:50.400] [DEBUG] [MOUSE] Injected delta: -41, -12
[00:38:50.469] [DEBUG] [MOUSE] Injected delta: -9, -1
[00:38:50.502] [DEBUG] [PERCEPTION] Found combat target: attackable
[00:38:50.568] [DEBUG] [MOUSE] Injected delta: 0, 4
[00:38:50.616] [DEBUG] [MOUSE] Injected delta: 3, 17
[00:38:50.668] [DEBUG] [MOUSE] Injected delta: 4, 22
[00:38:50.709] [DEBUG] [MOUSE] Injected delta: 8, 15
[00:38:50.759] [DEBUG] [MOUSE] Injected delta: 2, 2
[00:38:50.807] [DEBUG] [PERCEPTION] Found combat target: attackable
[00:38:50.856] [DEBUG] [MOUSE] Injected delta: 0, -5
[00:38:50.910] [INFO] [COMBAT] In attack block. Distance: 2.8202242851257324
[00:38:50.910] [INFO] [COMBAT] One-Shot Mode. Attack: true
[00:38:50.910] [INFO] [CLICK] Attempting performClick()
[00:38:50.910] [INFO] [CLICK] Pressed attack key - IS_DOWN: true
[00:38:50.911] [DEBUG] [MOUSE] Injected delta: 0, -26
[00:38:50.958] [DEBUG] [CLICK] Released attack key
[00:38:50.959] [INFO] [COMBAT] In attack block. Distance: 2.5879251956939697
[00:38:50.959] [INFO] [COMBAT] One-Shot Mode. Attack: false
[00:38:50.959] [DEBUG] [MOUSE] Injected delta: 3, -15
[00:38:51.002] [INFO] [COMBAT] In attack block. Distance: 2.493980884552002
[00:38:51.002] [INFO] [COMBAT] One-Shot Mode. Attack: false
[00:38:51.003] [DEBUG] [MOUSE] Injected delta: 19, 4
[00:38:51.066] [INFO] [COMBAT] In attack block. Distance: 2.437067747116089
[00:38:51.066] [INFO] [COMBAT] One-Shot Mode. Attack: false
[00:38:51.067] [DEBUG] [MOUSE] Injected delta: 7, 3
[00:38:51.115] [DEBUG] [PERCEPTION] Found combat target: attackable
[00:38:51.115] [INFO] [COMBAT] In attack block. Distance: 2.403958797454834
[00:38:51.115] [INFO] [COMBAT] One-Shot Mode. Attack: false
[00:38:51.167] [INFO] [COMBAT] In attack block. Distance: 2.3702993392944336
[00:38:51.167] [INFO] [COMBAT] One-Shot Mode. Attack: false
[00:38:51.168] [DEBUG] [MOUSE] Injected delta: 58, 25
[00:38:51.215] [INFO] [COMBAT] In attack block. Distance: 2.328188180923462
[00:38:51.215] [INFO] [COMBAT] One-Shot Mode. Attack: false
[00:38:51.215] [DEBUG] [MOUSE] Injected delta: 182, 65
[00:38:51.271] [INFO] [COMBAT] In attack block. Distance: 2.2665934562683105
[00:38:51.272] [INFO] [COMBAT] One-Shot Mode. Attack: false
[00:38:51.272] [DEBUG] [MOUSE] Injected delta: 71, 22
[00:38:51.304] [INFO] [COMBAT] In attack block. Distance: 2.199226140975952
[00:38:51.304] [INFO] [COMBAT] One-Shot Mode. Attack: false
[00:38:51.364] [INFO] [COMBAT] In attack block. Distance: 2.1352903842926025
[00:38:51.364] [INFO] [COMBAT] One-Shot Mode. Attack: false
[00:38:51.364] [DEBUG] [MOUSE] Injected delta: 19, -13
[00:38:51.409] [DEBUG] [PERCEPTION] Found combat target: attackable
[00:38:51.409] [INFO] [COMBAT] In attack block. Distance: 2.1039884090423584
[00:38:51.410] [INFO] [COMBAT] One-Shot Mode. Attack: false
[00:38:51.411] [DEBUG] [MOUSE] Injected delta: 68, -61
[00:38:51.456] [INFO] [COMBAT] In attack block. Distance: 2.1368401050567627
[00:38:51.457] [INFO] [COMBAT] One-Shot Mode. Attack: false
[00:38:51.457] [DEBUG] [MOUSE] Injected delta: 30, -32
[00:38:51.509] [INFO] [COMBAT] In attack block. Distance: 2.190971851348877
[00:38:51.509] [INFO] [COMBAT] One-Shot Mode. Attack: false
[00:38:51.556] [INFO] [COMBAT] In attack block. Distance: 2.2988998889923096
[00:38:51.557] [INFO] [COMBAT] One-Shot Mode. Attack: false
[00:38:51.557] [DEBUG] [MOUSE] Injected delta: 12, -2
[00:38:51.600] [INFO] [COMBAT] In attack block. Distance: 2.4988834857940674
[00:38:51.601] [INFO] [COMBAT] One-Shot Mode. Attack: false
[00:38:51.601] [DEBUG] [MOUSE] Injected delta: 31, 21
[00:38:51.666] [INFO] [COMBAT] In attack block. Distance: 2.7613439559936523
[00:38:51.667] [INFO] [COMBAT] One-Shot Mode. Attack: false
[00:38:51.667] [DEBUG] [MOUSE] Injected delta: 15, 13
[00:38:51.715] [DEBUG] [PERCEPTION] Found combat target: attackable
[00:38:51.716] [INFO] [COMBAT] In attack block. Distance: 2.9916446208953857
[00:38:51.716] [INFO] [COMBAT] One-Shot Mode. Attack: false
[00:38:51.765] [DEBUG] [MOUSE] Injected delta: 4, 1
[00:38:51.812] [DEBUG] [MOUSE] Injected delta: 18, 6
[00:38:51.921] [DEBUG] [MOUSE] Injected delta: 20, 0
[00:38:51.975] [DEBUG] [MOUSE] Injected delta: 5, -1
[00:38:52.005] [DEBUG] [PERCEPTION] Found combat target: attackable
[00:38:52.052] [DEBUG] [MOUSE] Injected delta: 2, -5
[00:38:52.107] [DEBUG] [MOUSE] Injected delta: 11, -24
[00:38:52.153] [INFO] [COMBAT] In attack block. Distance: 2.9794328212738037
[00:38:52.153] [INFO] [COMBAT] One-Shot Mode. Attack: true
[00:38:52.153] [INFO] [CLICK] Attempting performClick()
[00:38:52.154] [INFO] [CLICK] Pressed attack key - IS_DOWN: true
[00:38:52.154] [DEBUG] [MOUSE] Injected delta: 18, -18
[00:38:52.204] [DEBUG] [CLICK] Released attack key
[00:38:52.205] [DEBUG] [MOUSE] Injected delta: 12, -1
[00:38:52.250] [DEBUG] [MOUSE] Injected delta: 2, 1
[00:38:52.305] [DEBUG] [PERCEPTION] Found combat target: attackable
[00:38:52.366] [DEBUG] [MOUSE] Injected delta: 2, 5
[00:38:52.415] [DEBUG] [MOUSE] Injected delta: 9, 19
[00:38:52.463] [INFO] [COMBAT] In attack block. Distance: 2.9868276119232178
[00:38:52.463] [INFO] [COMBAT] One-Shot Mode. Attack: true
[00:38:52.463] [INFO] [CLICK] Attempting performClick()
[00:38:52.463] [INFO] [CLICK] Pressed attack key - IS_DOWN: true
[00:38:52.464] [DEBUG] [MOUSE] Injected delta: 13, 27
[00:38:52.512] [DEBUG] [CLICK] Released attack key
[00:38:52.513] [INFO] [COMBAT] In attack block. Distance: 2.7723569869995117
[00:38:52.513] [INFO] [COMBAT] One-Shot Mode. Attack: false
[00:38:52.513] [DEBUG] [MOUSE] Injected delta: 11, 16
[00:38:52.561] [INFO] [COMBAT] In attack block. Distance: 2.6466281414031982
[00:38:52.562] [INFO] [COMBAT] One-Shot Mode. Attack: false
[00:38:52.562] [DEBUG] [MOUSE] Injected delta: 1, 4
[00:38:52.609] [DEBUG] [PERCEPTION] Found combat target: attackable
[00:38:52.609] [INFO] [COMBAT] In attack block. Distance: 2.5168721675872803
[00:38:52.609] [INFO] [COMBAT] One-Shot Mode. Attack: false
[00:38:52.666] [INFO] [COMBAT] In attack block. Distance: 2.3090996742248535
[00:38:52.666] [INFO] [COMBAT] One-Shot Mode. Attack: false
[00:38:52.667] [DEBUG] [MOUSE] Injected delta: -9, -21
[00:38:52.716] [INFO] [COMBAT] In attack block. Distance: 2.1627936363220215
[00:38:52.716] [INFO] [COMBAT] One-Shot Mode. Attack: false
[00:38:52.716] [DEBUG] [MOUSE] Injected delta: -33, -65
[00:38:52.759] [INFO] [COMBAT] In attack block. Distance: 2.035181760787964
[00:38:52.760] [INFO] [COMBAT] One-Shot Mode. Attack: false
[00:38:52.760] [DEBUG] [MOUSE] Injected delta: -28, -9
[00:38:52.812] [INFO] [COMBAT] In attack block. Distance: 2.0421221256256104
[00:38:52.813] [INFO] [COMBAT] One-Shot Mode. Attack: false
[00:38:52.859] [INFO] [COMBAT] In attack block. Distance: 2.0535151958465576
[00:38:52.859] [INFO] [COMBAT] One-Shot Mode. Attack: false
[00:38:52.859] [DEBUG] [MOUSE] Injected delta: -40, 34
[00:38:52.911] [DEBUG] [PERCEPTION] Found combat target: attackable
[00:38:52.911] [INFO] [COMBAT] In attack block. Distance: 2.07191801071167
[00:38:52.911] [INFO] [COMBAT] One-Shot Mode. Attack: false
[00:38:52.912] [DEBUG] [MOUSE] Injected delta: -133, 106
[00:38:52.963] [INFO] [COMBAT] In attack block. Distance: 2.064556121826172
[00:38:52.963] [INFO] [COMBAT] One-Shot Mode. Attack: false
[00:38:52.963] [DEBUG] [MOUSE] Injected delta: -66, 42
[00:38:53.012] [INFO] [COMBAT] In attack block. Distance: 2.036809206008911
[00:38:53.013] [INFO] [COMBAT] One-Shot Mode. Attack: false
[00:38:53.069] [INFO] [COMBAT] In attack block. Distance: 1.9763778448104858
[00:38:53.070] [INFO] [COMBAT] One-Shot Mode. Attack: false
[00:38:53.070] [DEBUG] [MOUSE] Injected delta: -35, 0
[00:38:53.103] [INFO] [COMBAT] In attack block. Distance: 1.8946819305419922
[00:38:53.103] [INFO] [COMBAT] One-Shot Mode. Attack: false
[00:38:53.103] [DEBUG] [MOUSE] Injected delta: -113, -16
[00:38:53.151] [INFO] [COMBAT] In attack block. Distance: 1.8078837394714355
[00:38:53.151] [INFO] [COMBAT] One-Shot Mode. Attack: false
[00:38:53.151] [DEBUG] [MOUSE] Injected delta: -43, -12
[00:38:53.215] [DEBUG] [PERCEPTION] Found combat target: attackable
[00:38:53.215] [INFO] [COMBAT] In attack block. Distance: 1.6979238986968994
[00:38:53.215] [INFO] [COMBAT] One-Shot Mode. Attack: false
[00:38:53.264] [INFO] [COMBAT] In attack block. Distance: 1.6551904678344727
[00:38:53.265] [INFO] [COMBAT] One-Shot Mode. Attack: false
[00:38:53.265] [DEBUG] [MOUSE] Injected delta: -10, -32
[00:38:53.316] [INFO] [COMBAT] In attack block. Distance: 1.6868594884872437
[00:38:53.316] [INFO] [COMBAT] One-Shot Mode. Attack: false
[00:38:53.316] [DEBUG] [MOUSE] Injected delta: -2, -98
[00:38:53.365] [INFO] [COMBAT] In attack block. Distance: 1.801840901374817
[00:38:53.366] [INFO] [COMBAT] One-Shot Mode. Attack: false
[00:38:53.366] [DEBUG] [MOUSE] Injected delta: -11, -20
[00:38:53.410] [INFO] [COMBAT] In attack block. Distance: 1.9803425073623657
[00:38:53.410] [INFO] [COMBAT] One-Shot Mode. Attack: false
[00:38:53.458] [INFO] [COMBAT] In attack block. Distance: 2.163898229598999
[00:38:53.459] [INFO] [COMBAT] One-Shot Mode. Attack: false
[00:38:53.459] [DEBUG] [MOUSE] Injected delta: -18, 26
[00:38:53.510] [DEBUG] [PERCEPTION] Found combat target: attackable
[00:38:53.511] [INFO] [COMBAT] In attack block. Distance: 2.3240742683410645
[00:38:53.511] [INFO] [COMBAT] One-Shot Mode. Attack: false
[00:38:53.511] [DEBUG] [MOUSE] Injected delta: -55, 81
[00:38:53.558] [INFO] [COMBAT] In attack block. Distance: 2.4481852054595947
[00:38:53.559] [INFO] [COMBAT] One-Shot Mode. Attack: false
[00:38:53.559] [DEBUG] [MOUSE] Injected delta: -22, 30
[00:38:53.609] [INFO] [COMBAT] In attack block. Distance: 2.581063985824585
[00:38:53.609] [INFO] [COMBAT] One-Shot Mode. Attack: false
[00:38:53.658] [INFO] [COMBAT] In attack block. Distance: 2.6638054847717285
[00:38:53.658] [INFO] [COMBAT] One-Shot Mode. Attack: false
[00:38:53.659] [DEBUG] [MOUSE] Injected delta: 1, -1
[00:38:53.704] [INFO] [COMBAT] In attack block. Distance: 2.7280759811401367
[00:38:53.705] [INFO] [COMBAT] One-Shot Mode. Attack: false
[00:38:53.705] [DEBUG] [MOUSE] Injected delta: 6, -13
[00:38:53.754] [INFO] [COMBAT] In attack block. Distance: 2.7681379318237305
[00:38:53.754] [INFO] [COMBAT] One-Shot Mode. Attack: false
[00:38:53.754] [DEBUG] [MOUSE] Injected delta: 9, -28
[00:38:53.800] [DEBUG] [PERCEPTION] Found combat target: attackable
[00:38:53.801] [INFO] [COMBAT] In attack block. Distance: 2.811793327331543
[00:38:53.801] [INFO] [COMBAT] One-Shot Mode. Attack: false
[00:38:53.801] [DEBUG] [MOUSE] Injected delta: 11, -29
[00:38:53.853] [INFO] [COMBAT] In attack block. Distance: 2.873995065689087
[00:38:53.853] [INFO] [COMBAT] One-Shot Mode. Attack: false
[00:38:53.854] [DEBUG] [MOUSE] Injected delta: 2, -9
[00:38:53.912] [INFO] [COMBAT] In attack block. Distance: 2.838674545288086
[00:38:53.913] [INFO] [COMBAT] One-Shot Mode. Attack: false
[00:38:53.955] [INFO] [COMBAT] In attack block. Distance: 2.7487783432006836
[00:38:53.956] [INFO] [COMBAT] One-Shot Mode. Attack: false
[00:38:53.956] [DEBUG] [MOUSE] Injected delta: 2, -2
[00:38:54.004] [INFO] [COMBAT] In attack block. Distance: 2.786283493041992
[00:38:54.005] [INFO] [COMBAT] One-Shot Mode. Attack: false
[00:38:54.005] [DEBUG] [MOUSE] Injected delta: 3, 4
[00:38:54.056] [INFO] [COMBAT] In attack block. Distance: 2.823733329772949
[00:38:54.056] [INFO] [COMBAT] One-Shot Mode. Attack: false
[00:38:54.056] [DEBUG] [MOUSE] Injected delta: 5, 16
[00:38:54.104] [DEBUG] [PERCEPTION] Found combat target: attackable
[00:38:54.105] [INFO] [COMBAT] In attack block. Distance: 2.879948854446411
[00:38:54.105] [INFO] [COMBAT] One-Shot Mode. Attack: false
[00:38:54.105] [DEBUG] [MOUSE] Injected delta: -6, 14
[00:38:54.157] [INFO] [COMBAT] In attack block. Distance: 2.903223991394043
[00:38:54.158] [INFO] [COMBAT] One-Shot Mode. Attack: false
[00:38:54.158] [DEBUG] [MOUSE] Injected delta: -2, 4
[00:38:54.207] [INFO] [COMBAT] In attack block. Distance: 2.9115395545959473
[00:38:54.207] [INFO] [COMBAT] One-Shot Mode. Attack: false
[00:38:54.259] [INFO] [COMBAT] In attack block. Distance: 2.939736843109131
[00:38:54.259] [INFO] [COMBAT] One-Shot Mode. Attack: false
[00:38:54.260] [DEBUG] [MOUSE] Injected delta: -4, 0
[00:38:54.314] [INFO] [COMBAT] In attack block. Distance: 2.9428954124450684
[00:38:54.314] [INFO] [COMBAT] One-Shot Mode. Attack: false
[00:38:54.314] [DEBUG] [MOUSE] Injected delta: -23, -2
[00:38:54.358] [INFO] [COMBAT] In attack block. Distance: 2.9334959983825684
[00:38:54.359] [INFO] [COMBAT] One-Shot Mode. Attack: false
[00:38:54.359] [DEBUG] [MOUSE] Injected delta: -41, -16
[00:38:54.411] [DEBUG] [PERCEPTION] Found combat target: attackable
[00:38:54.411] [INFO] [COMBAT] In attack block. Distance: 2.8174469470977783
[00:38:54.411] [INFO] [COMBAT] One-Shot Mode. Attack: false
[00:38:54.411] [DEBUG] [MOUSE] Injected delta: -32, -19
[00:38:54.451] [INFO] [COMBAT] In attack block. Distance: 2.7246456146240234
[00:38:54.451] [INFO] [COMBAT] One-Shot Mode. Attack: false
[00:38:54.451] [DEBUG] [MOUSE] Injected delta: -7, -6
[00:38:54.505] [INFO] [COMBAT] In attack block. Distance: 2.7085065841674805
[00:38:54.505] [INFO] [COMBAT] One-Shot Mode. Attack: false
[00:38:54.568] [INFO] [COMBAT] In attack block. Distance: 2.6163172721862793
[00:38:54.569] [INFO] [COMBAT] One-Shot Mode. Attack: false
[00:38:54.569] [DEBUG] [MOUSE] Injected delta: -3, -4
[00:38:54.617] [INFO] [COMBAT] In attack block. Distance: 2.5928280353546143
[00:38:54.617] [INFO] [COMBAT] One-Shot Mode. Attack: false
[00:38:54.618] [DEBUG] [MOUSE] Injected delta: -15, -7
[00:38:54.664] [INFO] [COMBAT] In attack block. Distance: 2.7606732845306396
[00:38:54.664] [INFO] [COMBAT] One-Shot Mode. Attack: false
[00:38:54.665] [DEBUG] [MOUSE] Injected delta: -25, 2
[00:38:54.755] [DEBUG] [PERCEPTION] Found combat target: attackable
[00:38:54.755] [INFO] [COMBAT] In attack block. Distance: 2.87589955329895
[00:38:54.755] [INFO] [COMBAT] One-Shot Mode. Attack: false
[00:38:54.757] [INFO] [COMBAT] In attack block. Distance: 2.970557928085327
[00:38:54.757] [INFO] [COMBAT] One-Shot Mode. Attack: false
[00:38:54.757] [DEBUG] [MOUSE] Injected delta: -6, 1
[00:38:54.804] [INFO] [COMBAT] In attack block. Distance: 2.941532850265503
[00:38:54.804] [INFO] [COMBAT] One-Shot Mode. Attack: false
[00:38:54.854] [INFO] [COMBAT] In attack block. Distance: 2.8769466876983643
[00:38:54.855] [INFO] [COMBAT] One-Shot Mode. Attack: false
[00:38:54.855] [DEBUG] [MOUSE] Injected delta: -3, 4
[00:38:54.913] [INFO] [COMBAT] In attack block. Distance: 2.7804441452026367
[00:38:54.913] [INFO] [COMBAT] One-Shot Mode. Attack: false
[00:38:54.914] [DEBUG] [MOUSE] Injected delta: -14, 18
[00:38:54.956] [INFO] [COMBAT] In attack block. Distance: 2.650953769683838
[00:38:54.956] [INFO] [COMBAT] One-Shot Mode. Attack: false
[00:38:54.957] [DEBUG] [MOUSE] Injected delta: -22, 21
[00:38:55.037] [DEBUG] [PERCEPTION] Found combat target: attackable
[00:38:55.038] [INFO] [COMBAT] In attack block. Distance: 2.5165867805480957
[00:38:55.038] [INFO] [COMBAT] One-Shot Mode. Attack: false
[00:38:55.038] [DEBUG] [MOUSE] Injected delta: -19, 9
[00:38:55.049] [INFO] [COMBAT] In attack block. Distance: 2.379188060760498
[00:38:55.049] [INFO] [COMBAT] One-Shot Mode. Attack: false
[00:38:55.049] [DEBUG] [MOUSE] Injected delta: -5, -1
[00:38:55.114] [INFO] [COMBAT] In attack block. Distance: 2.2902543544769287
[00:38:55.115] [INFO] [COMBAT] One-Shot Mode. Attack: false
[00:38:55.154] [INFO] [COMBAT] In attack block. Distance: 2.2628893852233887
[00:38:55.154] [INFO] [COMBAT] One-Shot Mode. Attack: false
[00:38:55.155] [DEBUG] [MOUSE] Injected delta: -7, -25
[00:38:55.209] [INFO] [COMBAT] In attack block. Distance: 2.35361909866333
[00:38:55.210] [INFO] [COMBAT] One-Shot Mode. Attack: false
[00:38:55.210] [DEBUG] [MOUSE] Injected delta: -25, -69
[00:38:55.256] [INFO] [COMBAT] In attack block. Distance: 2.5261900424957275
[00:38:55.257] [INFO] [COMBAT] One-Shot Mode. Attack: false
[00:38:55.257] [DEBUG] [MOUSE] Injected delta: -9, -25
[00:38:55.305] [DEBUG] [PERCEPTION] Found combat target: attackable
[00:38:55.306] [INFO] [COMBAT] In attack block. Distance: 2.6168980598449707
[00:38:55.306] [INFO] [COMBAT] One-Shot Mode. Attack: false
[00:38:55.353] [INFO] [COMBAT] In attack block. Distance: 2.6574387550354004
[00:38:55.354] [INFO] [COMBAT] One-Shot Mode. Attack: false
[00:38:55.405] [INFO] [COMBAT] In attack block. Distance: 2.724346876144409
[00:38:55.406] [INFO] [COMBAT] One-Shot Mode. Attack: false
[00:38:55.406] [DEBUG] [MOUSE] Injected delta: 3, -1
[00:38:55.464] [INFO] [COMBAT] In attack block. Distance: 2.7867484092712402
[00:38:55.464] [INFO] [COMBAT] One-Shot Mode. Attack: false
[00:38:55.464] [DEBUG] [MOUSE] Injected delta: 9, 0
[00:38:55.508] [INFO] [COMBAT] In attack block. Distance: 2.8625848293304443
[00:38:55.509] [INFO] [COMBAT] One-Shot Mode. Attack: false
[00:38:55.509] [DEBUG] [MOUSE] Injected delta: 12, 0
[00:38:55.562] [INFO] [COMBAT] In attack block. Distance: 2.850041627883911
[00:38:55.562] [INFO] [COMBAT] One-Shot Mode. Attack: false
[00:38:55.562] [DEBUG] [MOUSE] Injected delta: 4, 0
[00:38:55.600] [DEBUG] [PERCEPTION] Found combat target: attackable
[00:38:55.601] [INFO] [COMBAT] In attack block. Distance: 2.8585641384124756
[00:38:55.601] [INFO] [COMBAT] One-Shot Mode. Attack: false
[00:38:55.652] [INFO] [COMBAT] In attack block. Distance: 2.880683183670044
[00:38:55.653] [INFO] [COMBAT] One-Shot Mode. Attack: false
[00:38:55.653] [DEBUG] [MOUSE] Injected delta: 31, -6
[00:38:55.702] [INFO] [COMBAT] In attack block. Distance: 2.8569791316986084
[00:38:55.703] [INFO] [COMBAT] One-Shot Mode. Attack: false
[00:38:55.703] [DEBUG] [MOUSE] Injected delta: 143, -28
[00:38:55.757] [INFO] [COMBAT] In attack block. Distance: 2.798832893371582
[00:38:55.758] [INFO] [COMBAT] One-Shot Mode. Attack: false
[00:38:55.758] [DEBUG] [MOUSE] Injected delta: 205, -38
[00:38:55.802] [INFO] [COMBAT] In attack block. Distance: 2.6665894985198975
[00:38:55.803] [INFO] [COMBAT] One-Shot Mode. Attack: false
[00:38:55.803] [DEBUG] [MOUSE] Injected delta: 139, -27
[00:38:55.850] [INFO] [COMBAT] In attack block. Distance: 2.484320878982544
[00:38:55.851] [INFO] [COMBAT] One-Shot Mode. Attack: false
[00:38:55.851] [DEBUG] [MOUSE] Injected delta: 31, -6
[00:38:55.913] [DEBUG] [PERCEPTION] Found combat target: attackable
[00:38:55.914] [INFO] [COMBAT] In attack block. Distance: 2.355515480041504
[00:38:55.914] [INFO] [COMBAT] One-Shot Mode. Attack: false
[00:38:55.962] [INFO] [COMBAT] In attack block. Distance: 2.2718095779418945
[00:38:55.962] [INFO] [COMBAT] One-Shot Mode. Attack: false
[00:38:55.962] [DEBUG] [MOUSE] Injected delta: -23, 0
[00:38:56.012] [INFO] [COMBAT] In attack block. Distance: 2.2106075286865234
[00:38:56.013] [INFO] [COMBAT] One-Shot Mode. Attack: false
[00:38:56.013] [DEBUG] [MOUSE] Injected delta: -92, 2
[00:38:56.060] [INFO] [COMBAT] In attack block. Distance: 2.167515277862549
[00:38:56.061] [INFO] [COMBAT] One-Shot Mode. Attack: false
[00:38:56.061] [DEBUG] [MOUSE] Injected delta: -41, 1
[00:38:56.106] [INFO] [COMBAT] In attack block. Distance: 2.160323143005371
[00:38:56.106] [INFO] [COMBAT] One-Shot Mode. Attack: false
[00:38:56.154] [INFO] [COMBAT] In attack block. Distance: 2.186720132827759
[00:38:56.155] [INFO] [COMBAT] One-Shot Mode. Attack: false
[00:38:56.155] [DEBUG] [MOUSE] Injected delta: -34, 0
[00:38:56.202] [DEBUG] [PERCEPTION] Found combat target: attackable
[00:38:56.203] [INFO] [COMBAT] In attack block. Distance: 2.210360050201416
[00:38:56.203] [INFO] [COMBAT] One-Shot Mode. Attack: false
[00:38:56.203] [DEBUG] [MOUSE] Injected delta: -102, 1
[00:38:56.259] [INFO] [COMBAT] In attack block. Distance: 2.2412426471710205
[00:38:56.259] [INFO] [COMBAT] One-Shot Mode. Attack: false
[00:38:56.260] [DEBUG] [MOUSE] Injected delta: -39, 0
[00:38:56.300] [INFO] [COMBAT] In attack block. Distance: 2.2929394245147705
[00:38:56.300] [INFO] [COMBAT] One-Shot Mode. Attack: false
[00:38:56.354] [INFO] [COMBAT] In attack block. Distance: 2.356179714202881
[00:38:56.355] [INFO] [COMBAT] One-Shot Mode. Attack: false
[00:38:56.355] [DEBUG] [MOUSE] Injected delta: 3, 1
[00:38:56.413] [INFO] [COMBAT] In attack block. Distance: 2.508268356323242
[00:38:56.414] [INFO] [COMBAT] One-Shot Mode. Attack: false
[00:38:56.414] [DEBUG] [MOUSE] Injected delta: -12, 32
[00:38:56.465] [INFO] [COMBAT] In attack block. Distance: 2.684631109237671
[00:38:56.465] [INFO] [COMBAT] One-Shot Mode. Attack: false
[00:38:56.465] [DEBUG] [MOUSE] Injected delta: -7, 19
[00:38:56.511] [DEBUG] [PERCEPTION] Found combat target: attackable
[00:38:56.512] [INFO] [COMBAT] In attack block. Distance: 2.880342960357666
[00:38:56.512] [INFO] [COMBAT] One-Shot Mode. Attack: false
[00:38:56.554] [DEBUG] [MOUSE] Injected delta: 0, 4
[00:38:56.614] [DEBUG] [MOUSE] Injected delta: 5, 17
[00:38:56.654] [DEBUG] [MOUSE] Injected delta: 5, 24
[00:38:56.706] [DEBUG] [MOUSE] Injected delta: 7, 14
[00:38:56.761] [DEBUG] [MOUSE] Injected delta: 1, 3
[00:38:56.804] [DEBUG] [PERCEPTION] Found combat target: attackable
[00:38:56.862] [DEBUG] [MOUSE] Injected delta: 0, -4
[00:38:56.907] [INFO] [COMBAT] In attack block. Distance: 2.998535394668579
[00:38:56.908] [INFO] [COMBAT] One-Shot Mode. Attack: true
[00:38:56.908] [INFO] [CLICK] Attempting performClick()
[00:38:56.908] [INFO] [CLICK] Pressed attack key - IS_DOWN: true
[00:38:56.908] [DEBUG] [MOUSE] Injected delta: -3, -26
[00:38:56.962] [DEBUG] [CLICK] Released attack key
[00:38:56.963] [INFO] [COMBAT] In attack block. Distance: 2.9808216094970703
[00:38:56.963] [INFO] [COMBAT] One-Shot Mode. Attack: false
[00:38:56.963] [DEBUG] [MOUSE] Injected delta: -18, -41
[00:38:57.011] [INFO] [COMBAT] In attack block. Distance: 2.8837945461273193
[00:38:57.011] [INFO] [COMBAT] One-Shot Mode. Attack: false
[00:38:57.012] [DEBUG] [MOUSE] Injected delta: -16, -29
[00:38:57.053] [INFO] [COMBAT] In attack block. Distance: 2.794853925704956
[00:38:57.053] [INFO] [COMBAT] One-Shot Mode. Attack: false
[00:38:57.054] [DEBUG] [MOUSE] Injected delta: -5, -7
[00:38:57.111] [DEBUG] [PERCEPTION] Found combat target: attackable
[00:38:57.112] [INFO] [COMBAT] In attack block. Distance: 2.675427198410034
[00:38:57.112] [INFO] [COMBAT] One-Shot Mode. Attack: false
[00:38:57.156] [INFO] [COMBAT] In attack block. Distance: 2.55971097946167
[00:38:57.157] [INFO] [COMBAT] One-Shot Mode. Attack: false
[00:38:57.157] [DEBUG] [MOUSE] Injected delta: -3, 0
[00:38:57.217] [INFO] [COMBAT] In attack block. Distance: 2.5003390312194824
[00:38:57.217] [INFO] [COMBAT] One-Shot Mode. Attack: false
[00:38:57.217] [DEBUG] [MOUSE] Injected delta: -21, 0
[00:38:57.261] [INFO] [COMBAT] In attack block. Distance: 2.448230743408203
[00:38:57.262] [INFO] [COMBAT] One-Shot Mode. Attack: false
[00:38:57.262] [DEBUG] [MOUSE] Injected delta: -34, 0
[00:38:57.307] [INFO] [COMBAT] In attack block. Distance: 2.4107792377471924
[00:38:57.308] [INFO] [COMBAT] One-Shot Mode. Attack: false
[00:38:57.308] [DEBUG] [MOUSE] Injected delta: -33, 0
[00:38:57.353] [INFO] [COMBAT] In attack block. Distance: 2.428154945373535
[00:38:57.353] [INFO] [COMBAT] One-Shot Mode. Attack: false
[00:38:57.353] [DEBUG] [MOUSE] Injected delta: -8, 0
[00:38:57.416] [DEBUG] [PERCEPTION] Found combat target: attackable
[00:38:57.417] [INFO] [COMBAT] In attack block. Distance: 2.4699225425720215
[00:38:57.417] [INFO] [COMBAT] One-Shot Mode. Attack: false
[00:38:57.466] [INFO] [COMBAT] In attack block. Distance: 2.5665977001190186
[00:38:57.467] [INFO] [COMBAT] One-Shot Mode. Attack: false
[00:38:57.467] [DEBUG] [MOUSE] Injected delta: -1, 0
[00:38:57.512] [INFO] [COMBAT] In attack block. Distance: 2.6098403930664062
[00:38:57.512] [INFO] [COMBAT] One-Shot Mode. Attack: false
[00:38:57.513] [DEBUG] [MOUSE] Injected delta: -9, 12
[00:38:57.559] [INFO] [COMBAT] In attack block. Distance: 2.722601890563965
[00:38:57.559] [INFO] [COMBAT] One-Shot Mode. Attack: false
[00:38:57.560] [DEBUG] [MOUSE] Injected delta: -19, 30
[00:38:57.618] [INFO] [COMBAT] In attack block. Distance: 2.8103232383728027
[00:38:57.618] [INFO] [COMBAT] One-Shot Mode. Attack: false
[00:38:57.619] [DEBUG] [MOUSE] Injected delta: -16, 28
[00:38:57.659] [INFO] [COMBAT] In attack block. Distance: 2.8725039958953857
[00:38:57.660] [INFO] [COMBAT] One-Shot Mode. Attack: false
[00:38:57.661] [DEBUG] [MOUSE] Injected delta: -4, 7
[00:38:57.715] [DEBUG] [PERCEPTION] Found combat target: attackable
[00:38:57.716] [INFO] [COMBAT] In attack block. Distance: 2.938751697540283
[00:38:57.716] [INFO] [COMBAT] One-Shot Mode. Attack: false
[00:38:57.758] [INFO] [COMBAT] In attack block. Distance: 2.9647839069366455
[00:38:57.758] [INFO] [COMBAT] One-Shot Mode. Attack: false
[00:38:57.759] [DEBUG] [MOUSE] Injected delta: -1, 3
[00:38:57.815] [INFO] [COMBAT] In attack block. Distance: 2.9695050716400146
[00:38:57.815] [INFO] [COMBAT] One-Shot Mode. Attack: false
[00:38:57.815] [DEBUG] [MOUSE] Injected delta: -12, 9
[00:38:57.857] [INFO] [COMBAT] In attack block. Distance: 2.943615436553955
[00:38:57.857] [INFO] [COMBAT] One-Shot Mode. Attack: false
[00:38:57.858] [DEBUG] [MOUSE] Injected delta: -19, 7
[00:38:57.918] [INFO] [COMBAT] In attack block. Distance: 2.90617299079895
[00:38:57.919] [INFO] [COMBAT] One-Shot Mode. Attack: false
[00:38:57.919] [DEBUG] [MOUSE] Injected delta: -16, -2
[00:38:57.956] [INFO] [COMBAT] In attack block. Distance: 2.8684136867523193
[00:38:57.956] [INFO] [COMBAT] One-Shot Mode. Attack: false
[00:38:57.956] [DEBUG] [MOUSE] Injected delta: -4, -2
[00:38:58.011] [DEBUG] [PERCEPTION] Found combat target: attackable
[00:38:58.011] [INFO] [COMBAT] In attack block. Distance: 2.856884717941284
[00:38:58.011] [INFO] [COMBAT] One-Shot Mode. Attack: false
[00:38:58.061] [INFO] [COMBAT] In attack block. Distance: 2.8793323040008545
[00:38:58.061] [INFO] [COMBAT] One-Shot Mode. Attack: false
[00:38:58.062] [DEBUG] [MOUSE] Injected delta: -1, -6
[00:38:58.105] [INFO] [COMBAT] In attack block. Distance: 2.8544862270355225
[00:38:58.106] [INFO] [COMBAT] One-Shot Mode. Attack: false
[00:38:58.106] [DEBUG] [MOUSE] Injected delta: -10, -15
[00:38:58.162] [DEBUG] [MOUSE] Injected delta: -15, -11
[00:38:58.203] [DEBUG] [MOUSE] Injected delta: -13, -3
[00:38:58.257] [DEBUG] [MOUSE] Injected delta: -3, 0
[00:38:58.313] [DEBUG] [PERCEPTION] Found combat target: attackable
[00:38:58.353] [DEBUG] [MOUSE] Injected delta: -1, 4
[00:38:58.404] [INFO] [COMBAT] In attack block. Distance: 2.9343690872192383
[00:38:58.405] [INFO] [COMBAT] One-Shot Mode. Attack: true
[00:38:58.405] [INFO] [CLICK] Attempting performClick()
[00:38:58.405] [INFO] [CLICK] Pressed attack key - IS_DOWN: true
[00:38:58.405] [DEBUG] [MOUSE] Injected delta: -5, 16
[00:38:58.454] [DEBUG] [CLICK] Released attack key
[00:38:58.455] [INFO] [COMBAT] In attack block. Distance: 2.714998960494995
[00:38:58.456] [INFO] [COMBAT] One-Shot Mode. Attack: false
[00:38:58.457] [DEBUG] [MOUSE] Injected delta: -9, 18
[00:38:58.510] [INFO] [COMBAT] In attack block. Distance: 2.493152618408203
[00:38:58.510] [INFO] [COMBAT] One-Shot Mode. Attack: false
[00:38:58.511] [DEBUG] [MOUSE] Injected delta: -15, 13
[00:38:58.551] [INFO] [COMBAT] In attack block. Distance: 2.318389415740967
[00:38:58.552] [INFO] [COMBAT] One-Shot Mode. Attack: false
[00:38:58.552] [DEBUG] [MOUSE] Injected delta: -5, 1
[00:38:58.607] [DEBUG] [PERCEPTION] Found combat target: attackable
[00:38:58.608] [INFO] [COMBAT] In attack block. Distance: 2.217301607131958
[00:38:58.608] [INFO] [COMBAT] One-Shot Mode. Attack: false
[00:38:58.659] [INFO] [COMBAT] In attack block. Distance: 2.194070816040039
[00:38:58.660] [INFO] [COMBAT] One-Shot Mode. Attack: false
[00:38:58.662] [DEBUG] [MOUSE] Injected delta: -36, -24
[00:38:58.703] [INFO] [COMBAT] In attack block. Distance: 2.231064796447754
[00:38:58.703] [INFO] [COMBAT] One-Shot Mode. Attack: false
[00:38:58.704] [DEBUG] [MOUSE] Injected delta: -128, -37
[00:38:58.754] [INFO] [COMBAT] In attack block. Distance: 2.3816635608673096
[00:38:58.755] [INFO] [COMBAT] One-Shot Mode. Attack: false
[00:38:58.755] [DEBUG] [MOUSE] Injected delta: -51, -5
[00:38:58.809] [INFO] [COMBAT] In attack block. Distance: 2.5125935077667236
[00:38:58.810] [INFO] [COMBAT] One-Shot Mode. Attack: false
[00:38:58.863] [INFO] [COMBAT] In attack block. Distance: 2.6258254051208496
[00:38:58.863] [INFO] [COMBAT] One-Shot Mode. Attack: false
[00:38:58.864] [DEBUG] [MOUSE] Injected delta: -5, 5
[00:38:58.905] [DEBUG] [PERCEPTION] Found combat target: attackable
[00:38:58.906] [INFO] [COMBAT] In attack block. Distance: 2.684220790863037
[00:38:58.906] [INFO] [COMBAT] One-Shot Mode. Attack: false
[00:38:58.907] [DEBUG] [MOUSE] Injected delta: -38, 24
[00:38:58.961] [INFO] [COMBAT] In attack block. Distance: 2.7104291915893555
[00:38:58.962] [INFO] [COMBAT] One-Shot Mode. Attack: false
[00:38:58.962] [DEBUG] [MOUSE] Injected delta: -63, 33
[00:38:59.003] [INFO] [COMBAT] In attack block. Distance: 2.70570707321167
[00:38:59.004] [INFO] [COMBAT] One-Shot Mode. Attack: false
[00:38:59.004] [DEBUG] [MOUSE] Injected delta: -54, 22
[00:38:59.061] [INFO] [COMBAT] In attack block. Distance: 2.676459312438965
[00:38:59.061] [INFO] [COMBAT] One-Shot Mode. Attack: false
[00:38:59.062] [DEBUG] [MOUSE] Injected delta: -13, 4
[00:38:59.106] [INFO] [COMBAT] In attack block. Distance: 2.63820219039917
[00:38:59.107] [INFO] [COMBAT] One-Shot Mode. Attack: false
[00:38:59.158] [INFO] [COMBAT] In attack block. Distance: 2.606320858001709
[00:38:59.159] [INFO] [COMBAT] One-Shot Mode. Attack: false
[00:38:59.159] [DEBUG] [MOUSE] Injected delta: -5, -5
[00:38:59.203] [DEBUG] [PERCEPTION] Found combat target: attackable
[00:38:59.204] [INFO] [COMBAT] In attack block. Distance: 2.611175775527954
[00:38:59.204] [INFO] [COMBAT] One-Shot Mode. Attack: false
[00:38:59.204] [DEBUG] [MOUSE] Injected delta: -26, -32
[00:38:59.261] [INFO] [COMBAT] In attack block. Distance: 2.655552864074707
[00:38:59.262] [INFO] [COMBAT] One-Shot Mode. Attack: false
[00:38:59.262] [DEBUG] [MOUSE] Injected delta: -42, -51
[00:38:59.306] [INFO] [COMBAT] In attack block. Distance: 2.656144857406616
[00:38:59.307] [INFO] [COMBAT] One-Shot Mode. Attack: false
[00:38:59.307] [DEBUG] [MOUSE] Injected delta: -28, -24
[00:38:59.351] [INFO] [COMBAT] In attack block. Distance: 2.7702817916870117
[00:38:59.352] [INFO] [COMBAT] One-Shot Mode. Attack: false
[00:38:59.352] [DEBUG] [MOUSE] Injected delta: -7, -4
[00:38:59.409] [INFO] [COMBAT] In attack block. Distance: 2.879204034805298
[00:38:59.409] [INFO] [COMBAT] One-Shot Mode. Attack: false
[00:38:59.467] [INFO] [COMBAT] In attack block. Distance: 2.965369701385498
[00:38:59.467] [INFO] [COMBAT] One-Shot Mode. Attack: false
[00:38:59.468] [DEBUG] [MOUSE] Injected delta: 3, 6
[00:38:59.507] [DEBUG] [PERCEPTION] Found combat target: attackable
[00:38:59.507] [DEBUG] [MOUSE] Injected delta: 18, 26
[00:38:59.551] [INFO] [COMBAT] In attack block. Distance: 2.9770772457122803
[00:38:59.552] [INFO] [COMBAT] One-Shot Mode. Attack: true
[00:38:59.552] [INFO] [CLICK] Attempting performClick()
[00:38:59.552] [INFO] [CLICK] Pressed attack key - IS_DOWN: true
[00:38:59.553] [DEBUG] [MOUSE] Injected delta: 27, 37
[00:38:59.606] [DEBUG] [CLICK] Released attack key
[00:38:59.607] [INFO] [COMBAT] In attack block. Distance: 2.9029974937438965
[00:38:59.607] [INFO] [COMBAT] One-Shot Mode. Attack: false
[00:38:59.607] [DEBUG] [MOUSE] Injected delta: 22, 26
[00:38:59.661] [INFO] [COMBAT] In attack block. Distance: 2.8298439979553223
[00:38:59.661] [INFO] [COMBAT] One-Shot Mode. Attack: false
[00:38:59.663] [DEBUG] [MOUSE] Injected delta: 6, 5
[00:38:59.702] [INFO] [COMBAT] In attack block. Distance: 2.7745602130889893
[00:38:59.703] [INFO] [COMBAT] One-Shot Mode. Attack: false
[00:38:59.759] [INFO] [COMBAT] In attack block. Distance: 2.70619797706604
[00:38:59.759] [INFO] [COMBAT] One-Shot Mode. Attack: false
[00:38:59.760] [DEBUG] [MOUSE] Injected delta: 2, -3
[00:38:59.813] [DEBUG] [PERCEPTION] Found combat target: attackable
[00:38:59.814] [INFO] [COMBAT] In attack block. Distance: 2.7265427112579346
[00:38:59.814] [INFO] [COMBAT] One-Shot Mode. Attack: false
[00:38:59.815] [DEBUG] [MOUSE] Injected delta: 10, -28
[00:38:59.856] [INFO] [COMBAT] In attack block. Distance: 2.7736246585845947
[00:38:59.857] [INFO] [COMBAT] One-Shot Mode. Attack: false
[00:38:59.857] [DEBUG] [MOUSE] Injected delta: 5, -45
[00:38:59.908] [INFO] [COMBAT] In attack block. Distance: 2.790494680404663
[00:38:59.908] [INFO] [COMBAT] One-Shot Mode. Attack: false
[00:38:59.909] [DEBUG] [MOUSE] Injected delta: 0, -20
[00:38:59.965] [INFO] [COMBAT] In attack block. Distance: 2.96362042427063
[00:38:59.965] [INFO] [COMBAT] One-Shot Mode. Attack: false
[00:38:59.965] [DEBUG] [MOUSE] Injected delta: 0, -3
[00:39:00.058] [DEBUG] [MOUSE] Injected delta: -3, 5
[00:39:00.105] [DEBUG] [PERCEPTION] Found combat target: attackable
[00:39:00.106] [DEBUG] [MOUSE] Injected delta: -13, 22
[00:39:00.163] [DEBUG] [MOUSE] Injected delta: -20, 30
[00:39:00.203] [DEBUG] [MOUSE] Injected delta: -12, 26
[00:39:00.255] [DEBUG] [MOUSE] Injected delta: -4, 5
[00:39:00.311] [INFO] [COMBAT] In attack block. Distance: 2.867446184158325
[00:39:00.312] [INFO] [COMBAT] One-Shot Mode. Attack: true
[00:39:00.312] [INFO] [CLICK] Attempting performClick()
[00:39:00.312] [INFO] [CLICK] Pressed attack key - IS_DOWN: true
[00:39:00.355] [DEBUG] [CLICK] Released attack key
[00:39:00.356] [INFO] [COMBAT] In attack block. Distance: 2.7068514823913574
[00:39:00.356] [INFO] [COMBAT] One-Shot Mode. Attack: false
[00:39:00.356] [DEBUG] [MOUSE] Injected delta: -1, -3
[00:39:00.414] [DEBUG] [PERCEPTION] Found combat target: attackable
[00:39:00.414] [INFO] [COMBAT] In attack block. Distance: 2.5758018493652344
[00:39:00.415] [INFO] [COMBAT] One-Shot Mode. Attack: false
[00:39:00.415] [DEBUG] [MOUSE] Injected delta: -1, -26
[00:39:00.455] [INFO] [COMBAT] In attack block. Distance: 2.4865341186523438
[00:39:00.456] [INFO] [COMBAT] One-Shot Mode. Attack: false
[00:39:00.456] [DEBUG] [MOUSE] Injected delta: -2, -41
[00:39:00.520] [INFO] [COMBAT] In attack block. Distance: 2.5475964546203613
[00:39:00.520] [INFO] [COMBAT] One-Shot Mode. Attack: false
[00:39:00.520] [DEBUG] [MOUSE] Injected delta: 3, -16
[00:39:00.561] [INFO] [COMBAT] In attack block. Distance: 2.720393180847168
[00:39:00.561] [INFO] [COMBAT] One-Shot Mode. Attack: false
[00:39:00.562] [DEBUG] [MOUSE] Injected delta: 2, -1
[00:39:00.608] [INFO] [COMBAT] In attack block. Distance: 2.859013795852661
[00:39:00.608] [INFO] [COMBAT] One-Shot Mode. Attack: false
[00:39:00.652] [INFO] [COMBAT] In attack block. Distance: 2.9707696437835693
[00:39:00.653] [INFO] [COMBAT] One-Shot Mode. Attack: false
[00:39:00.654] [DEBUG] [MOUSE] Injected delta: 3, 6
[00:39:00.709] [DEBUG] [PERCEPTION] Found combat target: attackable
[00:39:00.709] [DEBUG] [MOUSE] Injected delta: 6, 29
[00:39:00.763] [DEBUG] [MOUSE] Injected delta: 0, 42
[00:39:00.806] [DEBUG] [MOUSE] Injected delta: -7, 28
[00:39:00.862] [INFO] [COMBAT] In attack block. Distance: 2.997127056121826
[00:39:00.863] [INFO] [COMBAT] One-Shot Mode. Attack: true
[00:39:00.863] [INFO] [CLICK] Attempting performClick()
[00:39:00.863] [INFO] [CLICK] Pressed attack key - IS_DOWN: true
[00:39:00.864] [DEBUG] [MOUSE] Injected delta: -3, 5
[00:39:00.903] [DEBUG] [CLICK] Released attack key
[00:39:00.903] [INFO] [COMBAT] In attack block. Distance: 2.9343578815460205
[00:39:00.904] [INFO] [COMBAT] One-Shot Mode. Attack: false
[00:39:00.960] [INFO] [COMBAT] In attack block. Distance: 2.868830442428589
[00:39:00.960] [INFO] [COMBAT] One-Shot Mode. Attack: false
[00:39:00.961] [DEBUG] [MOUSE] Injected delta: -5, -4
[00:39:01.015] [DEBUG] [PERCEPTION] Found combat target: attackable
[00:39:01.015] [INFO] [COMBAT] In attack block. Distance: 2.871868848800659
[00:39:01.015] [INFO] [COMBAT] One-Shot Mode. Attack: false
[00:39:01.016] [DEBUG] [MOUSE] Injected delta: -29, -31
[00:39:01.059] [INFO] [COMBAT] In attack block. Distance: 2.907963752746582
[00:39:01.060] [INFO] [COMBAT] One-Shot Mode. Attack: false
[00:39:01.060] [DEBUG] [MOUSE] Injected delta: -47, -48
[00:39:01.100] [INFO] [COMBAT] In attack block. Distance: 2.9225869178771973
[00:39:01.101] [INFO] [COMBAT] One-Shot Mode. Attack: false
[00:39:01.101] [DEBUG] [MOUSE] Injected delta: -38, -24
[00:39:01.160] [DEBUG] [MOUSE] Injected delta: -9, -3
[00:39:01.254] [DEBUG] [MOUSE] Injected delta: -2, 5
[00:39:01.303] [DEBUG] [PERCEPTION] Found combat target: attackable
[00:39:01.304] [DEBUG] [MOUSE] Injected delta: -9, 24
[00:39:01.365] [DEBUG] [MOUSE] Injected delta: -14, 35
[00:39:01.411] [DEBUG] [MOUSE] Injected delta: -10, 25
[00:39:01.457] [DEBUG] [MOUSE] Injected delta: -2, 4
[00:39:01.558] [INFO] [COMBAT] In attack block. Distance: 2.862682580947876
[00:39:01.558] [INFO] [COMBAT] One-Shot Mode. Attack: true
[00:39:01.558] [INFO] [CLICK] Attempting performClick()
[00:39:01.559] [INFO] [CLICK] Pressed attack key - IS_DOWN: true
[00:39:01.559] [DEBUG] [MOUSE] Injected delta: -1, -3
[00:39:01.607] [DEBUG] [PERCEPTION] Found combat target: attackable
[00:39:01.607] [DEBUG] [CLICK] Released attack key
[00:39:01.607] [INFO] [COMBAT] In attack block. Distance: 2.775625228881836
[00:39:01.607] [INFO] [COMBAT] One-Shot Mode. Attack: false
[00:39:01.608] [DEBUG] [MOUSE] Injected delta: -2, -25
[00:39:01.660] [INFO] [COMBAT] In attack block. Distance: 2.7235946655273438
[00:39:01.660] [INFO] [COMBAT] One-Shot Mode. Attack: false
[00:39:01.661] [DEBUG] [MOUSE] Injected delta: -4, -41
[00:39:01.702] [INFO] [COMBAT] In attack block. Distance: 2.536386489868164
[00:39:01.703] [INFO] [COMBAT] One-Shot Mode. Attack: false
[00:39:01.703] [DEBUG] [MOUSE] Injected delta: -4, -16
[00:39:01.766] [INFO] [COMBAT] In attack block. Distance: 2.5036962032318115
[00:39:01.767] [INFO] [COMBAT] One-Shot Mode. Attack: false
[00:39:01.767] [DEBUG] [MOUSE] Injected delta: -1, -2
[00:39:01.813] [INFO] [COMBAT] In attack block. Distance: 2.4758191108703613
[00:39:01.814] [INFO] [COMBAT] One-Shot Mode. Attack: false
[00:39:01.859] [INFO] [COMBAT] In attack block. Distance: 2.455122947692871
[00:39:01.860] [INFO] [COMBAT] One-Shot Mode. Attack: false
[00:39:01.860] [DEBUG] [MOUSE] Injected delta: -21, 30
[00:39:01.904] [DEBUG] [PERCEPTION] Found combat target: attackable
[00:39:01.904] [INFO] [COMBAT] In attack block. Distance: 2.402312755584717
[00:39:01.905] [INFO] [COMBAT] One-Shot Mode. Attack: false
[00:39:01.905] [DEBUG] [MOUSE] Injected delta: -70, 95
[00:39:01.952] [INFO] [COMBAT] In attack block. Distance: 2.3252339363098145
[00:39:01.953] [INFO] [COMBAT] One-Shot Mode. Attack: false
[00:39:01.953] [DEBUG] [MOUSE] Injected delta: -28, 35
[00:39:02.003] [INFO] [COMBAT] In attack block. Distance: 2.224562168121338
[00:39:02.003] [INFO] [COMBAT] One-Shot Mode. Attack: false
[00:39:02.066] [INFO] [COMBAT] In attack block. Distance: 2.119471549987793
[00:39:02.067] [INFO] [COMBAT] One-Shot Mode. Attack: false
[00:39:02.067] [DEBUG] [MOUSE] Injected delta: -10, -1
[00:39:02.117] [INFO] [COMBAT] In attack block. Distance: 2.008453845977783
[00:39:02.118] [INFO] [COMBAT] One-Shot Mode. Attack: false
[00:39:02.118] [DEBUG] [MOUSE] Injected delta: -54, -25
[00:39:02.161] [INFO] [COMBAT] In attack block. Distance: 1.916009783744812
[00:39:02.161] [INFO] [COMBAT] One-Shot Mode. Attack: false
[00:39:02.161] [DEBUG] [MOUSE] Injected delta: -31, -21
[00:39:02.210] [DEBUG] [PERCEPTION] Found combat target: attackable
[00:39:02.211] [INFO] [COMBAT] In attack block. Distance: 1.8603947162628174
[00:39:02.211] [INFO] [COMBAT] One-Shot Mode. Attack: false
[00:39:02.259] [INFO] [COMBAT] In attack block. Distance: 1.877269983291626
[00:39:02.259] [INFO] [COMBAT] One-Shot Mode. Attack: false
[00:39:02.259] [DEBUG] [MOUSE] Injected delta: -21, -29
[00:39:02.309] [INFO] [COMBAT] In attack block. Distance: 1.9919018745422363
[00:39:02.309] [INFO] [COMBAT] One-Shot Mode. Attack: false
[00:39:02.310] [DEBUG] [MOUSE] Injected delta: -72, -42
[00:39:02.358] [INFO] [COMBAT] In attack block. Distance: 2.182527542114258
[00:39:02.359] [INFO] [COMBAT] One-Shot Mode. Attack: false
[00:39:02.359] [DEBUG] [MOUSE] Injected delta: -30, -5
[00:39:02.408] [INFO] [COMBAT] In attack block. Distance: 2.3945424556732178
[00:39:02.409] [INFO] [COMBAT] One-Shot Mode. Attack: false
[00:39:02.454] [INFO] [COMBAT] In attack block. Distance: 2.5644478797912598
[00:39:02.454] [INFO] [COMBAT] One-Shot Mode. Attack: false
[00:39:02.455] [DEBUG] [MOUSE] Injected delta: -4, 5
[00:39:02.503] [DEBUG] [PERCEPTION] Found combat target: attackable
[00:39:02.504] [INFO] [COMBAT] In attack block. Distance: 2.6710917949676514
[00:39:02.504] [INFO] [COMBAT] One-Shot Mode. Attack: false
[00:39:02.504] [DEBUG] [MOUSE] Injected delta: -23, 21
[00:39:02.568] [INFO] [COMBAT] In attack block. Distance: 2.740557909011841
[00:39:02.568] [INFO] [COMBAT] One-Shot Mode. Attack: false
[00:39:02.568] [DEBUG] [MOUSE] Injected delta: -33, 30
[00:39:02.615] [INFO] [COMBAT] In attack block. Distance: 2.76579213142395
[00:39:02.616] [INFO] [COMBAT] One-Shot Mode. Attack: false
[00:39:02.616] [DEBUG] [MOUSE] Injected delta: -25, 19
[00:39:02.663] [INFO] [COMBAT] In attack block. Distance: 2.7360048294067383
[00:39:02.664] [INFO] [COMBAT] One-Shot Mode. Attack: false
[00:39:02.665] [DEBUG] [MOUSE] Injected delta: -7, 3
[00:39:02.716] [INFO] [COMBAT] In attack block. Distance: 2.6816368103027344
[00:39:02.716] [INFO] [COMBAT] One-Shot Mode. Attack: false
[00:39:02.766] [INFO] [COMBAT] In attack block. Distance: 2.6497700214385986
[00:39:02.766] [INFO] [COMBAT] One-Shot Mode. Attack: false
[00:39:02.766] [DEBUG] [MOUSE] Injected delta: -2, -5
[00:39:02.813] [DEBUG] [PERCEPTION] Found combat target: attackable
[00:39:02.814] [INFO] [COMBAT] In attack block. Distance: 2.6403465270996094
[00:39:02.814] [INFO] [COMBAT] One-Shot Mode. Attack: false
[00:39:02.814] [DEBUG] [MOUSE] Injected delta: -10, -35
[00:39:02.868] [INFO] [COMBAT] In attack block. Distance: 2.6839535236358643
[00:39:02.869] [INFO] [COMBAT] One-Shot Mode. Attack: false
[00:39:02.869] [DEBUG] [MOUSE] Injected delta: -19, -54
[00:39:02.913] [INFO] [COMBAT] In attack block. Distance: 2.7105062007904053
[00:39:02.914] [INFO] [COMBAT] One-Shot Mode. Attack: false
[00:39:02.914] [DEBUG] [MOUSE] Injected delta: -14, -27
[00:39:02.967] [INFO] [COMBAT] In attack block. Distance: 2.852915048599243
[00:39:02.968] [INFO] [COMBAT] One-Shot Mode. Attack: false
[00:39:02.968] [DEBUG] [MOUSE] Injected delta: -1, -4
[00:39:03.005] [INFO] [COMBAT] In attack block. Distance: 2.987926721572876
[00:39:03.006] [INFO] [COMBAT] One-Shot Mode. Attack: false
[00:39:03.062] [DEBUG] [MOUSE] Injected delta: 4, 5
[00:39:03.114] [DEBUG] [PERCEPTION] Found combat target: attackable
[00:39:03.114] [INFO] [COMBAT] In attack block. Distance: 2.995213747024536
[00:39:03.115] [INFO] [COMBAT] One-Shot Mode. Attack: true
[00:39:03.115] [INFO] [CLICK] Attempting performClick()
[00:39:03.115] [INFO] [CLICK] Pressed attack key - IS_DOWN: true
[00:39:03.115] [DEBUG] [MOUSE] Injected delta: 22, 27
[00:39:03.161] [DEBUG] [CLICK] Released attack key
[00:39:03.162] [INFO] [COMBAT] In attack block. Distance: 2.975292444229126
[00:39:03.162] [INFO] [COMBAT] One-Shot Mode. Attack: false
[00:39:03.162] [DEBUG] [MOUSE] Injected delta: 38, 43
[00:39:03.212] [INFO] [COMBAT] In attack block. Distance: 2.921401262283325
[00:39:03.212] [INFO] [COMBAT] One-Shot Mode. Attack: false
[00:39:03.213] [DEBUG] [MOUSE] Injected delta: 31, 29
[00:39:03.255] [INFO] [COMBAT] In attack block. Distance: 2.8381574153900146
[00:39:03.255] [INFO] [COMBAT] One-Shot Mode. Attack: false
[00:39:03.255] [DEBUG] [MOUSE] Injected delta: 8, 5
[00:39:03.318] [INFO] [COMBAT] In attack block. Distance: 2.6249337196350098
[00:39:03.318] [INFO] [COMBAT] One-Shot Mode. Attack: false
[00:39:03.357] [INFO] [COMBAT] In attack block. Distance: 2.404021978378296
[00:39:03.358] [INFO] [COMBAT] One-Shot Mode. Attack: false
[00:39:03.358] [DEBUG] [MOUSE] Injected delta: 11, -16
[00:39:03.420] [DEBUG] [PERCEPTION] Found combat target: attackable
[00:39:03.420] [INFO] [COMBAT] In attack block. Distance: 2.2207140922546387
[00:39:03.421] [INFO] [COMBAT] One-Shot Mode. Attack: false
[00:39:03.421] [DEBUG] [MOUSE] Injected delta: 29, -71
[00:39:03.453] [INFO] [COMBAT] In attack block. Distance: 2.0946078300476074
[00:39:03.453] [INFO] [COMBAT] One-Shot Mode. Attack: false
[00:39:03.453] [DEBUG] [MOUSE] Injected delta: -5, -30
[00:39:03.515] [INFO] [COMBAT] In attack block. Distance: 2.0068652629852295
[00:39:03.515] [INFO] [COMBAT] One-Shot Mode. Attack: false
[00:39:03.558] [INFO] [COMBAT] In attack block. Distance: 1.9914928674697876
[00:39:03.559] [INFO] [COMBAT] One-Shot Mode. Attack: false
[00:39:03.559] [DEBUG] [MOUSE] Injected delta: -21, 26
[00:39:03.609] [INFO] [COMBAT] In attack block. Distance: 2.0113892555236816
[00:39:03.610] [INFO] [COMBAT] One-Shot Mode. Attack: false
[00:39:03.610] [DEBUG] [MOUSE] Injected delta: -109, 104
[00:39:03.662] [INFO] [COMBAT] In attack block. Distance: 2.0237209796905518
[00:39:03.662] [INFO] [COMBAT] One-Shot Mode. Attack: false
[00:39:03.663] [DEBUG] [MOUSE] Injected delta: -66, 43
[00:39:03.711] [DEBUG] [PERCEPTION] Found combat target: attackable
[00:39:03.711] [INFO] [COMBAT] In attack block. Distance: 2.010216236114502
[00:39:03.711] [INFO] [COMBAT] One-Shot Mode. Attack: false
[00:39:03.778] [INFO] [COMBAT] In attack block. Distance: 1.9602510929107666
[00:39:03.779] [INFO] [COMBAT] One-Shot Mode. Attack: false
[00:39:03.779] [DEBUG] [MOUSE] Injected delta: -23, 15
[00:39:03.807] [INFO] [COMBAT] In attack block. Distance: 1.8658995628356934
[00:39:03.807] [INFO] [COMBAT] One-Shot Mode. Attack: false
[00:39:03.807] [DEBUG] [MOUSE] Injected delta: -73, 38
[00:39:03.852] [INFO] [COMBAT] In attack block. Distance: 1.7297674417495728
[00:39:03.852] [INFO] [COMBAT] One-Shot Mode. Attack: false
[00:39:03.852] [DEBUG] [MOUSE] Injected delta: -30, 8
[00:39:03.903] [INFO] [COMBAT] In attack block. Distance: 1.5585943460464478
[00:39:03.903] [INFO] [COMBAT] One-Shot Mode. Attack: false
[00:39:03.968] [INFO] [COMBAT] In attack block. Distance: 1.3865662813186646
[00:39:03.968] [INFO] [COMBAT] One-Shot Mode. Attack: false
[00:39:03.968] [DEBUG] [MOUSE] Injected delta: 0, -22
[00:39:04.008] [DEBUG] [PERCEPTION] Found combat target: attackable
[00:39:04.009] [INFO] [COMBAT] In attack block. Distance: 1.2689591646194458
[00:39:04.009] [INFO] [COMBAT] One-Shot Mode. Attack: false
[00:39:04.009] [DEBUG] [MOUSE] Injected delta: -57, -127
[00:39:04.052] [INFO] [COMBAT] In attack block. Distance: 1.2515541315078735
[00:39:04.052] [INFO] [COMBAT] One-Shot Mode. Attack: false
[00:39:04.052] [DEBUG] [MOUSE] Injected delta: -29, -52
[00:39:04.110] [INFO] [COMBAT] In attack block. Distance: 1.3374377489089966
[00:39:04.111] [INFO] [COMBAT] One-Shot Mode. Attack: false
[00:39:04.159] [INFO] [COMBAT] In attack block. Distance: 1.5213428735733032
[00:39:04.159] [INFO] [COMBAT] One-Shot Mode. Attack: false
[00:39:04.159] [DEBUG] [MOUSE] Injected delta: -37, 23
[00:39:04.207] [INFO] [COMBAT] In attack block. Distance: 1.7231793403625488
[00:39:04.208] [INFO] [COMBAT] One-Shot Mode. Attack: false
[00:39:04.208] [DEBUG] [MOUSE] Injected delta: -127, 76
[00:39:04.254] [INFO] [COMBAT] In attack block. Distance: 1.902309536933899
[00:39:04.255] [INFO] [COMBAT] One-Shot Mode. Attack: false
[00:39:04.255] [DEBUG] [MOUSE] Injected delta: -50, 29
[00:39:04.314] [DEBUG] [PERCEPTION] Found combat target: attackable
[00:39:04.314] [INFO] [COMBAT] In attack block. Distance: 2.0667877197265625
[00:39:04.314] [INFO] [COMBAT] One-Shot Mode. Attack: false
[00:39:04.364] [INFO] [COMBAT] In attack block. Distance: 2.249436378479004
[00:39:04.364] [INFO] [COMBAT] One-Shot Mode. Attack: false
[00:39:04.364] [DEBUG] [MOUSE] Injected delta: -8, -1
[00:39:04.412] [INFO] [COMBAT] In attack block. Distance: 2.402103900909424
[00:39:04.412] [INFO] [COMBAT] One-Shot Mode. Attack: false
[00:39:04.412] [DEBUG] [MOUSE] Injected delta: -1, -20
[00:39:04.461] [INFO] [COMBAT] In attack block. Distance: 2.5125715732574463
[00:39:04.461] [INFO] [COMBAT] One-Shot Mode. Attack: false
[00:39:04.461] [DEBUG] [MOUSE] Injected delta: 5, -15
[00:39:04.509] [INFO] [COMBAT] In attack block. Distance: 2.6005325317382812
[00:39:04.509] [INFO] [COMBAT] One-Shot Mode. Attack: false
[00:39:04.557] [INFO] [COMBAT] In attack block. Distance: 2.685511827468872
[00:39:04.557] [INFO] [COMBAT] One-Shot Mode. Attack: false
[00:39:04.557] [DEBUG] [MOUSE] Injected delta: 2, -5
[00:39:04.608] [DEBUG] [PERCEPTION] Found combat target: attackable
[00:39:04.608] [INFO] [COMBAT] In attack block. Distance: 2.6494576930999756
[00:39:04.609] [INFO] [COMBAT] One-Shot Mode. Attack: false
[00:39:04.609] [DEBUG] [MOUSE] Injected delta: 13, -35
[00:39:04.659] [INFO] [COMBAT] In attack block. Distance: 2.6182804107666016
[00:39:04.660] [INFO] [COMBAT] One-Shot Mode. Attack: false
[00:39:04.661] [DEBUG] [MOUSE] Injected delta: 19, -53
[00:39:04.701] [INFO] [COMBAT] In attack block. Distance: 2.533579111099243
[00:39:04.702] [INFO] [COMBAT] One-Shot Mode. Attack: false
[00:39:04.702] [DEBUG] [MOUSE] Injected delta: 17, -23
[00:39:04.765] [INFO] [COMBAT] In attack block. Distance: 2.5287911891937256
[00:39:04.765] [INFO] [COMBAT] One-Shot Mode. Attack: false
[00:39:04.765] [DEBUG] [MOUSE] Injected delta: 5, -2
[00:39:04.813] [INFO] [COMBAT] In attack block. Distance: 2.5257022380828857
[00:39:04.814] [INFO] [COMBAT] One-Shot Mode. Attack: false
[00:39:04.862] [INFO] [COMBAT] In attack block. Distance: 2.5038485527038574
[00:39:04.863] [INFO] [COMBAT] One-Shot Mode. Attack: false
[00:39:04.863] [DEBUG] [MOUSE] Injected delta: 6, 8
[00:39:04.911] [DEBUG] [PERCEPTION] Found combat target: attackable
[00:39:04.911] [INFO] [COMBAT] In attack block. Distance: 2.451343297958374
[00:39:04.912] [INFO] [COMBAT] One-Shot Mode. Attack: false
[00:39:04.912] [DEBUG] [MOUSE] Injected delta: 33, 41
[00:39:04.961] [INFO] [COMBAT] In attack block. Distance: 2.376450300216675
[00:39:04.961] [INFO] [COMBAT] One-Shot Mode. Attack: false
[00:39:04.962] [DEBUG] [MOUSE] Injected delta: 56, 61
[00:39:05.012] [INFO] [COMBAT] In attack block. Distance: 2.2621536254882812
[00:39:05.013] [INFO] [COMBAT] One-Shot Mode. Attack: false
[00:39:05.013] [DEBUG] [MOUSE] Injected delta: 43, 42
[00:39:05.064] [INFO] [COMBAT] In attack block. Distance: 2.1414880752563477
[00:39:05.064] [INFO] [COMBAT] One-Shot Mode. Attack: false
[00:39:05.064] [DEBUG] [MOUSE] Injected delta: 12, 9
[00:39:05.112] [INFO] [COMBAT] In attack block. Distance: 2.0123140811920166
[00:39:05.113] [INFO] [COMBAT] One-Shot Mode. Attack: false
[00:39:05.162] [INFO] [COMBAT] In attack block. Distance: 1.8986239433288574
[00:39:05.163] [INFO] [COMBAT] One-Shot Mode. Attack: false
[00:39:05.163] [DEBUG] [MOUSE] Injected delta: 25, -23
[00:39:05.210] [DEBUG] [PERCEPTION] Found combat target: attackable
[00:39:05.211] [INFO] [COMBAT] In attack block. Distance: 1.8379569053649902
[00:39:05.211] [INFO] [COMBAT] One-Shot Mode. Attack: false
[00:39:05.211] [DEBUG] [MOUSE] Injected delta: 82, -101
[00:39:05.267] [INFO] [COMBAT] In attack block. Distance: 1.9018625020980835
[00:39:05.267] [INFO] [COMBAT] One-Shot Mode. Attack: false
[00:39:05.267] [DEBUG] [MOUSE] Injected delta: 37, -41
[00:39:05.309] [INFO] [COMBAT] In attack block. Distance: 2.0379228591918945
[00:39:05.309] [INFO] [COMBAT] One-Shot Mode. Attack: false
[00:39:05.356] [INFO] [COMBAT] In attack block. Distance: 2.2513513565063477
[00:39:05.356] [INFO] [COMBAT] One-Shot Mode. Attack: false
[00:39:05.357] [DEBUG] [MOUSE] Injected delta: 23, 15
[00:39:05.404] [INFO] [COMBAT] In attack block. Distance: 2.4152023792266846
[00:39:05.404] [INFO] [COMBAT] One-Shot Mode. Attack: false
[00:39:05.404] [DEBUG] [MOUSE] Injected delta: 71, 55
[00:39:05.452] [INFO] [COMBAT] In attack block. Distance: 2.552018642425537
[00:39:05.453] [INFO] [COMBAT] One-Shot Mode. Attack: false
[00:39:05.453] [DEBUG] [MOUSE] Injected delta: 28, 22
[00:39:05.504] [DEBUG] [PERCEPTION] Found combat target: attackable
[00:39:05.504] [INFO] [COMBAT] In attack block. Distance: 2.6353495121002197
[00:39:05.504] [INFO] [COMBAT] One-Shot Mode. Attack: false
[00:39:05.551] [INFO] [COMBAT] In attack block. Distance: 2.6692137718200684
[00:39:05.552] [INFO] [COMBAT] One-Shot Mode. Attack: false
[00:39:05.552] [DEBUG] [MOUSE] Injected delta: 1, 3
[00:39:05.600] [INFO] [COMBAT] In attack block. Distance: 2.647012233734131
[00:39:05.600] [INFO] [COMBAT] One-Shot Mode. Attack: false
[00:39:05.600] [DEBUG] [MOUSE] Injected delta: 5, 10
[00:39:05.666] [INFO] [COMBAT] In attack block. Distance: 2.6185295581817627
[00:39:05.666] [INFO] [COMBAT] One-Shot Mode. Attack: false
[00:39:05.667] [DEBUG] [MOUSE] Injected delta: 11, 7
[00:39:05.713] [INFO] [COMBAT] In attack block. Distance: 2.565889596939087
[00:39:05.713] [INFO] [COMBAT] One-Shot Mode. Attack: false
[00:39:05.713] [DEBUG] [MOUSE] Injected delta: 11, -2
[00:39:05.763] [INFO] [COMBAT] In attack block. Distance: 2.5273852348327637
[00:39:05.763] [INFO] [COMBAT] One-Shot Mode. Attack: false
[00:39:05.763] [DEBUG] [MOUSE] Injected delta: 3, -3
[00:39:05.812] [DEBUG] [PERCEPTION] Found combat target: attackable
[00:39:05.813] [INFO] [COMBAT] In attack block. Distance: 2.513338804244995
[00:39:05.813] [INFO] [COMBAT] One-Shot Mode. Attack: false
[00:39:05.864] [INFO] [COMBAT] In attack block. Distance: 2.5526223182678223
[00:39:05.864] [INFO] [COMBAT] One-Shot Mode. Attack: false
[00:39:05.865] [DEBUG] [MOUSE] Injected delta: 3, -7
[00:39:05.901] [INFO] [COMBAT] In attack block. Distance: 2.545957326889038
[00:39:05.902] [INFO] [COMBAT] One-Shot Mode. Attack: false
[00:39:05.902] [DEBUG] [MOUSE] Injected delta: 18, -20
[00:39:05.977] [INFO] [COMBAT] In attack block. Distance: 2.6640772819519043
[00:39:05.977] [INFO] [COMBAT] One-Shot Mode. Attack: false
[00:39:05.977] [DEBUG] [MOUSE] Injected delta: 29, -16
[00:39:06.015] [INFO] [COMBAT] In attack block. Distance: 2.781095266342163
[00:39:06.015] [INFO] [COMBAT] One-Shot Mode. Attack: false
[00:39:06.016] [DEBUG] [MOUSE] Injected delta: 23, -5
[00:39:06.081] [INFO] [COMBAT] In attack block. Distance: 2.848776340484619
[00:39:06.081] [INFO] [COMBAT] One-Shot Mode. Attack: false
[00:39:06.081] [DEBUG] [MOUSE] Injected delta: 6, 0
[00:39:06.099] [DEBUG] [PERCEPTION] Found combat target: attackable
[00:39:06.100] [INFO] [COMBAT] In attack block. Distance: 2.8835415840148926
[00:39:06.100] [INFO] [COMBAT] One-Shot Mode. Attack: false
[00:39:06.167] [INFO] [COMBAT] In attack block. Distance: 2.8408565521240234
[00:39:06.168] [INFO] [COMBAT] One-Shot Mode. Attack: false
[00:39:06.168] [DEBUG] [MOUSE] Injected delta: 2, 3
[00:39:06.207] [INFO] [COMBAT] In attack block. Distance: 2.7599971294403076
[00:39:06.207] [INFO] [COMBAT] One-Shot Mode. Attack: false
[00:39:06.207] [DEBUG] [MOUSE] Injected delta: 9, 14
[00:39:06.263] [INFO] [COMBAT] In attack block. Distance: 2.6317617893218994
[00:39:06.264] [INFO] [COMBAT] One-Shot Mode. Attack: false
[00:39:06.264] [DEBUG] [MOUSE] Injected delta: 14, 17
[00:39:06.312] [INFO] [COMBAT] In attack block. Distance: 2.479505777359009
[00:39:06.312] [INFO] [COMBAT] One-Shot Mode. Attack: false
[00:39:06.313] [DEBUG] [MOUSE] Injected delta: 11, 6
[00:39:06.351] [INFO] [COMBAT] In attack block. Distance: 2.340935707092285
[00:39:06.351] [INFO] [COMBAT] One-Shot Mode. Attack: false
[00:39:06.351] [DEBUG] [MOUSE] Injected delta: 3, 0
[00:39:06.415] [DEBUG] [PERCEPTION] Found combat target: attackable
[00:39:06.416] [INFO] [COMBAT] In attack block. Distance: 2.249711751937866
[00:39:06.416] [INFO] [COMBAT] One-Shot Mode. Attack: false
[00:39:06.469] [INFO] [COMBAT] In attack block. Distance: 2.3050215244293213
[00:39:06.469] [INFO] [COMBAT] One-Shot Mode. Attack: false
[00:39:06.469] [DEBUG] [MOUSE] Injected delta: 5, -26
[00:39:06.517] [INFO] [COMBAT] In attack block. Distance: 2.4129068851470947
[00:39:06.517] [INFO] [COMBAT] One-Shot Mode. Attack: false
[00:39:06.517] [DEBUG] [MOUSE] Injected delta: 17, -40
[00:39:06.569] [INFO] [COMBAT] In attack block. Distance: 2.6129658222198486
[00:39:06.569] [INFO] [COMBAT] One-Shot Mode. Attack: false
[00:39:06.569] [DEBUG] [MOUSE] Injected delta: 7, -9
[00:39:06.616] [INFO] [COMBAT] In attack block. Distance: 2.799650192260742
[00:39:06.617] [INFO] [COMBAT] One-Shot Mode. Attack: false
[00:39:06.651] [INFO] [COMBAT] In attack block. Distance: 2.954301118850708
[00:39:06.652] [INFO] [COMBAT] One-Shot Mode. Attack: false
[00:39:06.653] [DEBUG] [MOUSE] Injected delta: 0, 5
[00:39:06.699] [DEBUG] [PERCEPTION] Found combat target: attackable
[00:39:06.699] [INFO] [COMBAT] In attack block. Distance: 2.955195426940918
[00:39:06.699] [INFO] [COMBAT] One-Shot Mode. Attack: false
[00:39:06.699] [DEBUG] [MOUSE] Injected delta: 4, 20
[00:39:06.764] [INFO] [COMBAT] In attack block. Distance: 2.8964102268218994
[00:39:06.764] [INFO] [COMBAT] One-Shot Mode. Attack: false
[00:39:06.764] [DEBUG] [MOUSE] Injected delta: 5, 30
[00:39:06.813] [INFO] [COMBAT] In attack block. Distance: 2.795501708984375
[00:39:06.814] [INFO] [COMBAT] One-Shot Mode. Attack: false
[00:39:06.814] [DEBUG] [MOUSE] Injected delta: 2, 28
[00:39:06.866] [INFO] [COMBAT] In attack block. Distance: 2.600903034210205
[00:39:06.866] [INFO] [COMBAT] One-Shot Mode. Attack: false
[00:39:06.867] [DEBUG] [MOUSE] Injected delta: -1, 5
[00:39:06.916] [INFO] [COMBAT] In attack block. Distance: 2.3763835430145264
[00:39:06.916] [INFO] [COMBAT] One-Shot Mode. Attack: false
[00:39:06.965] [INFO] [COMBAT] In attack block. Distance: 2.1324689388275146
[00:39:06.966] [INFO] [COMBAT] One-Shot Mode. Attack: false
[00:39:06.966] [DEBUG] [MOUSE] Injected delta: -20, -8
[00:39:07.013] [DEBUG] [PERCEPTION] Found combat target: attackable
[00:39:07.014] [INFO] [COMBAT] In attack block. Distance: 1.928512454032898
[00:39:07.014] [INFO] [COMBAT] One-Shot Mode. Attack: false
[00:39:07.014] [DEBUG] [MOUSE] Injected delta: -69, -60
[00:39:07.050] [INFO] [COMBAT] In attack block. Distance: 1.7902891635894775
[00:39:07.051] [INFO] [COMBAT] One-Shot Mode. Attack: false
[00:39:07.051] [DEBUG] [MOUSE] Injected delta: -38, -27
[00:39:07.114] [INFO] [COMBAT] In attack block. Distance: 1.708518385887146
[00:39:07.114] [INFO] [COMBAT] One-Shot Mode. Attack: false
[00:39:07.165] [INFO] [COMBAT] In attack block. Distance: 1.716638445854187
[00:39:07.165] [INFO] [COMBAT] One-Shot Mode. Attack: false
[00:39:07.166] [DEBUG] [MOUSE] Injected delta: -31, 30
[00:39:07.204] [INFO] [COMBAT] In attack block. Distance: 1.7717055082321167
[00:39:07.204] [INFO] [COMBAT] One-Shot Mode. Attack: false
[00:39:07.204] [DEBUG] [MOUSE] Injected delta: -133, 111
[00:39:07.260] [INFO] [COMBAT] In attack block. Distance: 1.8285398483276367
[00:39:07.260] [INFO] [COMBAT] One-Shot Mode. Attack: false
[00:39:07.260] [DEBUG] [MOUSE] Injected delta: -78, 40
[00:39:07.315] [DEBUG] [PERCEPTION] Found combat target: attackable
[00:39:07.315] [INFO] [COMBAT] In attack block. Distance: 1.8703224658966064
[00:39:07.315] [INFO] [COMBAT] One-Shot Mode. Attack: false
[00:39:07.363] [INFO] [COMBAT] In attack block. Distance: 1.8872828483581543
[00:39:07.363] [INFO] [COMBAT] One-Shot Mode. Attack: false
[00:39:07.363] [DEBUG] [MOUSE] Injected delta: -45, 1
[00:39:07.401] [INFO] [COMBAT] In attack block. Distance: 1.8555017709732056
[00:39:07.402] [INFO] [COMBAT] One-Shot Mode. Attack: false
[00:39:07.402] [DEBUG] [MOUSE] Injected delta: -137, -7
[00:39:07.453] [INFO] [COMBAT] In attack block. Distance: 1.789674997329712
[00:39:07.454] [INFO] [COMBAT] One-Shot Mode. Attack: false
[00:39:07.454] [DEBUG] [MOUSE] Injected delta: -54, -8
[00:39:07.507] [INFO] [COMBAT] In attack block. Distance: 1.7055168151855469
[00:39:07.507] [INFO] [COMBAT] One-Shot Mode. Attack: false
[00:39:07.556] [INFO] [COMBAT] In attack block. Distance: 1.6349029541015625
[00:39:07.557] [INFO] [COMBAT] One-Shot Mode. Attack: false
[00:39:07.557] [DEBUG] [MOUSE] Injected delta: -3, -21
[00:39:07.599] [DEBUG] [PERCEPTION] Found combat target: attackable
[00:39:07.600] [INFO] [COMBAT] In attack block. Distance: 1.6134504079818726
[00:39:07.600] [INFO] [COMBAT] One-Shot Mode. Attack: false
[00:39:07.600] [DEBUG] [MOUSE] Injected delta: -13, -101
[00:39:07.653] [INFO] [COMBAT] In attack block. Distance: 1.6656454801559448
[00:39:07.653] [INFO] [COMBAT] One-Shot Mode. Attack: false
[00:39:07.654] [DEBUG] [MOUSE] Injected delta: -7, -41
[00:39:07.715] [INFO] [COMBAT] In attack block. Distance: 1.786028504371643
[00:39:07.715] [INFO] [COMBAT] One-Shot Mode. Attack: false
[00:39:07.763] [INFO] [COMBAT] In attack block. Distance: 2.0333597660064697
[00:39:07.764] [INFO] [COMBAT] One-Shot Mode. Attack: false
[00:39:07.764] [DEBUG] [MOUSE] Injected delta: -6, 17
[00:39:07.803] [INFO] [COMBAT] In attack block. Distance: 2.2775561809539795
[00:39:07.804] [INFO] [COMBAT] One-Shot Mode. Attack: false
[00:39:07.804] [DEBUG] [MOUSE] Injected delta: -26, 61
[00:39:07.866] [INFO] [COMBAT] In attack block. Distance: 2.508204221725464
[00:39:07.866] [INFO] [COMBAT] One-Shot Mode. Attack: false
[00:39:07.866] [DEBUG] [MOUSE] Injected delta: -9, 20
[00:39:07.916] [DEBUG] [PERCEPTION] Found combat target: attackable
[00:39:07.916] [INFO] [COMBAT] In attack block. Distance: 2.684997797012329
[00:39:07.916] [INFO] [COMBAT] One-Shot Mode. Attack: false
[00:39:07.965] [INFO] [COMBAT] In attack block. Distance: 2.809819221496582
[00:39:07.965] [INFO] [COMBAT] One-Shot Mode. Attack: false
[00:39:07.965] [DEBUG] [MOUSE] Injected delta: 1, 0
[00:39:08.011] [INFO] [COMBAT] In attack block. Distance: 2.843928337097168
[00:39:08.012] [INFO] [COMBAT] One-Shot Mode. Attack: false
[00:39:08.012] [DEBUG] [MOUSE] Injected delta: 5, -3
[00:39:08.058] [INFO] [COMBAT] In attack block. Distance: 2.839247465133667
[00:39:08.058] [INFO] [COMBAT] One-Shot Mode. Attack: false
[00:39:08.058] [DEBUG] [MOUSE] Injected delta: 7, -10
[00:39:08.112] [INFO] [COMBAT] In attack block. Distance: 2.7890756130218506
[00:39:08.112] [INFO] [COMBAT] One-Shot Mode. Attack: false
[00:39:08.112] [DEBUG] [MOUSE] Injected delta: 10, -11
[00:39:08.156] [INFO] [COMBAT] In attack block. Distance: 2.730768918991089
[00:39:08.156] [INFO] [COMBAT] One-Shot Mode. Attack: false
[00:39:08.156] [DEBUG] [MOUSE] Injected delta: 2, -5
[00:39:08.207] [DEBUG] [PERCEPTION] Found combat target: attackable
[00:39:08.207] [INFO] [COMBAT] In attack block. Distance: 2.6452295780181885
[00:39:08.207] [INFO] [COMBAT] One-Shot Mode. Attack: false
[00:39:08.256] [INFO] [COMBAT] In attack block. Distance: 2.6096434593200684
[00:39:08.256] [INFO] [COMBAT] One-Shot Mode. Attack: false
[00:39:08.256] [DEBUG] [MOUSE] Injected delta: 0, -6
[00:39:08.301] [INFO] [COMBAT] In attack block. Distance: 2.486248016357422
[00:39:08.301] [INFO] [COMBAT] One-Shot Mode. Attack: false
[00:39:08.302] [DEBUG] [MOUSE] Injected delta: -2, -27
[00:39:08.368] [INFO] [COMBAT] In attack block. Distance: 2.4747345447540283
[00:39:08.368] [INFO] [COMBAT] One-Shot Mode. Attack: false
[00:39:08.368] [DEBUG] [MOUSE] Injected delta: -11, -37
[00:39:08.411] [INFO] [COMBAT] In attack block. Distance: 2.5247297286987305
[00:39:08.411] [INFO] [COMBAT] One-Shot Mode. Attack: false
[00:39:08.411] [DEBUG] [MOUSE] Injected delta: -12, -27
[00:39:08.458] [INFO] [COMBAT] In attack block. Distance: 2.5438613891601562
[00:39:08.458] [INFO] [COMBAT] One-Shot Mode. Attack: false
[00:39:08.458] [DEBUG] [MOUSE] Injected delta: -6, -3
[00:39:08.508] [DEBUG] [PERCEPTION] Found combat target: attackable
[00:39:08.508] [INFO] [COMBAT] In attack block. Distance: 2.622427225112915
[00:39:08.509] [INFO] [COMBAT] One-Shot Mode. Attack: false
[00:39:08.558] [INFO] [COMBAT] In attack block. Distance: 2.6979026794433594
[00:39:08.558] [INFO] [COMBAT] One-Shot Mode. Attack: false
[00:39:08.558] [DEBUG] [MOUSE] Injected delta: -5, 6
[00:39:08.614] [INFO] [COMBAT] In attack block. Distance: 2.7985293865203857
[00:39:08.614] [INFO] [COMBAT] One-Shot Mode. Attack: false
[00:39:08.615] [DEBUG] [MOUSE] Injected delta: -21, 35
[00:39:08.659] [INFO] [COMBAT] In attack block. Distance: 2.9277727603912354
[00:39:08.659] [INFO] [COMBAT] One-Shot Mode. Attack: false
[00:39:08.660] [DEBUG] [MOUSE] Injected delta: -31, 50
[00:39:08.709] [DEBUG] [MOUSE] Injected delta: -19, 32
[00:39:08.753] [DEBUG] [MOUSE] Injected delta: -5, 6
[00:39:08.800] [DEBUG] [PERCEPTION] Found combat target: attackable
[00:39:08.800] [INFO] [COMBAT] In attack block. Distance: 2.996145248413086
[00:39:08.800] [INFO] [COMBAT] One-Shot Mode. Attack: true
[00:39:08.801] [INFO] [CLICK] Attempting performClick()
[00:39:08.801] [INFO] [CLICK] Pressed attack key - IS_DOWN: true
[00:39:08.865] [DEBUG] [CLICK] Released attack key
[00:39:08.865] [INFO] [COMBAT] In attack block. Distance: 2.9838266372680664
[00:39:08.865] [INFO] [COMBAT] One-Shot Mode. Attack: false
[00:39:08.865] [DEBUG] [MOUSE] Injected delta: -1, -3
[00:39:08.914] [INFO] [COMBAT] In attack block. Distance: 2.9718918800354004
[00:39:08.915] [INFO] [COMBAT] One-Shot Mode. Attack: false
[00:39:08.915] [DEBUG] [MOUSE] Injected delta: -3, -22
[00:39:08.963] [INFO] [COMBAT] In attack block. Distance: 2.9654970169067383
[00:39:08.963] [INFO] [COMBAT] One-Shot Mode. Attack: false
[00:39:08.963] [DEBUG] [MOUSE] Injected delta: -9, -46
[00:39:09.010] [INFO] [COMBAT] In attack block. Distance: 2.9919564723968506
[00:39:09.011] [INFO] [COMBAT] One-Shot Mode. Attack: false
[00:39:09.011] [DEBUG] [MOUSE] Injected delta: -7, -36
[00:39:09.053] [INFO] [COMBAT] In attack block. Distance: 2.939072370529175
[00:39:09.054] [INFO] [COMBAT] One-Shot Mode. Attack: false
[00:39:09.054] [DEBUG] [MOUSE] Injected delta: -3, -8
[00:39:09.119] [DEBUG] [PERCEPTION] Found combat target: attackable
[00:39:09.120] [INFO] [COMBAT] In attack block. Distance: 2.860546350479126
[00:39:09.120] [INFO] [COMBAT] One-Shot Mode. Attack: false
[00:39:09.162] [INFO] [COMBAT] In attack block. Distance: 2.987438678741455
[00:39:09.163] [INFO] [COMBAT] One-Shot Mode. Attack: false
[00:39:09.163] [DEBUG] [MOUSE] Injected delta: -2, 3
[00:39:09.213] [DEBUG] [MOUSE] Injected delta: -11, 20
[00:39:09.261] [DEBUG] [MOUSE] Injected delta: -20, 30
[00:39:09.311] [DEBUG] [MOUSE] Injected delta: -15, 23
[00:39:09.360] [DEBUG] [MOUSE] Injected delta: -4, 5
[00:39:09.402] [DEBUG] [PERCEPTION] Found combat target: attackable
[00:39:09.460] [DEBUG] [MOUSE] Injected delta: -1, 0
[00:39:09.509] [INFO] [COMBAT] In attack block. Distance: 2.941667318344116
[00:39:09.509] [INFO] [COMBAT] One-Shot Mode. Attack: true
[00:39:09.509] [INFO] [CLICK] Attempting performClick()
[00:39:09.509] [INFO] [CLICK] Pressed attack key - IS_DOWN: true
[00:39:09.509] [DEBUG] [MOUSE] Injected delta: -4, -6
[00:39:09.556] [DEBUG] [CLICK] Released attack key
[00:39:09.556] [INFO] [COMBAT] In attack block. Distance: 2.817502737045288
[00:39:09.556] [INFO] [COMBAT] One-Shot Mode. Attack: false
[00:39:09.557] [DEBUG] [MOUSE] Injected delta: -7, -18
[00:39:09.603] [INFO] [COMBAT] In attack block. Distance: 2.6907896995544434
[00:39:09.604] [INFO] [COMBAT] One-Shot Mode. Attack: false
[00:39:09.604] [DEBUG] [MOUSE] Injected delta: -5, -24
[00:39:09.652] [INFO] [COMBAT] In attack block. Distance: 2.5999255180358887
[00:39:09.653] [INFO] [COMBAT] One-Shot Mode. Attack: false
[00:39:09.654] [DEBUG] [MOUSE] Injected delta: -2, -6
[00:39:09.701] [DEBUG] [PERCEPTION] Found combat target: attackable
[00:39:09.701] [INFO] [COMBAT] In attack block. Distance: 2.474710464477539
[00:39:09.701] [INFO] [COMBAT] One-Shot Mode. Attack: false
[00:39:09.765] [INFO] [COMBAT] In attack block. Distance: 2.532756805419922
[00:39:09.765] [INFO] [COMBAT] One-Shot Mode. Attack: false
[00:39:09.765] [DEBUG] [MOUSE] Injected delta: -1, 3
[00:39:09.815] [INFO] [COMBAT] In attack block. Distance: 2.5925309658050537
[00:39:09.815] [INFO] [COMBAT] One-Shot Mode. Attack: false
[00:39:09.816] [DEBUG] [MOUSE] Injected delta: -4, 18
[00:39:09.865] [INFO] [COMBAT] In attack block. Distance: 2.5611090660095215
[00:39:09.866] [INFO] [COMBAT] One-Shot Mode. Attack: false
[00:39:09.866] [DEBUG] [MOUSE] Injected delta: -9, 32
[00:39:09.914] [INFO] [COMBAT] In attack block. Distance: 2.4993386268615723
[00:39:09.914] [INFO] [COMBAT] One-Shot Mode. Attack: false
[00:39:09.914] [DEBUG] [MOUSE] Injected delta: -8, 27
[00:39:09.965] [INFO] [COMBAT] In attack block. Distance: 2.4031317234039307
[00:39:09.965] [INFO] [COMBAT] One-Shot Mode. Attack: false
[00:39:09.965] [DEBUG] [MOUSE] Injected delta: -4, 8
[00:39:10.010] [DEBUG] [PERCEPTION] Found combat target: attackable
[00:39:10.010] [INFO] [COMBAT] In attack block. Distance: 2.2827939987182617
[00:39:10.010] [INFO] [COMBAT] One-Shot Mode. Attack: false
[00:39:10.059] [INFO] [COMBAT] In attack block. Distance: 2.132737398147583
[00:39:10.060] [INFO] [COMBAT] One-Shot Mode. Attack: false
[00:39:10.060] [DEBUG] [MOUSE] Injected delta: -27, 7
[00:39:10.107] [INFO] [COMBAT] In attack block. Distance: 1.9708361625671387
[00:39:10.107] [INFO] [COMBAT] One-Shot Mode. Attack: false
[00:39:10.108] [DEBUG] [MOUSE] Injected delta: -90, -3
[00:39:10.155] [INFO] [COMBAT] In attack block. Distance: 1.8200417757034302
[00:39:10.156] [INFO] [COMBAT] One-Shot Mode. Attack: false
[00:39:10.156] [DEBUG] [MOUSE] Injected delta: -38, -11
[00:39:10.203] [INFO] [COMBAT] In attack block. Distance: 1.700719952583313
[00:39:10.204] [INFO] [COMBAT] One-Shot Mode. Attack: false
[00:39:10.251] [INFO] [COMBAT] In attack block. Distance: 1.6536424160003662
[00:39:10.251] [INFO] [COMBAT] One-Shot Mode. Attack: false
[00:39:10.251] [DEBUG] [MOUSE] Injected delta: -14, -28
[00:39:10.302] [DEBUG] [PERCEPTION] Found combat target: attackable
[00:39:10.302] [INFO] [COMBAT] In attack block. Distance: 1.64971125125885
[00:39:10.303] [INFO] [COMBAT] One-Shot Mode. Attack: false
[00:39:10.303] [DEBUG] [MOUSE] Injected delta: -45, -79
[00:39:10.358] [INFO] [COMBAT] In attack block. Distance: 1.7369647026062012
[00:39:10.358] [INFO] [COMBAT] One-Shot Mode. Attack: false
[00:39:10.358] [DEBUG] [MOUSE] Injected delta: -20, -10
[00:39:10.400] [INFO] [COMBAT] In attack block. Distance: 1.9199771881103516
[00:39:10.401] [INFO] [COMBAT] One-Shot Mode. Attack: false
[00:39:10.460] [INFO] [COMBAT] In attack block. Distance: 2.1114819049835205
[00:39:10.460] [INFO] [COMBAT] One-Shot Mode. Attack: false
[00:39:10.460] [DEBUG] [MOUSE] Injected delta: -22, 29
[00:39:10.515] [INFO] [COMBAT] In attack block. Distance: 2.2932868003845215
[00:39:10.515] [INFO] [COMBAT] One-Shot Mode. Attack: false
[00:39:10.515] [DEBUG] [MOUSE] Injected delta: -84, 81
[00:39:10.558] [INFO] [COMBAT] In attack block. Distance: 2.4654808044433594
[00:39:10.558] [INFO] [COMBAT] One-Shot Mode. Attack: false
[00:39:10.558] [DEBUG] [MOUSE] Injected delta: -34, 30
[00:39:10.601] [DEBUG] [PERCEPTION] Found combat target: attackable
[00:39:10.601] [INFO] [COMBAT] In attack block. Distance: 2.6080217361450195
[00:39:10.601] [INFO] [COMBAT] One-Shot Mode. Attack: false
[00:39:10.663] [INFO] [COMBAT] In attack block. Distance: 2.643634796142578
[00:39:10.663] [INFO] [COMBAT] One-Shot Mode. Attack: false
[00:39:10.664] [DEBUG] [MOUSE] Injected delta: -4, -2
[00:39:10.709] [INFO] [COMBAT] In attack block. Distance: 2.6395580768585205
[00:39:10.709] [INFO] [COMBAT] One-Shot Mode. Attack: false
[00:39:10.709] [DEBUG] [MOUSE] Injected delta: -19, -13
[00:39:10.753] [INFO] [COMBAT] In attack block. Distance: 2.6096253395080566
[00:39:10.754] [INFO] [COMBAT] One-Shot Mode. Attack: false
[00:39:10.754] [DEBUG] [MOUSE] Injected delta: -23, -23
[00:39:10.815] [INFO] [COMBAT] In attack block. Distance: 2.5118813514709473
[00:39:10.815] [INFO] [COMBAT] One-Shot Mode. Attack: false
[00:39:10.815] [DEBUG] [MOUSE] Injected delta: -17, -27
[00:39:10.858] [INFO] [COMBAT] In attack block. Distance: 2.4308462142944336
[00:39:10.858] [INFO] [COMBAT] One-Shot Mode. Attack: false
[00:39:10.859] [DEBUG] [MOUSE] Injected delta: -5, -8
[00:39:10.905] [DEBUG] [PERCEPTION] Found combat target: attackable
[00:39:10.905] [INFO] [COMBAT] In attack block. Distance: 2.4543731212615967
[00:39:10.905] [INFO] [COMBAT] One-Shot Mode. Attack: false
[00:39:10.958] [INFO] [COMBAT] In attack block. Distance: 2.489739179611206
[00:39:10.959] [INFO] [COMBAT] One-Shot Mode. Attack: false
[00:39:10.959] [DEBUG] [MOUSE] Injected delta: 52, -28
[00:39:11.005] [INFO] [COMBAT] In attack block. Distance: 2.5977184772491455
[00:39:11.006] [INFO] [COMBAT] One-Shot Mode. Attack: false
[00:39:11.006] [DEBUG] [MOUSE] Injected delta: 130, -76
[00:39:11.063] [INFO] [COMBAT] In attack block. Distance: 2.710739850997925
[00:39:11.064] [INFO] [COMBAT] One-Shot Mode. Attack: false
[00:39:11.064] [DEBUG] [MOUSE] Injected delta: 48, -27
[00:39:11.104] [INFO] [COMBAT] In attack block. Distance: 2.782374620437622
[00:39:11.104] [INFO] [COMBAT] One-Shot Mode. Attack: false
[00:39:11.158] [INFO] [COMBAT] In attack block. Distance: 2.8322417736053467
[00:39:11.158] [INFO] [COMBAT] One-Shot Mode. Attack: false
[00:39:11.158] [DEBUG] [MOUSE] Injected delta: 10, 0
[00:39:11.211] [DEBUG] [PERCEPTION] Found combat target: attackable
[00:39:11.211] [INFO] [COMBAT] In attack block. Distance: 2.7776083946228027
[00:39:11.212] [INFO] [COMBAT] One-Shot Mode. Attack: false
[00:39:11.212] [DEBUG] [MOUSE] Injected delta: 45, -2
[00:39:11.251] [INFO] [COMBAT] In attack block. Distance: 2.7157866954803467
[00:39:11.252] [INFO] [COMBAT] One-Shot Mode. Attack: false
[00:39:11.252] [DEBUG] [MOUSE] Injected delta: 68, -2
[00:39:11.306] [INFO] [COMBAT] In attack block. Distance: 2.6885318756103516
[00:39:11.306] [INFO] [COMBAT] One-Shot Mode. Attack: false
[00:39:11.306] [DEBUG] [MOUSE] Injected delta: 60, -2
[00:39:11.358] [INFO] [COMBAT] In attack block. Distance: 2.6549527645111084
[00:39:11.359] [INFO] [COMBAT] One-Shot Mode. Attack: false
[00:39:11.359] [DEBUG] [MOUSE] Injected delta: 14, -1
[00:39:11.410] [INFO] [COMBAT] In attack block. Distance: 2.5042724609375
[00:39:11.411] [INFO] [COMBAT] One-Shot Mode. Attack: false
[00:39:11.450] [INFO] [COMBAT] In attack block. Distance: 2.350954055786133
[00:39:11.451] [INFO] [COMBAT] One-Shot Mode. Attack: false
[00:39:11.451] [DEBUG] [MOUSE] Injected delta: 13, 0
[00:39:11.508] [DEBUG] [PERCEPTION] Found combat target: attackable
[00:39:11.509] [INFO] [COMBAT] In attack block. Distance: 2.320911169052124
[00:39:11.509] [INFO] [COMBAT] One-Shot Mode. Attack: false
[00:39:11.509] [DEBUG] [MOUSE] Injected delta: 33, -3
[00:39:11.590] [INFO] [COMBAT] In attack block. Distance: 2.414931297302246
[00:39:11.591] [INFO] [COMBAT] One-Shot Mode. Attack: false
[00:39:11.591] [DEBUG] [MOUSE] Injected delta: 9, -1
[00:39:11.614] [INFO] [COMBAT] In attack block. Distance: 2.5392138957977295
[00:39:11.615] [INFO] [COMBAT] One-Shot Mode. Attack: false
[00:39:11.676] [INFO] [COMBAT] In attack block. Distance: 2.589301347732544
[00:39:11.676] [INFO] [COMBAT] One-Shot Mode. Attack: false
[00:39:11.680] [DEBUG] [MOUSE] Injected delta: -3, 0
[00:39:11.761] [INFO] [COMBAT] In attack block. Distance: 2.6545536518096924
[00:39:11.761] [INFO] [COMBAT] One-Shot Mode. Attack: false
[00:39:11.764] [INFO] [COMBAT] In attack block. Distance: 2.7008509635925293
[00:39:11.766] [INFO] [COMBAT] One-Shot Mode. Attack: false
[00:39:11.766] [DEBUG] [MOUSE] Injected delta: -34, 0
[00:39:11.836] [DEBUG] [PERCEPTION] Found combat target: attackable
[00:39:11.836] [INFO] [COMBAT] In attack block. Distance: 2.7393362522125244
[00:39:11.836] [INFO] [COMBAT] One-Shot Mode. Attack: false
[00:39:11.836] [DEBUG] [MOUSE] Injected delta: -31, 1
[00:39:11.933] [INFO] [COMBAT] In attack block. Distance: 2.656075954437256
[00:39:11.934] [INFO] [COMBAT] One-Shot Mode. Attack: false
[00:39:11.934] [DEBUG] [MOUSE] Injected delta: -8, 0
[00:39:12.008] [INFO] [COMBAT] In attack block. Distance: 2.65282940864563
[00:39:12.009] [INFO] [COMBAT] One-Shot Mode. Attack: false
[00:39:12.013] [INFO] [COMBAT] In attack block. Distance: 2.654587745666504
[00:39:12.013] [INFO] [COMBAT] One-Shot Mode. Attack: false
[00:39:12.013] [DEBUG] [MOUSE] Injected delta: -8, 0
[00:39:12.089] [INFO] [COMBAT] In attack block. Distance: 2.6623551845550537
[00:39:12.102] [INFO] [COMBAT] One-Shot Mode. Attack: false
[00:39:12.117] [INFO] [COMBAT] In attack block. Distance: 2.4659667015075684
[00:39:12.122] [INFO] [COMBAT] One-Shot Mode. Attack: false
[00:39:12.123] [DEBUG] [MOUSE] Injected delta: -70, -1
[00:39:12.211] [DEBUG] [PERCEPTION] Found combat target: attackable
[00:39:12.212] [INFO] [COMBAT] In attack block. Distance: 2.61356258392334
[00:39:12.212] [INFO] [COMBAT] One-Shot Mode. Attack: false
[00:39:12.214] [INFO] [COMBAT] In attack block. Distance: 2.726628065109253
[00:39:12.214] [INFO] [COMBAT] One-Shot Mode. Attack: false
[00:39:12.220] [INFO] [COMBAT] In attack block. Distance: 2.8244597911834717
[00:39:12.220] [INFO] [COMBAT] One-Shot Mode. Attack: false
[00:39:12.277] [INFO] [COMBAT] In attack block. Distance: 2.6587274074554443
[00:39:12.278] [INFO] [COMBAT] One-Shot Mode. Attack: false
[00:39:12.278] [DEBUG] [MOUSE] Injected delta: -14, -1
[00:39:12.312] [INFO] [COMBAT] In attack block. Distance: 2.6217081546783447
[00:39:12.312] [INFO] [COMBAT] One-Shot Mode. Attack: false
[00:39:12.313] [DEBUG] [MOUSE] Injected delta: -67, -2
[00:39:12.366] [INFO] [COMBAT] In attack block. Distance: 2.6744048595428467
[00:39:12.367] [INFO] [COMBAT] One-Shot Mode. Attack: false
[00:39:12.368] [DEBUG] [MOUSE] Injected delta: -99, -5
[00:39:12.415] [DEBUG] [PERCEPTION] Found combat target: attackable
[00:39:12.416] [INFO] [COMBAT] In attack block. Distance: 2.7318708896636963
[00:39:12.416] [INFO] [COMBAT] One-Shot Mode. Attack: false
[00:39:12.416] [DEBUG] [MOUSE] Injected delta: -74, -3
[00:39:12.454] [INFO] [COMBAT] In attack block. Distance: 2.7945971488952637
[00:39:12.454] [INFO] [COMBAT] One-Shot Mode. Attack: false
[00:39:12.454] [DEBUG] [MOUSE] Injected delta: -17, 0
[00:39:12.512] [INFO] [COMBAT] In attack block. Distance: 2.7775309085845947
[00:39:12.513] [INFO] [COMBAT] One-Shot Mode. Attack: false
[00:39:12.560] [INFO] [COMBAT] In attack block. Distance: 2.76719069480896
[00:39:12.561] [INFO] [COMBAT] One-Shot Mode. Attack: false
[00:39:12.561] [DEBUG] [MOUSE] Injected delta: -19, -1
[00:39:12.634] [INFO] [COMBAT] In attack block. Distance: 2.80527663230896
[00:39:12.634] [INFO] [COMBAT] One-Shot Mode. Attack: false
[00:39:12.635] [DEBUG] [MOUSE] Injected delta: -89, -2
[00:39:12.720] [INFO] [COMBAT] In attack block. Distance: 2.849138021469116
[00:39:12.720] [INFO] [COMBAT] One-Shot Mode. Attack: false
[00:39:12.726] [DEBUG] [PERCEPTION] Found combat target: attackable
[00:39:12.726] [INFO] [COMBAT] In attack block. Distance: 2.898545980453491
[00:39:12.727] [INFO] [COMBAT] One-Shot Mode. Attack: false
[00:39:12.727] [DEBUG] [MOUSE] Injected delta: -96, -2
[00:39:12.759] [INFO] [COMBAT] In attack block. Distance: 2.9136674404144287
[00:39:12.766] [INFO] [COMBAT] One-Shot Mode. Attack: false
[00:39:12.767] [DEBUG] [MOUSE] Injected delta: -22, -1
[00:39:12.831] [INFO] [COMBAT] In attack block. Distance: 2.9547483921051025
[00:39:12.831] [INFO] [COMBAT] One-Shot Mode. Attack: false
[00:39:12.858] [DEBUG] [MOUSE] Injected delta: -24, 0
[00:39:12.946] [INFO] [COMBAT] In attack block. Distance: 2.987802743911743
[00:39:12.947] [INFO] [COMBAT] One-Shot Mode. Attack: true
[00:39:12.949] [INFO] [CLICK] Attempting performClick()
[00:39:12.950] [INFO] [CLICK] Pressed attack key - IS_DOWN: true
[00:39:12.950] [DEBUG] [MOUSE] Injected delta: -113, -3
[00:39:12.967] [DEBUG] [MOUSE] Injected delta: -171, -4
[00:39:13.026] [DEBUG] [PERCEPTION] Found combat target: attackable
[00:39:13.026] [DEBUG] [CLICK] Released attack key
[00:39:13.027] [DEBUG] [MOUSE] Injected delta: -139, -3
[00:39:13.069] [DEBUG] [MOUSE] Injected delta: -35, -1
[00:39:13.151] [DEBUG] [MOUSE] Injected delta: -39, 0
[00:39:13.207] [DEBUG] [MOUSE] Injected delta: -179, -2
[00:39:13.253] [DEBUG] [MOUSE] Injected delta: -260, -1
[00:39:13.312] [DEBUG] [PERCEPTION] Found combat target: attackable
[00:39:13.312] [DEBUG] [MOUSE] Injected delta: -191, -2
[00:39:13.354] [DEBUG] [MOUSE] Injected delta: -44, 0
[00:39:13.461] [DEBUG] [MOUSE] Injected delta: -46, -1
[00:39:13.513] [DEBUG] [MOUSE] Injected delta: -211, 0
[00:39:13.565] [DEBUG] [MOUSE] Injected delta: -302, 0
[00:39:13.615] [DEBUG] [PERCEPTION] Found combat target: attackable
[00:39:13.616] [DEBUG] [MOUSE] Injected delta: -218, 0
[00:39:13.661] [DEBUG] [MOUSE] Injected delta: -49, 0
[00:39:13.756] [DEBUG] [MOUSE] Injected delta: -50, -1
[00:39:13.812] [DEBUG] [MOUSE] Injected delta: -224, 0
[00:39:13.856] [DEBUG] [MOUSE] Injected delta: -316, -1
