[12:29:27.957] [INFO] [SYSTEM] === MobileMinerOng Log Session Started ===
[12:29:27.961] [INFO] [SYSTEM] MobileMinerOng initialized
[12:29:56.412] [INFO] [EVENT] Diagnostic run started
[12:29:56.415] [INFO] [BOT] State: RECOVERING
[12:29:56.419] [INFO] [POSITION] Player: (-84.21558464236365, 84.0, -105.04989377932621)
[12:29:56.421] [INFO] [ROTATION] Yaw: 144.24208 Pitch: 22.121994
[12:29:56.422] [INFO] [EVENT] Diagnostic run complete
[12:30:20.831] [DEBUG] [PATHFINDER] Blocked at: BlockPos{x=-85, y=85, z=-107} | Feet: Air | FloorSolid: false
[12:30:20.849] [DEBUG] [PATHFINDER] Blocked at: BlockPos{x=-85, y=85, z=-105} | Feet: Air | FloorSolid: false
[12:30:20.852] [DEBUG] [PATHFINDER] Blocked at: BlockPos{x=-84, y=85, z=-106} | Feet: Air | FloorSolid: false
[12:30:20.856] [DEBUG] [PATHFINDER] Blocked at: BlockPos{x=-86, y=85, z=-106} | Feet: Air | FloorSolid: false
[12:30:20.857] [DEBUG] [PATHFINDER] Blocked at: BlockPos{x=-85, y=83, z=-107} | Feet: Light Gray Concrete | FloorSolid: true
[12:30:20.857] [DEBUG] [PATHFINDER] Blocked at: BlockPos{x=-85, y=83, z=-105} | Feet: Black Concrete | FloorSolid: true
[12:30:20.858] [DEBUG] [PATHFINDER] Blocked at: BlockPos{x=-84, y=83, z=-106} | Feet: Gray Concrete | FloorSolid: true
[12:30:20.858] [DEBUG] [PATHFINDER] Blocked at: BlockPos{x=-86, y=83, z=-106} | Feet: Gray Concrete | FloorSolid: true
[12:30:20.861] [DEBUG] [PATHFINDER] Blocked at: BlockPos{x=-84, y=85, z=-107} | Feet: Air | FloorSolid: false
[12:30:20.869] [DEBUG] [PATHFINDER] Blocked at: BlockPos{x=-84, y=85, z=-105} | Feet: Air | FloorSolid: false
[12:30:20.871] [DEBUG] [PATHFINDER] Blocked at: BlockPos{x=-83, y=85, z=-106} | Feet: Air | FloorSolid: false
[12:30:20.872] [DEBUG] [PATHFINDER] Blocked at: BlockPos{x=-85, y=85, z=-106} | Feet: Air | FloorSolid: false
[12:30:20.873] [DEBUG] [PATHFINDER] Blocked at: BlockPos{x=-84, y=83, z=-107} | Feet: Light Gray Concrete | FloorSolid: true
[12:30:20.875] [DEBUG] [PATHFINDER] Blocked at: BlockPos{x=-84, y=83, z=-105} | Feet: Black Concrete | FloorSolid: true
[12:30:20.877] [DEBUG] [PATHFINDER] Blocked at: BlockPos{x=-83, y=83, z=-106} | Feet: Gray Concrete | FloorSolid: true
[12:30:20.878] [DEBUG] [PATHFINDER] Blocked at: BlockPos{x=-85, y=83, z=-106} | Feet: Gray Concrete | FloorSolid: true
[12:30:20.879] [DEBUG] [PATHFINDER] Blocked at: BlockPos{x=-83, y=85, z=-107} | Feet: Air | FloorSolid: false
[12:30:20.879] [DEBUG] [PATHFINDER] Blocked at: BlockPos{x=-83, y=85, z=-105} | Feet: Air | FloorSolid: false
[12:30:20.880] [DEBUG] [PATHFINDER] Blocked at: BlockPos{x=-82, y=85, z=-106} | Feet: Air | FloorSolid: false
[12:30:20.880] [DEBUG] [PATHFINDER] Blocked at: BlockPos{x=-84, y=85, z=-106} | Feet: Air | FloorSolid: false
[12:30:20.881] [DEBUG] [PATHFINDER] Blocked at: BlockPos{x=-83, y=83, z=-107} | Feet: Light Gray Concrete | FloorSolid: true
[12:30:20.881] [DEBUG] [PATHFINDER] Blocked at: BlockPos{x=-83, y=83, z=-105} | Feet: Black Concrete | FloorSolid: true
[12:30:20.881] [DEBUG] [PATHFINDER] Blocked at: BlockPos{x=-82, y=83, z=-106} | Feet: Gray Concrete | FloorSolid: true
[12:30:20.882] [DEBUG] [PATHFINDER] Blocked at: BlockPos{x=-84, y=83, z=-106} | Feet: Gray Concrete | FloorSolid: true
[12:30:20.885] [DEBUG] [PATHFINDER] Blocked at: BlockPos{x=-82, y=85, z=-107} | Feet: Air | FloorSolid: false
[12:30:20.885] [DEBUG] [PATHFINDER] Blocked at: BlockPos{x=-82, y=85, z=-105} | Feet: Air | FloorSolid: false
[12:30:20.886] [DEBUG] [PATHFINDER] Blocked at: BlockPos{x=-81, y=85, z=-106} | Feet: Air | FloorSolid: false
[12:30:20.886] [DEBUG] [PATHFINDER] Blocked at: BlockPos{x=-83, y=85, z=-106} | Feet: Air | FloorSolid: false
[12:30:20.887] [DEBUG] [PATHFINDER] Blocked at: BlockPos{x=-82, y=83, z=-107} | Feet: Light Gray Concrete | FloorSolid: true
[12:30:20.887] [DEBUG] [PATHFINDER] Blocked at: BlockPos{x=-82, y=83, z=-105} | Feet: Black Concrete | FloorSolid: true
[12:30:20.887] [DEBUG] [PATHFINDER] Blocked at: BlockPos{x=-81, y=83, z=-106} | Feet: Gray Concrete | FloorSolid: true
[12:30:20.888] [DEBUG] [PATHFINDER] Blocked at: BlockPos{x=-83, y=83, z=-106} | Feet: Gray Concrete | FloorSolid: true
[12:30:20.888] [DEBUG] [PATHFINDER] Blocked at: BlockPos{x=-81, y=85, z=-107} | Feet: Air | FloorSolid: false
[12:30:20.889] [DEBUG] [PATHFINDER] Blocked at: BlockPos{x=-81, y=85, z=-105} | Feet: Air | FloorSolid: false
[12:30:20.889] [DEBUG] [PATHFINDER] Blocked at: BlockPos{x=-80, y=85, z=-106} | Feet: Air | FloorSolid: false
[12:30:20.895] [DEBUG] [PATHFINDER] Blocked at: BlockPos{x=-82, y=85, z=-106} | Feet: Air | FloorSolid: false
[12:30:20.896] [DEBUG] [PATHFINDER] Blocked at: BlockPos{x=-81, y=83, z=-107} | Feet: Light Gray Concrete | FloorSolid: true
[12:30:20.897] [DEBUG] [PATHFINDER] Blocked at: BlockPos{x=-81, y=83, z=-105} | Feet: Black Concrete | FloorSolid: true
[12:30:20.898] [DEBUG] [PATHFINDER] Blocked at: BlockPos{x=-80, y=83, z=-106} | Feet: Gray Concrete | FloorSolid: true
[12:30:20.898] [DEBUG] [PATHFINDER] Blocked at: BlockPos{x=-82, y=83, z=-106} | Feet: Gray Concrete | FloorSolid: true
[12:30:20.898] [DEBUG] [PATHFINDER] Blocked at: BlockPos{x=-81, y=85, z=-106} | Feet: Air | FloorSolid: false
[12:30:20.899] [DEBUG] [PATHFINDER] Blocked at: BlockPos{x=-81, y=85, z=-104} | Feet: Air | FloorSolid: false
[12:30:20.900] [DEBUG] [PATHFINDER] Blocked at: BlockPos{x=-80, y=85, z=-105} | Feet: Air | FloorSolid: false
[12:30:20.900] [DEBUG] [PATHFINDER] Blocked at: BlockPos{x=-82, y=85, z=-105} | Feet: Air | FloorSolid: false
[12:30:20.901] [DEBUG] [PATHFINDER] Blocked at: BlockPos{x=-81, y=83, z=-106} | Feet: Gray Concrete | FloorSolid: true
[12:30:20.901] [DEBUG] [PATHFINDER] Blocked at: BlockPos{x=-81, y=83, z=-104} | Feet: White Concrete | FloorSolid: true
[12:30:20.902] [DEBUG] [PATHFINDER] Blocked at: BlockPos{x=-80, y=83, z=-105} | Feet: Black Concrete | FloorSolid: true
[12:30:20.902] [DEBUG] [PATHFINDER] Blocked at: BlockPos{x=-82, y=83, z=-105} | Feet: Black Concrete | FloorSolid: true
[12:30:20.902] [DEBUG] [PATHFINDER] Blocked at: BlockPos{x=-80, y=85, z=-106} | Feet: Air | FloorSolid: false
[12:30:20.903] [DEBUG] [PATHFINDER] Blocked at: BlockPos{x=-80, y=85, z=-104} | Feet: Air | FloorSolid: false
[12:30:20.903] [DEBUG] [PATHFINDER] Blocked at: BlockPos{x=-79, y=85, z=-105} | Feet: Air | FloorSolid: false
[12:30:20.903] [DEBUG] [PATHFINDER] Blocked at: BlockPos{x=-81, y=85, z=-105} | Feet: Air | FloorSolid: false
[12:30:20.904] [DEBUG] [PATHFINDER] Blocked at: BlockPos{x=-80, y=83, z=-106} | Feet: Gray Concrete | FloorSolid: true
[12:30:20.904] [DEBUG] [PATHFINDER] Blocked at: BlockPos{x=-80, y=83, z=-104} | Feet: White Concrete | FloorSolid: true
[12:30:20.904] [DEBUG] [PATHFINDER] Blocked at: BlockPos{x=-79, y=83, z=-105} | Feet: Black Concrete | FloorSolid: true
[12:30:20.905] [DEBUG] [PATHFINDER] Blocked at: BlockPos{x=-81, y=83, z=-105} | Feet: Black Concrete | FloorSolid: true
[12:30:20.906] [DEBUG] [PATHFINDER] Blocked at: BlockPos{x=-80, y=85, z=-105} | Feet: Air | FloorSolid: false
[12:30:20.906] [DEBUG] [PATHFINDER] Blocked at: BlockPos{x=-80, y=85, z=-103} | Feet: Air | FloorSolid: false
[12:30:20.907] [DEBUG] [PATHFINDER] Blocked at: BlockPos{x=-79, y=85, z=-104} | Feet: Air | FloorSolid: false
[12:30:20.908] [DEBUG] [PATHFINDER] Blocked at: BlockPos{x=-81, y=85, z=-104} | Feet: Air | FloorSolid: false
[12:30:20.910] [DEBUG] [PATHFINDER] Blocked at: BlockPos{x=-80, y=83, z=-105} | Feet: Black Concrete | FloorSolid: true
[12:30:20.911] [DEBUG] [PATHFINDER] Blocked at: BlockPos{x=-80, y=83, z=-103} | Feet: Black Concrete | FloorSolid: true
[12:30:20.912] [DEBUG] [PATHFINDER] Blocked at: BlockPos{x=-79, y=83, z=-104} | Feet: White Concrete | FloorSolid: true
[12:30:20.912] [DEBUG] [PATHFINDER] Blocked at: BlockPos{x=-81, y=83, z=-104} | Feet: White Concrete | FloorSolid: true
[12:30:20.916] [DEBUG] [PATHFINDER] Blocked at: BlockPos{x=-79, y=85, z=-105} | Feet: Air | FloorSolid: false
[12:30:20.917] [DEBUG] [PATHFINDER] Blocked at: BlockPos{x=-79, y=85, z=-103} | Feet: Air | FloorSolid: false
[12:30:20.917] [DEBUG] [PATHFINDER] Blocked at: BlockPos{x=-78, y=85, z=-104} | Feet: Air | FloorSolid: false
[12:30:20.918] [DEBUG] [PATHFINDER] Blocked at: BlockPos{x=-80, y=85, z=-104} | Feet: Air | FloorSolid: false
[12:30:20.918] [DEBUG] [PATHFINDER] Blocked at: BlockPos{x=-79, y=83, z=-105} | Feet: Black Concrete | FloorSolid: true
[12:30:20.919] [DEBUG] [PATHFINDER] Blocked at: BlockPos{x=-79, y=83, z=-103} | Feet: Black Concrete | FloorSolid: true
[12:30:20.919] [DEBUG] [PATHFINDER] Blocked at: BlockPos{x=-78, y=83, z=-104} | Feet: White Concrete | FloorSolid: true
[12:30:20.919] [DEBUG] [PATHFINDER] Blocked at: BlockPos{x=-80, y=83, z=-104} | Feet: White Concrete | FloorSolid: true
[12:30:20.919] [DEBUG] [PATHFINDER] Blocked at: BlockPos{x=-79, y=85, z=-104} | Feet: Air | FloorSolid: false
[12:30:20.920] [DEBUG] [PATHFINDER] Blocked at: BlockPos{x=-79, y=85, z=-102} | Feet: Air | FloorSolid: false
[12:30:20.920] [DEBUG] [PATHFINDER] Blocked at: BlockPos{x=-78, y=85, z=-103} | Feet: Air | FloorSolid: false
[12:30:20.920] [DEBUG] [PATHFINDER] Blocked at: BlockPos{x=-80, y=85, z=-103} | Feet: Air | FloorSolid: false
[12:30:20.920] [DEBUG] [PATHFINDER] Blocked at: BlockPos{x=-79, y=83, z=-104} | Feet: White Concrete | FloorSolid: true
[12:30:20.921] [DEBUG] [PATHFINDER] Blocked at: BlockPos{x=-79, y=83, z=-102} | Feet: White Concrete | FloorSolid: true
[12:30:20.921] [DEBUG] [PATHFINDER] Blocked at: BlockPos{x=-78, y=83, z=-103} | Feet: Black Concrete | FloorSolid: true
[12:30:20.922] [DEBUG] [PATHFINDER] Blocked at: BlockPos{x=-80, y=83, z=-103} | Feet: Black Concrete | FloorSolid: true
[12:30:22.617] [DEBUG] [PATHFINDER] Blocked at: BlockPos{x=-82, y=85, z=-106} | Feet: Air | FloorSolid: false
[12:30:22.618] [DEBUG] [PATHFINDER] Blocked at: BlockPos{x=-82, y=85, z=-104} | Feet: Air | FloorSolid: false
[12:30:22.618] [DEBUG] [PATHFINDER] Blocked at: BlockPos{x=-81, y=85, z=-105} | Feet: Air | FloorSolid: false
[12:30:22.619] [DEBUG] [PATHFINDER] Blocked at: BlockPos{x=-83, y=85, z=-105} | Feet: Air | FloorSolid: false
[12:30:22.619] [DEBUG] [PATHFINDER] Blocked at: BlockPos{x=-82, y=83, z=-106} | Feet: Gray Concrete | FloorSolid: true
[12:30:22.619] [DEBUG] [PATHFINDER] Blocked at: BlockPos{x=-82, y=83, z=-104} | Feet: White Concrete | FloorSolid: true
[12:30:22.619] [DEBUG] [PATHFINDER] Blocked at: BlockPos{x=-81, y=83, z=-105} | Feet: Black Concrete | FloorSolid: true
[12:30:22.620] [DEBUG] [PATHFINDER] Blocked at: BlockPos{x=-83, y=83, z=-105} | Feet: Black Concrete | FloorSolid: true
[12:30:22.620] [DEBUG] [PATHFINDER] Blocked at: BlockPos{x=-82, y=85, z=-105} | Feet: Air | FloorSolid: false
[12:30:22.620] [DEBUG] [PATHFINDER] Blocked at: BlockPos{x=-82, y=85, z=-103} | Feet: Air | FloorSolid: false
[12:30:22.620] [DEBUG] [PATHFINDER] Blocked at: BlockPos{x=-81, y=85, z=-104} | Feet: Air | FloorSolid: false
[12:30:22.620] [DEBUG] [PATHFINDER] Blocked at: BlockPos{x=-83, y=85, z=-104} | Feet: Air | FloorSolid: false
[12:30:22.621] [DEBUG] [PATHFINDER] Blocked at: BlockPos{x=-82, y=83, z=-105} | Feet: Black Concrete | FloorSolid: true
[12:30:22.621] [DEBUG] [PATHFINDER] Blocked at: BlockPos{x=-82, y=83, z=-103} | Feet: Black Concrete | FloorSolid: true
[12:30:22.621] [DEBUG] [PATHFINDER] Blocked at: BlockPos{x=-81, y=83, z=-104} | Feet: White Concrete | FloorSolid: true
[12:30:22.621] [DEBUG] [PATHFINDER] Blocked at: BlockPos{x=-83, y=83, z=-104} | Feet: White Concrete | FloorSolid: true
[12:30:22.919] [DEBUG] [PATHFINDER] Blocked at: BlockPos{x=-82, y=85, z=-106} | Feet: Air | FloorSolid: false
[12:30:22.919] [DEBUG] [PATHFINDER] Blocked at: BlockPos{x=-82, y=85, z=-104} | Feet: Air | FloorSolid: false
[12:30:22.920] [DEBUG] [PATHFINDER] Blocked at: BlockPos{x=-81, y=85, z=-105} | Feet: Air | FloorSolid: false
[12:30:22.920] [DEBUG] [PATHFINDER] Blocked at: BlockPos{x=-83, y=85, z=-105} | Feet: Air | FloorSolid: false
[12:30:22.921] [DEBUG] [PATHFINDER] Blocked at: BlockPos{x=-82, y=83, z=-106} | Feet: Gray Concrete | FloorSolid: true
[12:30:22.921] [DEBUG] [PATHFINDER] Blocked at: BlockPos{x=-82, y=83, z=-104} | Feet: White Concrete | FloorSolid: true
[12:30:22.921] [DEBUG] [PATHFINDER] Blocked at: BlockPos{x=-81, y=83, z=-105} | Feet: Black Concrete | FloorSolid: true
[12:30:22.922] [DEBUG] [PATHFINDER] Blocked at: BlockPos{x=-83, y=83, z=-105} | Feet: Black Concrete | FloorSolid: true
[12:30:22.922] [DEBUG] [PATHFINDER] Blocked at: BlockPos{x=-82, y=85, z=-105} | Feet: Air | FloorSolid: false
[12:30:22.922] [DEBUG] [PATHFINDER] Blocked at: BlockPos{x=-82, y=85, z=-103} | Feet: Air | FloorSolid: false
[12:30:22.923] [DEBUG] [PATHFINDER] Blocked at: BlockPos{x=-81, y=85, z=-104} | Feet: Air | FloorSolid: false
[12:30:22.923] [DEBUG] [PATHFINDER] Blocked at: BlockPos{x=-83, y=85, z=-104} | Feet: Air | FloorSolid: false
[12:30:22.923] [DEBUG] [PATHFINDER] Blocked at: BlockPos{x=-82, y=83, z=-105} | Feet: Black Concrete | FloorSolid: true
[12:30:22.924] [DEBUG] [PATHFINDER] Blocked at: BlockPos{x=-82, y=83, z=-103} | Feet: Black Concrete | FloorSolid: true
[12:30:22.924] [DEBUG] [PATHFINDER] Blocked at: BlockPos{x=-81, y=83, z=-104} | Feet: White Concrete | FloorSolid: true
[12:30:22.924] [DEBUG] [PATHFINDER] Blocked at: BlockPos{x=-83, y=83, z=-104} | Feet: White Concrete | FloorSolid: true
[12:30:23.366] [DEBUG] [PATHFINDER] Blocked at: BlockPos{x=-83, y=85, z=-105} | Feet: Air | FloorSolid: false
[12:30:23.367] [DEBUG] [PATHFINDER] Blocked at: BlockPos{x=-83, y=85, z=-103} | Feet: Air | FloorSolid: false
[12:30:23.367] [DEBUG] [PATHFINDER] Blocked at: BlockPos{x=-82, y=85, z=-104} | Feet: Air | FloorSolid: false
[12:30:23.367] [DEBUG] [PATHFINDER] Blocked at: BlockPos{x=-84, y=85, z=-104} | Feet: Air | FloorSolid: false
[12:30:23.368] [DEBUG] [PATHFINDER] Blocked at: BlockPos{x=-83, y=83, z=-105} | Feet: Black Concrete | FloorSolid: true
[12:30:23.368] [DEBUG] [PATHFINDER] Blocked at: BlockPos{x=-83, y=83, z=-103} | Feet: Black Concrete | FloorSolid: true
[12:30:23.368] [DEBUG] [PATHFINDER] Blocked at: BlockPos{x=-82, y=83, z=-104} | Feet: White Concrete | FloorSolid: true
[12:30:23.369] [DEBUG] [PATHFINDER] Blocked at: BlockPos{x=-84, y=83, z=-104} | Feet: White Concrete | FloorSolid: true
[12:30:23.369] [DEBUG] [PATHFINDER] Blocked at: BlockPos{x=-83, y=85, z=-104} | Feet: Air | FloorSolid: false
[12:30:23.369] [DEBUG] [PATHFINDER] Blocked at: BlockPos{x=-83, y=85, z=-102} | Feet: Air | FloorSolid: false
[12:30:23.370] [DEBUG] [PATHFINDER] Blocked at: BlockPos{x=-82, y=85, z=-103} | Feet: Air | FloorSolid: false
[12:30:23.370] [DEBUG] [PATHFINDER] Blocked at: BlockPos{x=-84, y=85, z=-103} | Feet: Air | FloorSolid: false
[12:30:23.370] [DEBUG] [PATHFINDER] Blocked at: BlockPos{x=-83, y=83, z=-104} | Feet: White Concrete | FloorSolid: true
[12:30:23.370] [DEBUG] [PATHFINDER] Blocked at: BlockPos{x=-83, y=83, z=-102} | Feet: White Concrete | FloorSolid: true
[12:30:23.371] [DEBUG] [PATHFINDER] Blocked at: BlockPos{x=-82, y=83, z=-103} | Feet: Black Concrete | FloorSolid: true
[12:30:23.371] [DEBUG] [PATHFINDER] Blocked at: BlockPos{x=-84, y=83, z=-103} | Feet: Black Concrete | FloorSolid: true
[12:30:23.968] [DEBUG] [PATHFINDER] Blocked at: BlockPos{x=-83, y=85, z=-103} | Feet: Air | FloorSolid: false
[12:30:23.969] [DEBUG] [PATHFINDER] Blocked at: BlockPos{x=-83, y=85, z=-101} | Feet: Air | FloorSolid: false
[12:30:23.970] [DEBUG] [PATHFINDER] Blocked at: BlockPos{x=-82, y=85, z=-102} | Feet: Air | FloorSolid: false
[12:30:23.970] [DEBUG] [PATHFINDER] Blocked at: BlockPos{x=-84, y=85, z=-102} | Feet: Air | FloorSolid: false
[12:30:23.970] [DEBUG] [PATHFINDER] Blocked at: BlockPos{x=-83, y=83, z=-103} | Feet: Black Concrete | FloorSolid: true
[12:30:23.971] [DEBUG] [PATHFINDER] Blocked at: BlockPos{x=-83, y=83, z=-101} | Feet: White Concrete | FloorSolid: true
[12:30:23.971] [DEBUG] [PATHFINDER] Blocked at: BlockPos{x=-82, y=83, z=-102} | Feet: White Concrete | FloorSolid: true
[12:30:23.971] [DEBUG] [PATHFINDER] Blocked at: BlockPos{x=-84, y=83, z=-102} | Feet: White Concrete | FloorSolid: true
[12:30:23.971] [DEBUG] [PATHFINDER] Blocked at: BlockPos{x=-83, y=85, z=-102} | Feet: Air | FloorSolid: false
[12:30:23.972] [DEBUG] [PATHFINDER] Blocked at: BlockPos{x=-83, y=85, z=-100} | Feet: Air | FloorSolid: false
[12:30:23.972] [DEBUG] [PATHFINDER] Blocked at: BlockPos{x=-82, y=85, z=-101} | Feet: Air | FloorSolid: false
[12:30:23.972] [DEBUG] [PATHFINDER] Blocked at: BlockPos{x=-84, y=85, z=-101} | Feet: Air | FloorSolid: false
[12:30:23.972] [DEBUG] [PATHFINDER] Blocked at: BlockPos{x=-83, y=83, z=-102} | Feet: White Concrete | FloorSolid: true
[12:30:23.973] [DEBUG] [PATHFINDER] Blocked at: BlockPos{x=-83, y=83, z=-100} | Feet: White Concrete | FloorSolid: true
[12:30:23.973] [DEBUG] [PATHFINDER] Blocked at: BlockPos{x=-82, y=83, z=-101} | Feet: White Concrete | FloorSolid: true
[12:30:23.973] [DEBUG] [PATHFINDER] Blocked at: BlockPos{x=-84, y=83, z=-101} | Feet: White Concrete | FloorSolid: true
[12:30:23.974] [DEBUG] [PATHFINDER] Blocked at: BlockPos{x=-83, y=85, z=-101} | Feet: Air | FloorSolid: false
[12:30:23.974] [DEBUG] [PATHFINDER] Blocked at: BlockPos{x=-83, y=85, z=-99} | Feet: Air | FloorSolid: false
[12:30:23.974] [DEBUG] [PATHFINDER] Blocked at: BlockPos{x=-82, y=85, z=-100} | Feet: Air | FloorSolid: false
[12:30:23.975] [DEBUG] [PATHFINDER] Blocked at: BlockPos{x=-84, y=85, z=-100} | Feet: Air | FloorSolid: false
[12:30:23.975] [DEBUG] [PATHFINDER] Blocked at: BlockPos{x=-83, y=83, z=-101} | Feet: White Concrete | FloorSolid: true
[12:30:23.975] [DEBUG] [PATHFINDER] Blocked at: BlockPos{x=-83, y=83, z=-99} | Feet: White Concrete | FloorSolid: true
[12:30:23.975] [DEBUG] [PATHFINDER] Blocked at: BlockPos{x=-82, y=83, z=-100} | Feet: White Concrete | FloorSolid: true
[12:30:23.976] [DEBUG] [PATHFINDER] Blocked at: BlockPos{x=-84, y=83, z=-100} | Feet: White Concrete | FloorSolid: true
[12:30:24.670] [DEBUG] [PATHFINDER] Blocked at: BlockPos{x=-84, y=85, z=-101} | Feet: Air | FloorSolid: false
[12:30:24.671] [DEBUG] [PATHFINDER] Blocked at: BlockPos{x=-84, y=85, z=-99} | Feet: Air | FloorSolid: false
[12:30:24.671] [DEBUG] [PATHFINDER] Blocked at: BlockPos{x=-83, y=85, z=-100} | Feet: Air | FloorSolid: false
[12:30:24.672] [DEBUG] [PATHFINDER] Blocked at: BlockPos{x=-85, y=85, z=-100} | Feet: Air | FloorSolid: false
[12:30:24.672] [DEBUG] [PATHFINDER] Blocked at: BlockPos{x=-84, y=83, z=-101} | Feet: White Concrete | FloorSolid: true
[12:30:24.672] [DEBUG] [PATHFINDER] Blocked at: BlockPos{x=-84, y=83, z=-99} | Feet: White Concrete | FloorSolid: true
[12:30:24.672] [DEBUG] [PATHFINDER] Blocked at: BlockPos{x=-83, y=83, z=-100} | Feet: White Concrete | FloorSolid: true
[12:30:24.673] [DEBUG] [PATHFINDER] Blocked at: BlockPos{x=-85, y=83, z=-100} | Feet: Black Concrete | FloorSolid: true
[12:30:24.673] [DEBUG] [PATHFINDER] Blocked at: BlockPos{x=-84, y=85, z=-100} | Feet: Air | FloorSolid: false
[12:30:24.673] [DEBUG] [PATHFINDER] Blocked at: BlockPos{x=-84, y=85, z=-98} | Feet: Air | FloorSolid: false
[12:30:24.674] [DEBUG] [PATHFINDER] Blocked at: BlockPos{x=-83, y=85, z=-99} | Feet: Air | FloorSolid: false
[12:30:24.674] [DEBUG] [PATHFINDER] Blocked at: BlockPos{x=-85, y=85, z=-99} | Feet: Air | FloorSolid: false
[12:30:24.674] [DEBUG] [PATHFINDER] Blocked at: BlockPos{x=-84, y=83, z=-100} | Feet: White Concrete | FloorSolid: true
[12:30:24.674] [DEBUG] [PATHFINDER] Blocked at: BlockPos{x=-84, y=83, z=-98} | Feet: Black Concrete | FloorSolid: true
[12:30:24.675] [DEBUG] [PATHFINDER] Blocked at: BlockPos{x=-83, y=83, z=-99} | Feet: White Concrete | FloorSolid: true
[12:30:24.675] [DEBUG] [PATHFINDER] Blocked at: BlockPos{x=-85, y=83, z=-99} | Feet: Black Concrete | FloorSolid: true
[12:30:25.273] [DEBUG] [PATHFINDER] Blocked at: BlockPos{x=-84, y=85, z=-99} | Feet: Air | FloorSolid: false
[12:30:25.274] [DEBUG] [PATHFINDER] Blocked at: BlockPos{x=-84, y=85, z=-97} | Feet: Air | FloorSolid: false
[12:30:25.274] [DEBUG] [PATHFINDER] Blocked at: BlockPos{x=-83, y=85, z=-98} | Feet: Air | FloorSolid: false
[12:30:25.275] [DEBUG] [PATHFINDER] Blocked at: BlockPos{x=-85, y=85, z=-98} | Feet: Air | FloorSolid: false
[12:30:25.275] [DEBUG] [PATHFINDER] Blocked at: BlockPos{x=-84, y=83, z=-99} | Feet: White Concrete | FloorSolid: true
[12:30:25.275] [DEBUG] [PATHFINDER] Blocked at: BlockPos{x=-84, y=83, z=-97} | Feet: White Concrete | FloorSolid: true
[12:30:25.276] [DEBUG] [PATHFINDER] Blocked at: BlockPos{x=-83, y=83, z=-98} | Feet: Black Concrete | FloorSolid: true
[12:30:25.276] [DEBUG] [PATHFINDER] Blocked at: BlockPos{x=-85, y=83, z=-98} | Feet: Black Concrete | FloorSolid: true
[12:30:25.276] [DEBUG] [PATHFINDER] Blocked at: BlockPos{x=-84, y=85, z=-98} | Feet: Air | FloorSolid: false
[12:30:25.276] [DEBUG] [PATHFINDER] Blocked at: BlockPos{x=-84, y=85, z=-96} | Feet: Air | FloorSolid: false
[12:30:25.277] [DEBUG] [PATHFINDER] Blocked at: BlockPos{x=-83, y=85, z=-97} | Feet: Air | FloorSolid: false
[12:30:25.277] [DEBUG] [PATHFINDER] Blocked at: BlockPos{x=-85, y=85, z=-97} | Feet: Air | FloorSolid: false
[12:30:25.277] [DEBUG] [PATHFINDER] Blocked at: BlockPos{x=-84, y=83, z=-98} | Feet: Black Concrete | FloorSolid: true
[12:30:25.277] [DEBUG] [PATHFINDER] Blocked at: BlockPos{x=-84, y=83, z=-96} | Feet: White Concrete | FloorSolid: true
[12:30:25.278] [DEBUG] [PATHFINDER] Blocked at: BlockPos{x=-83, y=83, z=-97} | Feet: White Concrete | FloorSolid: true
[12:30:25.278] [DEBUG] [PATHFINDER] Blocked at: BlockPos{x=-85, y=83, z=-97} | Feet: Black Concrete | FloorSolid: true
[12:30:25.278] [DEBUG] [PATHFINDER] Blocked at: BlockPos{x=-84, y=85, z=-97} | Feet: Air | FloorSolid: false
[12:30:25.279] [DEBUG] [PATHFINDER] Blocked at: BlockPos{x=-84, y=85, z=-95} | Feet: Air | FloorSolid: false
[12:30:25.279] [DEBUG] [PATHFINDER] Blocked at: BlockPos{x=-83, y=85, z=-96} | Feet: Air | FloorSolid: false
[12:30:25.280] [DEBUG] [PATHFINDER] Blocked at: BlockPos{x=-85, y=85, z=-96} | Feet: Air | FloorSolid: false
[12:30:25.280] [DEBUG] [PATHFINDER] Blocked at: BlockPos{x=-84, y=83, z=-97} | Feet: White Concrete | FloorSolid: true
[12:30:25.280] [DEBUG] [PATHFINDER] Blocked at: BlockPos{x=-84, y=83, z=-95} | Feet: White Concrete | FloorSolid: true
[12:30:25.281] [DEBUG] [PATHFINDER] Blocked at: BlockPos{x=-83, y=83, z=-96} | Feet: White Concrete | FloorSolid: true
[12:30:25.281] [DEBUG] [PATHFINDER] Blocked at: BlockPos{x=-85, y=83, z=-96} | Feet: Black Concrete | FloorSolid: true
[12:30:26.123] [DEBUG] [PATHFINDER] Blocked at: BlockPos{x=-84, y=85, z=-98} | Feet: Air | FloorSolid: false
[12:30:26.124] [DEBUG] [PATHFINDER] Blocked at: BlockPos{x=-84, y=85, z=-96} | Feet: Air | FloorSolid: false
[12:30:26.124] [DEBUG] [PATHFINDER] Blocked at: BlockPos{x=-83, y=85, z=-97} | Feet: Air | FloorSolid: false
[12:30:26.124] [DEBUG] [PATHFINDER] Blocked at: BlockPos{x=-85, y=85, z=-97} | Feet: Air | FloorSolid: false
[12:30:26.125] [DEBUG] [PATHFINDER] Blocked at: BlockPos{x=-84, y=83, z=-98} | Feet: Black Concrete | FloorSolid: true
[12:30:26.125] [DEBUG] [PATHFINDER] Blocked at: BlockPos{x=-84, y=83, z=-96} | Feet: White Concrete | FloorSolid: true
[12:30:26.125] [DEBUG] [PATHFINDER] Blocked at: BlockPos{x=-83, y=83, z=-97} | Feet: White Concrete | FloorSolid: true
[12:30:26.125] [DEBUG] [PATHFINDER] Blocked at: BlockPos{x=-85, y=83, z=-97} | Feet: Black Concrete | FloorSolid: true
[12:30:26.126] [DEBUG] [PATHFINDER] Blocked at: BlockPos{x=-84, y=85, z=-97} | Feet: Air | FloorSolid: false
[12:30:26.126] [DEBUG] [PATHFINDER] Blocked at: BlockPos{x=-84, y=85, z=-95} | Feet: Air | FloorSolid: false
[12:30:26.126] [DEBUG] [PATHFINDER] Blocked at: BlockPos{x=-83, y=85, z=-96} | Feet: Air | FloorSolid: false
[12:30:26.126] [DEBUG] [PATHFINDER] Blocked at: BlockPos{x=-85, y=85, z=-96} | Feet: Air | FloorSolid: false
[12:30:26.127] [DEBUG] [PATHFINDER] Blocked at: BlockPos{x=-84, y=83, z=-97} | Feet: White Concrete | FloorSolid: true
[12:30:26.127] [DEBUG] [PATHFINDER] Blocked at: BlockPos{x=-84, y=83, z=-95} | Feet: White Concrete | FloorSolid: true
[12:30:26.127] [DEBUG] [PATHFINDER] Blocked at: BlockPos{x=-83, y=83, z=-96} | Feet: White Concrete | FloorSolid: true
[12:30:26.127] [DEBUG] [PATHFINDER] Blocked at: BlockPos{x=-85, y=83, z=-96} | Feet: Black Concrete | FloorSolid: true
[12:30:26.668] [DEBUG] [PATHFINDER] Blocked at: BlockPos{x=-84, y=85, z=-96} | Feet: Air | FloorSolid: false
[12:30:26.669] [DEBUG] [PATHFINDER] Blocked at: BlockPos{x=-84, y=85, z=-94} | Feet: Air | FloorSolid: false
[12:30:26.669] [DEBUG] [PATHFINDER] Blocked at: BlockPos{x=-83, y=85, z=-95} | Feet: Air | FloorSolid: false
[12:30:26.670] [DEBUG] [PATHFINDER] Blocked at: BlockPos{x=-85, y=85, z=-95} | Feet: Air | FloorSolid: false
[12:30:26.670] [DEBUG] [PATHFINDER] Blocked at: BlockPos{x=-84, y=83, z=-96} | Feet: White Concrete | FloorSolid: true
[12:30:26.670] [DEBUG] [PATHFINDER] Blocked at: BlockPos{x=-84, y=83, z=-94} | Feet: White Concrete | FloorSolid: true
[12:30:26.671] [DEBUG] [PATHFINDER] Blocked at: BlockPos{x=-83, y=83, z=-95} | Feet: White Concrete | FloorSolid: true
[12:30:26.671] [DEBUG] [PATHFINDER] Blocked at: BlockPos{x=-85, y=83, z=-95} | Feet: Black Concrete | FloorSolid: true
[12:30:26.671] [DEBUG] [PATHFINDER] Blocked at: BlockPos{x=-83, y=85, z=-96} | Feet: Air | FloorSolid: false
[12:30:26.671] [DEBUG] [PATHFINDER] Blocked at: BlockPos{x=-83, y=85, z=-94} | Feet: Air | FloorSolid: false
[12:30:26.671] [DEBUG] [PATHFINDER] Blocked at: BlockPos{x=-82, y=85, z=-95} | Feet: Air | FloorSolid: false
[12:30:26.672] [DEBUG] [PATHFINDER] Blocked at: BlockPos{x=-84, y=85, z=-95} | Feet: Air | FloorSolid: false
[12:30:26.672] [DEBUG] [PATHFINDER] Blocked at: BlockPos{x=-83, y=83, z=-96} | Feet: White Concrete | FloorSolid: true
[12:30:26.672] [DEBUG] [PATHFINDER] Blocked at: BlockPos{x=-83, y=83, z=-94} | Feet: White Concrete | FloorSolid: true
[12:30:26.672] [DEBUG] [PATHFINDER] Blocked at: BlockPos{x=-82, y=83, z=-95} | Feet: White Concrete | FloorSolid: true
[12:30:26.672] [DEBUG] [PATHFINDER] Blocked at: BlockPos{x=-84, y=83, z=-95} | Feet: White Concrete | FloorSolid: true
[12:30:26.673] [DEBUG] [PATHFINDER] Blocked at: BlockPos{x=-83, y=85, z=-95} | Feet: Air | FloorSolid: false
[12:30:26.673] [DEBUG] [PATHFINDER] Blocked at: BlockPos{x=-83, y=85, z=-93} | Feet: Air | FloorSolid: false
[12:30:26.673] [DEBUG] [PATHFINDER] Blocked at: BlockPos{x=-82, y=85, z=-94} | Feet: Air | FloorSolid: false
[12:30:26.673] [DEBUG] [PATHFINDER] Blocked at: BlockPos{x=-84, y=85, z=-94} | Feet: Air | FloorSolid: false
[12:30:26.674] [DEBUG] [PATHFINDER] Blocked at: BlockPos{x=-83, y=83, z=-95} | Feet: White Concrete | FloorSolid: true
[12:30:26.674] [DEBUG] [PATHFINDER] Blocked at: BlockPos{x=-83, y=83, z=-93} | Feet: Black Concrete | FloorSolid: true
[12:30:26.674] [DEBUG] [PATHFINDER] Blocked at: BlockPos{x=-82, y=83, z=-94} | Feet: White Concrete | FloorSolid: true
[12:30:26.674] [DEBUG] [PATHFINDER] Blocked at: BlockPos{x=-84, y=83, z=-94} | Feet: White Concrete | FloorSolid: true
[12:30:27.522] [DEBUG] [PATHFINDER] Blocked at: BlockPos{x=-83, y=85, z=-96} | Feet: Air | FloorSolid: false
[12:30:27.523] [DEBUG] [PATHFINDER] Blocked at: BlockPos{x=-83, y=85, z=-94} | Feet: Air | FloorSolid: false
[12:30:27.523] [DEBUG] [PATHFINDER] Blocked at: BlockPos{x=-82, y=85, z=-95} | Feet: Air | FloorSolid: false
[12:30:27.524] [DEBUG] [PATHFINDER] Blocked at: BlockPos{x=-84, y=85, z=-95} | Feet: Air | FloorSolid: false
[12:30:27.524] [DEBUG] [PATHFINDER] Blocked at: BlockPos{x=-83, y=83, z=-96} | Feet: White Concrete | FloorSolid: true
[12:30:27.524] [DEBUG] [PATHFINDER] Blocked at: BlockPos{x=-83, y=83, z=-94} | Feet: White Concrete | FloorSolid: true
[12:30:27.524] [DEBUG] [PATHFINDER] Blocked at: BlockPos{x=-82, y=83, z=-95} | Feet: White Concrete | FloorSolid: true
[12:30:27.525] [DEBUG] [PATHFINDER] Blocked at: BlockPos{x=-84, y=83, z=-95} | Feet: White Concrete | FloorSolid: true
[12:30:28.271] [DEBUG] [PATHFINDER] Blocked at: BlockPos{x=-82, y=85, z=-96} | Feet: Air | FloorSolid: false
[12:30:28.272] [DEBUG] [PATHFINDER] Blocked at: BlockPos{x=-82, y=85, z=-94} | Feet: Air | FloorSolid: false
[12:30:28.272] [DEBUG] [PATHFINDER] Blocked at: BlockPos{x=-81, y=85, z=-95} | Feet: Air | FloorSolid: false
[12:30:28.273] [DEBUG] [PATHFINDER] Blocked at: BlockPos{x=-83, y=85, z=-95} | Feet: Air | FloorSolid: false
[12:30:28.273] [DEBUG] [PATHFINDER] Blocked at: BlockPos{x=-82, y=83, z=-96} | Feet: White Concrete | FloorSolid: true
[12:30:28.273] [DEBUG] [PATHFINDER] Blocked at: BlockPos{x=-82, y=83, z=-94} | Feet: White Concrete | FloorSolid: true
[12:30:28.273] [DEBUG] [PATHFINDER] Blocked at: BlockPos{x=-81, y=83, z=-95} | Feet: White Concrete | FloorSolid: true
[12:30:28.273] [DEBUG] [PATHFINDER] Blocked at: BlockPos{x=-83, y=83, z=-95} | Feet: White Concrete | FloorSolid: true
[12:30:28.274] [DEBUG] [PATHFINDER] Blocked at: BlockPos{x=-81, y=85, z=-96} | Feet: Air | FloorSolid: false
[12:30:28.274] [DEBUG] [PATHFINDER] Blocked at: BlockPos{x=-81, y=85, z=-94} | Feet: Air | FloorSolid: false
[12:30:28.274] [DEBUG] [PATHFINDER] Blocked at: BlockPos{x=-80, y=85, z=-95} | Feet: Air | FloorSolid: false
[12:30:28.274] [DEBUG] [PATHFINDER] Blocked at: BlockPos{x=-82, y=85, z=-95} | Feet: Air | FloorSolid: false
[12:30:28.274] [DEBUG] [PATHFINDER] Blocked at: BlockPos{x=-81, y=83, z=-96} | Feet: White Concrete | FloorSolid: true
[12:30:28.275] [DEBUG] [PATHFINDER] Blocked at: BlockPos{x=-81, y=83, z=-94} | Feet: White Concrete | FloorSolid: true
[12:30:28.275] [DEBUG] [PATHFINDER] Blocked at: BlockPos{x=-80, y=83, z=-95} | Feet: Black Concrete | FloorSolid: true
[12:30:28.275] [DEBUG] [PATHFINDER] Blocked at: BlockPos{x=-82, y=83, z=-95} | Feet: White Concrete | FloorSolid: true
[12:30:28.770] [DEBUG] [PATHFINDER] Blocked at: BlockPos{x=-81, y=85, z=-96} | Feet: Air | FloorSolid: false
[12:30:28.770] [DEBUG] [PATHFINDER] Blocked at: BlockPos{x=-81, y=85, z=-94} | Feet: Air | FloorSolid: false
[12:30:28.771] [DEBUG] [PATHFINDER] Blocked at: BlockPos{x=-80, y=85, z=-95} | Feet: Air | FloorSolid: false
[12:30:28.771] [DEBUG] [PATHFINDER] Blocked at: BlockPos{x=-82, y=85, z=-95} | Feet: Air | FloorSolid: false
[12:30:28.771] [DEBUG] [PATHFINDER] Blocked at: BlockPos{x=-81, y=83, z=-96} | Feet: White Concrete | FloorSolid: true
[12:30:28.771] [DEBUG] [PATHFINDER] Blocked at: BlockPos{x=-81, y=83, z=-94} | Feet: White Concrete | FloorSolid: true
[12:30:28.771] [DEBUG] [PATHFINDER] Blocked at: BlockPos{x=-80, y=83, z=-95} | Feet: Black Concrete | FloorSolid: true
[12:30:28.772] [DEBUG] [PATHFINDER] Blocked at: BlockPos{x=-82, y=83, z=-95} | Feet: White Concrete | FloorSolid: true
[12:30:28.772] [DEBUG] [PATHFINDER] Blocked at: BlockPos{x=-80, y=85, z=-96} | Feet: Air | FloorSolid: false
[12:30:28.772] [DEBUG] [PATHFINDER] Blocked at: BlockPos{x=-80, y=85, z=-94} | Feet: Air | FloorSolid: false
[12:30:28.772] [DEBUG] [PATHFINDER] Blocked at: BlockPos{x=-79, y=85, z=-95} | Feet: Air | FloorSolid: false
[12:30:28.773] [DEBUG] [PATHFINDER] Blocked at: BlockPos{x=-81, y=85, z=-95} | Feet: Air | FloorSolid: false
[12:30:28.773] [DEBUG] [PATHFINDER] Blocked at: BlockPos{x=-80, y=83, z=-96} | Feet: Black Concrete | FloorSolid: true
[12:30:28.773] [DEBUG] [PATHFINDER] Blocked at: BlockPos{x=-80, y=83, z=-94} | Feet: Black Concrete | FloorSolid: true
[12:30:28.773] [DEBUG] [PATHFINDER] Blocked at: BlockPos{x=-79, y=83, z=-95} | Feet: White Concrete | FloorSolid: true
[12:30:28.773] [DEBUG] [PATHFINDER] Blocked at: BlockPos{x=-81, y=83, z=-95} | Feet: White Concrete | FloorSolid: true
[12:30:29.374] [DEBUG] [PATHFINDER] Blocked at: BlockPos{x=-79, y=85, z=-96} | Feet: Air | FloorSolid: false
[12:30:29.375] [DEBUG] [PATHFINDER] Blocked at: BlockPos{x=-79, y=85, z=-94} | Feet: Air | FloorSolid: false
[12:30:29.375] [DEBUG] [PATHFINDER] Blocked at: BlockPos{x=-78, y=85, z=-95} | Feet: Air | FloorSolid: false
[12:30:29.375] [DEBUG] [PATHFINDER] Blocked at: BlockPos{x=-80, y=85, z=-95} | Feet: Air | FloorSolid: false
[12:30:29.375] [DEBUG] [PATHFINDER] Blocked at: BlockPos{x=-79, y=83, z=-96} | Feet: White Concrete | FloorSolid: true
[12:30:29.375] [DEBUG] [PATHFINDER] Blocked at: BlockPos{x=-79, y=83, z=-94} | Feet: White Concrete | FloorSolid: true
[12:30:29.376] [DEBUG] [PATHFINDER] Blocked at: BlockPos{x=-78, y=83, z=-95} | Feet: White Concrete | FloorSolid: true
[12:30:29.376] [DEBUG] [PATHFINDER] Blocked at: BlockPos{x=-80, y=83, z=-95} | Feet: Black Concrete | FloorSolid: true
[12:30:29.376] [DEBUG] [PATHFINDER] Blocked at: BlockPos{x=-78, y=85, z=-96} | Feet: Air | FloorSolid: false
[12:30:29.376] [DEBUG] [PATHFINDER] Blocked at: BlockPos{x=-78, y=85, z=-94} | Feet: Air | FloorSolid: false
[12:30:29.376] [DEBUG] [PATHFINDER] Blocked at: BlockPos{x=-77, y=85, z=-95} | Feet: Air | FloorSolid: false
[12:30:29.377] [DEBUG] [PATHFINDER] Blocked at: BlockPos{x=-79, y=85, z=-95} | Feet: Air | FloorSolid: false
[12:30:29.377] [DEBUG] [PATHFINDER] Blocked at: BlockPos{x=-78, y=83, z=-96} | Feet: White Concrete | FloorSolid: true
[12:30:29.377] [DEBUG] [PATHFINDER] Blocked at: BlockPos{x=-78, y=83, z=-94} | Feet: White Concrete | FloorSolid: true
[12:30:29.377] [DEBUG] [PATHFINDER] Blocked at: BlockPos{x=-77, y=83, z=-95} | Feet: White Concrete | FloorSolid: true
[12:30:29.377] [DEBUG] [PATHFINDER] Blocked at: BlockPos{x=-79, y=83, z=-95} | Feet: White Concrete | FloorSolid: true
[12:30:29.377] [DEBUG] [PATHFINDER] Blocked at: BlockPos{x=-78, y=85, z=-95} | Feet: Air | FloorSolid: false
[12:30:29.378] [DEBUG] [PATHFINDER] Blocked at: BlockPos{x=-78, y=85, z=-93} | Feet: Air | FloorSolid: false
[12:30:29.378] [DEBUG] [PATHFINDER] Blocked at: BlockPos{x=-77, y=85, z=-94} | Feet: Air | FloorSolid: false
[12:30:29.378] [DEBUG] [PATHFINDER] Blocked at: BlockPos{x=-79, y=85, z=-94} | Feet: Air | FloorSolid: false
[12:30:29.378] [DEBUG] [PATHFINDER] Blocked at: BlockPos{x=-78, y=83, z=-95} | Feet: White Concrete | FloorSolid: true
[12:30:29.378] [DEBUG] [PATHFINDER] Blocked at: BlockPos{x=-78, y=83, z=-93} | Feet: Black Concrete | FloorSolid: true
[12:30:29.378] [DEBUG] [PATHFINDER] Blocked at: BlockPos{x=-77, y=83, z=-94} | Feet: White Concrete | FloorSolid: true
[12:30:29.379] [DEBUG] [PATHFINDER] Blocked at: BlockPos{x=-79, y=83, z=-94} | Feet: White Concrete | FloorSolid: true
[12:30:30.328] [DEBUG] [PATHFINDER] Blocked at: BlockPos{x=-79, y=85, z=-96} | Feet: Air | FloorSolid: false
[12:30:30.329] [DEBUG] [PATHFINDER] Blocked at: BlockPos{x=-79, y=85, z=-94} | Feet: Air | FloorSolid: false
[12:30:30.329] [DEBUG] [PATHFINDER] Blocked at: BlockPos{x=-78, y=85, z=-95} | Feet: Air | FloorSolid: false
[12:30:30.329] [DEBUG] [PATHFINDER] Blocked at: BlockPos{x=-80, y=85, z=-95} | Feet: Air | FloorSolid: false
[12:30:30.330] [DEBUG] [PATHFINDER] Blocked at: BlockPos{x=-79, y=83, z=-96} | Feet: White Concrete | FloorSolid: true
[12:30:30.330] [DEBUG] [PATHFINDER] Blocked at: BlockPos{x=-79, y=83, z=-94} | Feet: White Concrete | FloorSolid: true
[12:30:30.330] [DEBUG] [PATHFINDER] Blocked at: BlockPos{x=-78, y=83, z=-95} | Feet: White Concrete | FloorSolid: true
[12:30:30.330] [DEBUG] [PATHFINDER] Blocked at: BlockPos{x=-80, y=83, z=-95} | Feet: Black Concrete | FloorSolid: true
[12:30:30.331] [DEBUG] [PATHFINDER] Blocked at: BlockPos{x=-78, y=85, z=-96} | Feet: Air | FloorSolid: false
[12:30:30.331] [DEBUG] [PATHFINDER] Blocked at: BlockPos{x=-78, y=85, z=-94} | Feet: Air | FloorSolid: false
[12:30:30.331] [DEBUG] [PATHFINDER] Blocked at: BlockPos{x=-77, y=85, z=-95} | Feet: Air | FloorSolid: false
[12:30:30.331] [DEBUG] [PATHFINDER] Blocked at: BlockPos{x=-79, y=85, z=-95} | Feet: Air | FloorSolid: false
[12:30:30.332] [DEBUG] [PATHFINDER] Blocked at: BlockPos{x=-78, y=83, z=-96} | Feet: White Concrete | FloorSolid: true
[12:30:30.332] [DEBUG] [PATHFINDER] Blocked at: BlockPos{x=-78, y=83, z=-94} | Feet: White Concrete | FloorSolid: true
[12:30:30.333] [DEBUG] [PATHFINDER] Blocked at: BlockPos{x=-77, y=83, z=-95} | Feet: White Concrete | FloorSolid: true
[12:30:30.333] [DEBUG] [PATHFINDER] Blocked at: BlockPos{x=-79, y=83, z=-95} | Feet: White Concrete | FloorSolid: true
[12:30:32.066] [DEBUG] [PATHFINDER] Blocked at: BlockPos{x=-77, y=85, z=-96} | Feet: Air | FloorSolid: false
[12:30:32.067] [DEBUG] [PATHFINDER] Blocked at: BlockPos{x=-77, y=85, z=-94} | Feet: Air | FloorSolid: false
[12:30:32.067] [DEBUG] [PATHFINDER] Blocked at: BlockPos{x=-76, y=85, z=-95} | Feet: Air | FloorSolid: false
[12:30:32.067] [DEBUG] [PATHFINDER] Blocked at: BlockPos{x=-78, y=85, z=-95} | Feet: Air | FloorSolid: false
[12:30:32.068] [DEBUG] [PATHFINDER] Blocked at: BlockPos{x=-77, y=83, z=-96} | Feet: White Concrete | FloorSolid: true
[12:30:32.068] [DEBUG] [PATHFINDER] Blocked at: BlockPos{x=-77, y=83, z=-94} | Feet: White Concrete | FloorSolid: true
[12:30:32.068] [DEBUG] [PATHFINDER] Blocked at: BlockPos{x=-76, y=83, z=-95} | Feet: White Concrete | FloorSolid: true
[12:30:32.068] [DEBUG] [PATHFINDER] Blocked at: BlockPos{x=-78, y=83, z=-95} | Feet: White Concrete | FloorSolid: true
[12:30:32.068] [DEBUG] [PATHFINDER] Blocked at: BlockPos{x=-77, y=85, z=-97} | Feet: Air | FloorSolid: false
[12:30:32.069] [DEBUG] [PATHFINDER] Blocked at: BlockPos{x=-77, y=85, z=-95} | Feet: Air | FloorSolid: false
[12:30:32.069] [DEBUG] [PATHFINDER] Blocked at: BlockPos{x=-76, y=85, z=-96} | Feet: Air | FloorSolid: false
[12:30:32.069] [DEBUG] [PATHFINDER] Blocked at: BlockPos{x=-78, y=85, z=-96} | Feet: Air | FloorSolid: false
[12:30:32.069] [DEBUG] [PATHFINDER] Blocked at: BlockPos{x=-77, y=83, z=-97} | Feet: White Concrete | FloorSolid: true
[12:30:32.069] [DEBUG] [PATHFINDER] Blocked at: BlockPos{x=-77, y=83, z=-95} | Feet: White Concrete | FloorSolid: true
[12:30:32.069] [DEBUG] [PATHFINDER] Blocked at: BlockPos{x=-76, y=83, z=-96} | Feet: White Concrete | FloorSolid: true
[12:30:32.069] [DEBUG] [PATHFINDER] Blocked at: BlockPos{x=-78, y=83, z=-96} | Feet: White Concrete | FloorSolid: true
[12:30:32.070] [DEBUG] [PATHFINDER] Blocked at: BlockPos{x=-77, y=85, z=-98} | Feet: Air | FloorSolid: false
[12:30:32.070] [DEBUG] [PATHFINDER] Blocked at: BlockPos{x=-77, y=85, z=-96} | Feet: Air | FloorSolid: false
[12:30:32.070] [DEBUG] [PATHFINDER] Blocked at: BlockPos{x=-76, y=85, z=-97} | Feet: Air | FloorSolid: false
[12:30:32.070] [DEBUG] [PATHFINDER] Blocked at: BlockPos{x=-78, y=85, z=-97} | Feet: Air | FloorSolid: false
[12:30:32.070] [DEBUG] [PATHFINDER] Blocked at: BlockPos{x=-77, y=83, z=-98} | Feet: Black Concrete | FloorSolid: true
[12:30:32.070] [DEBUG] [PATHFINDER] Blocked at: BlockPos{x=-77, y=83, z=-96} | Feet: White Concrete | FloorSolid: true
[12:30:32.071] [DEBUG] [PATHFINDER] Blocked at: BlockPos{x=-76, y=83, z=-97} | Feet: White Concrete | FloorSolid: true
[12:30:32.071] [DEBUG] [PATHFINDER] Blocked at: BlockPos{x=-78, y=83, z=-97} | Feet: White Concrete | FloorSolid: true
[12:30:32.071] [DEBUG] [PATHFINDER] Blocked at: BlockPos{x=-77, y=85, z=-99} | Feet: Air | FloorSolid: false
[12:30:32.071] [DEBUG] [PATHFINDER] Blocked at: BlockPos{x=-77, y=85, z=-97} | Feet: Air | FloorSolid: false
[12:30:32.071] [DEBUG] [PATHFINDER] Blocked at: BlockPos{x=-76, y=85, z=-98} | Feet: Air | FloorSolid: false
[12:30:32.071] [DEBUG] [PATHFINDER] Blocked at: BlockPos{x=-78, y=85, z=-98} | Feet: Air | FloorSolid: false
[12:30:32.071] [DEBUG] [PATHFINDER] Blocked at: BlockPos{x=-77, y=83, z=-99} | Feet: White Concrete | FloorSolid: true
[12:30:32.072] [DEBUG] [PATHFINDER] Blocked at: BlockPos{x=-77, y=83, z=-97} | Feet: White Concrete | FloorSolid: true
[12:30:32.072] [DEBUG] [PATHFINDER] Blocked at: BlockPos{x=-76, y=83, z=-98} | Feet: Black Concrete | FloorSolid: true
[12:30:32.072] [DEBUG] [PATHFINDER] Blocked at: BlockPos{x=-78, y=83, z=-98} | Feet: Black Concrete | FloorSolid: true
[12:30:32.072] [DEBUG] [PATHFINDER] Blocked at: BlockPos{x=-77, y=85, z=-100} | Feet: Air | FloorSolid: false
[12:30:32.072] [DEBUG] [PATHFINDER] Blocked at: BlockPos{x=-77, y=85, z=-98} | Feet: Air | FloorSolid: false
[12:30:32.072] [DEBUG] [PATHFINDER] Blocked at: BlockPos{x=-76, y=85, z=-99} | Feet: Air | FloorSolid: false
[12:30:32.072] [DEBUG] [PATHFINDER] Blocked at: BlockPos{x=-78, y=85, z=-99} | Feet: Air | FloorSolid: false
[12:30:32.073] [DEBUG] [PATHFINDER] Blocked at: BlockPos{x=-77, y=83, z=-100} | Feet: White Concrete | FloorSolid: true
[12:30:32.073] [DEBUG] [PATHFINDER] Blocked at: BlockPos{x=-77, y=83, z=-98} | Feet: Black Concrete | FloorSolid: true
[12:30:32.073] [DEBUG] [PATHFINDER] Blocked at: BlockPos{x=-76, y=83, z=-99} | Feet: White Concrete | FloorSolid: true
[12:30:32.073] [DEBUG] [PATHFINDER] Blocked at: BlockPos{x=-78, y=83, z=-99} | Feet: White Concrete | FloorSolid: true
[12:30:32.073] [DEBUG] [PATHFINDER] Blocked at: BlockPos{x=-77, y=85, z=-101} | Feet: Air | FloorSolid: false
[12:30:32.073] [DEBUG] [PATHFINDER] Blocked at: BlockPos{x=-77, y=85, z=-99} | Feet: Air | FloorSolid: false
[12:30:32.074] [DEBUG] [PATHFINDER] Blocked at: BlockPos{x=-76, y=85, z=-100} | Feet: Air | FloorSolid: false
[12:30:32.074] [DEBUG] [PATHFINDER] Blocked at: BlockPos{x=-78, y=85, z=-100} | Feet: Air | FloorSolid: false
[12:30:32.074] [DEBUG] [PATHFINDER] Blocked at: BlockPos{x=-77, y=83, z=-101} | Feet: White Concrete | FloorSolid: true
[12:30:32.074] [DEBUG] [PATHFINDER] Blocked at: BlockPos{x=-77, y=83, z=-99} | Feet: White Concrete | FloorSolid: true
[12:30:32.074] [DEBUG] [PATHFINDER] Blocked at: BlockPos{x=-76, y=83, z=-100} | Feet: White Concrete | FloorSolid: true
[12:30:32.074] [DEBUG] [PATHFINDER] Blocked at: BlockPos{x=-78, y=83, z=-100} | Feet: White Concrete | FloorSolid: true
[12:30:32.074] [DEBUG] [PATHFINDER] Blocked at: BlockPos{x=-77, y=85, z=-102} | Feet: Air | FloorSolid: false
[12:30:32.075] [DEBUG] [PATHFINDER] Blocked at: BlockPos{x=-77, y=85, z=-100} | Feet: Air | FloorSolid: false
[12:30:32.075] [DEBUG] [PATHFINDER] Blocked at: BlockPos{x=-76, y=85, z=-101} | Feet: Air | FloorSolid: false
[12:30:32.075] [DEBUG] [PATHFINDER] Blocked at: BlockPos{x=-78, y=85, z=-101} | Feet: Air | FloorSolid: false
[12:30:32.075] [DEBUG] [PATHFINDER] Blocked at: BlockPos{x=-77, y=83, z=-102} | Feet: White Concrete | FloorSolid: true
[12:30:32.075] [DEBUG] [PATHFINDER] Blocked at: BlockPos{x=-77, y=83, z=-100} | Feet: White Concrete | FloorSolid: true
[12:30:32.075] [DEBUG] [PATHFINDER] Blocked at: BlockPos{x=-76, y=83, z=-101} | Feet: White Concrete | FloorSolid: true
[12:30:32.075] [DEBUG] [PATHFINDER] Blocked at: BlockPos{x=-78, y=83, z=-101} | Feet: White Concrete | FloorSolid: true
[12:30:33.718] [DEBUG] [PATHFINDER] Blocked at: BlockPos{x=-76, y=85, z=-102} | Feet: Air | FloorSolid: false
[12:30:33.719] [DEBUG] [PATHFINDER] Blocked at: BlockPos{x=-76, y=85, z=-100} | Feet: Air | FloorSolid: false
[12:30:33.720] [DEBUG] [PATHFINDER] Blocked at: BlockPos{x=-75, y=85, z=-101} | Feet: Air | FloorSolid: false
[12:30:33.721] [DEBUG] [PATHFINDER] Blocked at: BlockPos{x=-77, y=85, z=-101} | Feet: Air | FloorSolid: false
[12:30:33.721] [DEBUG] [PATHFINDER] Blocked at: BlockPos{x=-76, y=83, z=-102} | Feet: White Concrete | FloorSolid: true
[12:30:33.722] [DEBUG] [PATHFINDER] Blocked at: BlockPos{x=-76, y=83, z=-100} | Feet: White Concrete | FloorSolid: true
[12:30:33.722] [DEBUG] [PATHFINDER] Blocked at: BlockPos{x=-75, y=83, z=-101} | Feet: Black Concrete | FloorSolid: true
[12:30:33.723] [DEBUG] [PATHFINDER] Blocked at: BlockPos{x=-77, y=83, z=-101} | Feet: White Concrete | FloorSolid: true
[12:30:33.723] [DEBUG] [PATHFINDER] Blocked at: BlockPos{x=-77, y=85, z=-102} | Feet: Air | FloorSolid: false
[12:30:33.723] [DEBUG] [PATHFINDER] Blocked at: BlockPos{x=-77, y=85, z=-100} | Feet: Air | FloorSolid: false
[12:30:33.724] [DEBUG] [PATHFINDER] Blocked at: BlockPos{x=-76, y=85, z=-101} | Feet: Air | FloorSolid: false
[12:30:33.724] [DEBUG] [PATHFINDER] Blocked at: BlockPos{x=-78, y=85, z=-101} | Feet: Air | FloorSolid: false
[12:30:33.724] [DEBUG] [PATHFINDER] Blocked at: BlockPos{x=-77, y=83, z=-102} | Feet: White Concrete | FloorSolid: true
[12:30:33.724] [DEBUG] [PATHFINDER] Blocked at: BlockPos{x=-77, y=83, z=-100} | Feet: White Concrete | FloorSolid: true
[12:30:33.725] [DEBUG] [PATHFINDER] Blocked at: BlockPos{x=-76, y=83, z=-101} | Feet: White Concrete | FloorSolid: true
[12:30:33.725] [DEBUG] [PATHFINDER] Blocked at: BlockPos{x=-78, y=83, z=-101} | Feet: White Concrete | FloorSolid: true
[12:30:33.778] [DEBUG] [PATHFINDER] Blocked at: BlockPos{x=-78, y=85, z=-102} | Feet: Air | FloorSolid: false
[12:30:33.780] [DEBUG] [PATHFINDER] Blocked at: BlockPos{x=-78, y=85, z=-100} | Feet: Air | FloorSolid: false
[12:30:33.781] [DEBUG] [PATHFINDER] Blocked at: BlockPos{x=-77, y=85, z=-101} | Feet: Air | FloorSolid: false
[12:30:33.782] [DEBUG] [PATHFINDER] Blocked at: BlockPos{x=-79, y=85, z=-101} | Feet: Air | FloorSolid: false
[12:30:33.783] [DEBUG] [PATHFINDER] Blocked at: BlockPos{x=-78, y=83, z=-102} | Feet: White Concrete | FloorSolid: true
[12:30:33.783] [DEBUG] [PATHFINDER] Blocked at: BlockPos{x=-78, y=83, z=-100} | Feet: White Concrete | FloorSolid: true
[12:30:33.783] [DEBUG] [PATHFINDER] Blocked at: BlockPos{x=-77, y=83, z=-101} | Feet: White Concrete | FloorSolid: true
[12:30:33.784] [DEBUG] [PATHFINDER] Blocked at: BlockPos{x=-79, y=83, z=-101} | Feet: White Concrete | FloorSolid: true
[12:30:33.784] [DEBUG] [PATHFINDER] Blocked at: BlockPos{x=-78, y=85, z=-103} | Feet: Air | FloorSolid: false
[12:30:33.784] [DEBUG] [PATHFINDER] Blocked at: BlockPos{x=-78, y=85, z=-101} | Feet: Air | FloorSolid: false
[12:30:33.785] [DEBUG] [PATHFINDER] Blocked at: BlockPos{x=-77, y=85, z=-102} | Feet: Air | FloorSolid: false
[12:30:33.785] [DEBUG] [PATHFINDER] Blocked at: BlockPos{x=-79, y=85, z=-102} | Feet: Air | FloorSolid: false
[12:30:33.785] [DEBUG] [PATHFINDER] Blocked at: BlockPos{x=-78, y=83, z=-103} | Feet: Black Concrete | FloorSolid: true
[12:30:33.785] [DEBUG] [PATHFINDER] Blocked at: BlockPos{x=-78, y=83, z=-101} | Feet: White Concrete | FloorSolid: true
[12:30:33.786] [DEBUG] [PATHFINDER] Blocked at: BlockPos{x=-77, y=83, z=-102} | Feet: White Concrete | FloorSolid: true
[12:30:33.786] [DEBUG] [PATHFINDER] Blocked at: BlockPos{x=-79, y=83, z=-102} | Feet: White Concrete | FloorSolid: true
[12:30:34.666] [DEBUG] [PATHFINDER] Blocked at: BlockPos{x=-79, y=85, z=-103} | Feet: Air | FloorSolid: false
[12:30:34.667] [DEBUG] [PATHFINDER] Blocked at: BlockPos{x=-79, y=85, z=-101} | Feet: Air | FloorSolid: false
[12:30:34.667] [DEBUG] [PATHFINDER] Blocked at: BlockPos{x=-78, y=85, z=-102} | Feet: Air | FloorSolid: false
[12:30:34.667] [DEBUG] [PATHFINDER] Blocked at: BlockPos{x=-80, y=85, z=-102} | Feet: Air | FloorSolid: false
[12:30:34.667] [DEBUG] [PATHFINDER] Blocked at: BlockPos{x=-79, y=83, z=-103} | Feet: Black Concrete | FloorSolid: true
[12:30:34.668] [DEBUG] [PATHFINDER] Blocked at: BlockPos{x=-79, y=83, z=-101} | Feet: White Concrete | FloorSolid: true
[12:30:34.668] [DEBUG] [PATHFINDER] Blocked at: BlockPos{x=-78, y=83, z=-102} | Feet: White Concrete | FloorSolid: true
[12:30:34.668] [DEBUG] [PATHFINDER] Blocked at: BlockPos{x=-80, y=83, z=-102} | Feet: Black Concrete | FloorSolid: true
[12:30:34.668] [DEBUG] [PATHFINDER] Blocked at: BlockPos{x=-80, y=85, z=-103} | Feet: Air | FloorSolid: false
[12:30:34.668] [DEBUG] [PATHFINDER] Blocked at: BlockPos{x=-80, y=85, z=-101} | Feet: Air | FloorSolid: false
[12:30:34.669] [DEBUG] [PATHFINDER] Blocked at: BlockPos{x=-79, y=85, z=-102} | Feet: Air | FloorSolid: false
[12:30:34.669] [DEBUG] [PATHFINDER] Blocked at: BlockPos{x=-81, y=85, z=-102} | Feet: Air | FloorSolid: false
[12:30:34.669] [DEBUG] [PATHFINDER] Blocked at: BlockPos{x=-80, y=83, z=-103} | Feet: Black Concrete | FloorSolid: true
[12:30:34.669] [DEBUG] [PATHFINDER] Blocked at: BlockPos{x=-80, y=83, z=-101} | Feet: Black Concrete | FloorSolid: true
[12:30:34.669] [DEBUG] [PATHFINDER] Blocked at: BlockPos{x=-79, y=83, z=-102} | Feet: White Concrete | FloorSolid: true
[12:30:34.670] [DEBUG] [PATHFINDER] Blocked at: BlockPos{x=-81, y=83, z=-102} | Feet: White Concrete | FloorSolid: true
[12:30:34.670] [DEBUG] [PATHFINDER] Blocked at: BlockPos{x=-81, y=85, z=-103} | Feet: Air | FloorSolid: false
[12:30:34.670] [DEBUG] [PATHFINDER] Blocked at: BlockPos{x=-81, y=85, z=-101} | Feet: Air | FloorSolid: false
[12:30:34.670] [DEBUG] [PATHFINDER] Blocked at: BlockPos{x=-80, y=85, z=-102} | Feet: Air | FloorSolid: false
[12:30:34.670] [DEBUG] [PATHFINDER] Blocked at: BlockPos{x=-82, y=85, z=-102} | Feet: Air | FloorSolid: false
[12:30:34.671] [DEBUG] [PATHFINDER] Blocked at: BlockPos{x=-81, y=83, z=-103} | Feet: Black Concrete | FloorSolid: true
[12:30:34.671] [DEBUG] [PATHFINDER] Blocked at: BlockPos{x=-81, y=83, z=-101} | Feet: White Concrete | FloorSolid: true
[12:30:34.671] [DEBUG] [PATHFINDER] Blocked at: BlockPos{x=-80, y=83, z=-102} | Feet: Black Concrete | FloorSolid: true
[12:30:34.671] [DEBUG] [PATHFINDER] Blocked at: BlockPos{x=-82, y=83, z=-102} | Feet: White Concrete | FloorSolid: true
[12:30:34.671] [DEBUG] [PATHFINDER] Blocked at: BlockPos{x=-82, y=85, z=-103} | Feet: Air | FloorSolid: false
[12:30:34.671] [DEBUG] [PATHFINDER] Blocked at: BlockPos{x=-82, y=85, z=-101} | Feet: Air | FloorSolid: false
[12:30:34.672] [DEBUG] [PATHFINDER] Blocked at: BlockPos{x=-81, y=85, z=-102} | Feet: Air | FloorSolid: false
[12:30:34.672] [DEBUG] [PATHFINDER] Blocked at: BlockPos{x=-83, y=85, z=-102} | Feet: Air | FloorSolid: false
[12:30:34.672] [DEBUG] [PATHFINDER] Blocked at: BlockPos{x=-82, y=83, z=-103} | Feet: Black Concrete | FloorSolid: true
[12:30:34.672] [DEBUG] [PATHFINDER] Blocked at: BlockPos{x=-82, y=83, z=-101} | Feet: White Concrete | FloorSolid: true
[12:30:34.672] [DEBUG] [PATHFINDER] Blocked at: BlockPos{x=-81, y=83, z=-102} | Feet: White Concrete | FloorSolid: true
[12:30:34.673] [DEBUG] [PATHFINDER] Blocked at: BlockPos{x=-83, y=83, z=-102} | Feet: White Concrete | FloorSolid: true
[12:30:35.467] [DEBUG] [PATHFINDER] Blocked at: BlockPos{x=-81, y=85, z=-103} | Feet: Air | FloorSolid: false
[12:30:35.468] [DEBUG] [PATHFINDER] Blocked at: BlockPos{x=-81, y=85, z=-101} | Feet: Air | FloorSolid: false
[12:30:35.468] [DEBUG] [PATHFINDER] Blocked at: BlockPos{x=-80, y=85, z=-102} | Feet: Air | FloorSolid: false
[12:30:35.468] [DEBUG] [PATHFINDER] Blocked at: BlockPos{x=-82, y=85, z=-102} | Feet: Air | FloorSolid: false
[12:30:35.468] [DEBUG] [PATHFINDER] Blocked at: BlockPos{x=-81, y=83, z=-103} | Feet: Black Concrete | FloorSolid: true
[12:30:35.469] [DEBUG] [PATHFINDER] Blocked at: BlockPos{x=-81, y=83, z=-101} | Feet: White Concrete | FloorSolid: true
[12:30:35.469] [DEBUG] [PATHFINDER] Blocked at: BlockPos{x=-80, y=83, z=-102} | Feet: Black Concrete | FloorSolid: true
[12:30:35.469] [DEBUG] [PATHFINDER] Blocked at: BlockPos{x=-82, y=83, z=-102} | Feet: White Concrete | FloorSolid: true
[12:30:35.469] [DEBUG] [PATHFINDER] Blocked at: BlockPos{x=-82, y=85, z=-103} | Feet: Air | FloorSolid: false
[12:30:35.469] [DEBUG] [PATHFINDER] Blocked at: BlockPos{x=-82, y=85, z=-101} | Feet: Air | FloorSolid: false
[12:30:35.469] [DEBUG] [PATHFINDER] Blocked at: BlockPos{x=-81, y=85, z=-102} | Feet: Air | FloorSolid: false
[12:30:35.470] [DEBUG] [PATHFINDER] Blocked at: BlockPos{x=-83, y=85, z=-102} | Feet: Air | FloorSolid: false
[12:30:35.470] [DEBUG] [PATHFINDER] Blocked at: BlockPos{x=-82, y=83, z=-103} | Feet: Black Concrete | FloorSolid: true
[12:30:35.470] [DEBUG] [PATHFINDER] Blocked at: BlockPos{x=-82, y=83, z=-101} | Feet: White Concrete | FloorSolid: true
[12:30:35.470] [DEBUG] [PATHFINDER] Blocked at: BlockPos{x=-81, y=83, z=-102} | Feet: White Concrete | FloorSolid: true
[12:30:35.471] [DEBUG] [PATHFINDER] Blocked at: BlockPos{x=-83, y=83, z=-102} | Feet: White Concrete | FloorSolid: true
[12:30:36.021] [DEBUG] [PATHFINDER] Blocked at: BlockPos{x=-83, y=85, z=-103} | Feet: Air | FloorSolid: false
[12:30:36.022] [DEBUG] [PATHFINDER] Blocked at: BlockPos{x=-83, y=85, z=-101} | Feet: Air | FloorSolid: false
[12:30:36.022] [DEBUG] [PATHFINDER] Blocked at: BlockPos{x=-82, y=85, z=-102} | Feet: Air | FloorSolid: false
[12:30:36.022] [DEBUG] [PATHFINDER] Blocked at: BlockPos{x=-84, y=85, z=-102} | Feet: Air | FloorSolid: false
[12:30:36.023] [DEBUG] [PATHFINDER] Blocked at: BlockPos{x=-83, y=83, z=-103} | Feet: Black Concrete | FloorSolid: true
[12:30:36.023] [DEBUG] [PATHFINDER] Blocked at: BlockPos{x=-83, y=83, z=-101} | Feet: White Concrete | FloorSolid: true
[12:30:36.023] [DEBUG] [PATHFINDER] Blocked at: BlockPos{x=-82, y=83, z=-102} | Feet: White Concrete | FloorSolid: true
[12:30:36.023] [DEBUG] [PATHFINDER] Blocked at: BlockPos{x=-84, y=83, z=-102} | Feet: White Concrete | FloorSolid: true
[12:30:36.024] [DEBUG] [PATHFINDER] Blocked at: BlockPos{x=-83, y=85, z=-102} | Feet: Air | FloorSolid: false
[12:30:36.024] [DEBUG] [PATHFINDER] Blocked at: BlockPos{x=-83, y=85, z=-100} | Feet: Air | FloorSolid: false
[12:30:36.024] [DEBUG] [PATHFINDER] Blocked at: BlockPos{x=-82, y=85, z=-101} | Feet: Air | FloorSolid: false
[12:30:36.025] [DEBUG] [PATHFINDER] Blocked at: BlockPos{x=-84, y=85, z=-101} | Feet: Air | FloorSolid: false
[12:30:36.025] [DEBUG] [PATHFINDER] Blocked at: BlockPos{x=-83, y=83, z=-102} | Feet: White Concrete | FloorSolid: true
[12:30:36.025] [DEBUG] [PATHFINDER] Blocked at: BlockPos{x=-83, y=83, z=-100} | Feet: White Concrete | FloorSolid: true
[12:30:36.026] [DEBUG] [PATHFINDER] Blocked at: BlockPos{x=-82, y=83, z=-101} | Feet: White Concrete | FloorSolid: true
[12:30:36.026] [DEBUG] [PATHFINDER] Blocked at: BlockPos{x=-84, y=83, z=-101} | Feet: White Concrete | FloorSolid: true
[12:30:36.026] [DEBUG] [PATHFINDER] Blocked at: BlockPos{x=-83, y=85, z=-101} | Feet: Air | FloorSolid: false
[12:30:36.027] [DEBUG] [PATHFINDER] Blocked at: BlockPos{x=-83, y=85, z=-99} | Feet: Air | FloorSolid: false
[12:30:36.027] [DEBUG] [PATHFINDER] Blocked at: BlockPos{x=-82, y=85, z=-100} | Feet: Air | FloorSolid: false
[12:30:36.027] [DEBUG] [PATHFINDER] Blocked at: BlockPos{x=-84, y=85, z=-100} | Feet: Air | FloorSolid: false
[12:30:36.027] [DEBUG] [PATHFINDER] Blocked at: BlockPos{x=-83, y=83, z=-101} | Feet: White Concrete | FloorSolid: true
[12:30:36.028] [DEBUG] [PATHFINDER] Blocked at: BlockPos{x=-83, y=83, z=-99} | Feet: White Concrete | FloorSolid: true
[12:30:36.028] [DEBUG] [PATHFINDER] Blocked at: BlockPos{x=-82, y=83, z=-100} | Feet: White Concrete | FloorSolid: true
[12:30:36.028] [DEBUG] [PATHFINDER] Blocked at: BlockPos{x=-84, y=83, z=-100} | Feet: White Concrete | FloorSolid: true
[12:30:36.725] [DEBUG] [PATHFINDER] Blocked at: BlockPos{x=-84, y=85, z=-101} | Feet: Air | FloorSolid: false
[12:30:36.726] [DEBUG] [PATHFINDER] Blocked at: BlockPos{x=-84, y=85, z=-99} | Feet: Air | FloorSolid: false
[12:30:36.727] [DEBUG] [PATHFINDER] Blocked at: BlockPos{x=-83, y=85, z=-100} | Feet: Air | FloorSolid: false
[12:30:36.727] [DEBUG] [PATHFINDER] Blocked at: BlockPos{x=-85, y=85, z=-100} | Feet: Air | FloorSolid: false
[12:30:36.727] [DEBUG] [PATHFINDER] Blocked at: BlockPos{x=-84, y=83, z=-101} | Feet: White Concrete | FloorSolid: true
[12:30:36.728] [DEBUG] [PATHFINDER] Blocked at: BlockPos{x=-84, y=83, z=-99} | Feet: White Concrete | FloorSolid: true
[12:30:36.728] [DEBUG] [PATHFINDER] Blocked at: BlockPos{x=-83, y=83, z=-100} | Feet: White Concrete | FloorSolid: true
[12:30:36.729] [DEBUG] [PATHFINDER] Blocked at: BlockPos{x=-85, y=83, z=-100} | Feet: Black Concrete | FloorSolid: true
[12:30:36.729] [DEBUG] [PATHFINDER] Blocked at: BlockPos{x=-84, y=85, z=-100} | Feet: Air | FloorSolid: false
[12:30:36.729] [DEBUG] [PATHFINDER] Blocked at: BlockPos{x=-84, y=85, z=-98} | Feet: Air | FloorSolid: false
[12:30:36.730] [DEBUG] [PATHFINDER] Blocked at: BlockPos{x=-83, y=85, z=-99} | Feet: Air | FloorSolid: false
[12:30:36.730] [DEBUG] [PATHFINDER] Blocked at: BlockPos{x=-85, y=85, z=-99} | Feet: Air | FloorSolid: false
[12:30:36.731] [DEBUG] [PATHFINDER] Blocked at: BlockPos{x=-84, y=83, z=-100} | Feet: White Concrete | FloorSolid: true
[12:30:36.731] [DEBUG] [PATHFINDER] Blocked at: BlockPos{x=-84, y=83, z=-98} | Feet: Black Concrete | FloorSolid: true
[12:30:36.731] [DEBUG] [PATHFINDER] Blocked at: BlockPos{x=-83, y=83, z=-99} | Feet: White Concrete | FloorSolid: true
[12:30:36.732] [DEBUG] [PATHFINDER] Blocked at: BlockPos{x=-85, y=83, z=-99} | Feet: Black Concrete | FloorSolid: true
[12:30:37.330] [DEBUG] [PATHFINDER] Blocked at: BlockPos{x=-84, y=85, z=-99} | Feet: Air | FloorSolid: false
[12:30:37.331] [DEBUG] [PATHFINDER] Blocked at: BlockPos{x=-84, y=85, z=-97} | Feet: Air | FloorSolid: false
[12:30:37.332] [DEBUG] [PATHFINDER] Blocked at: BlockPos{x=-83, y=85, z=-98} | Feet: Air | FloorSolid: false
[12:30:37.332] [DEBUG] [PATHFINDER] Blocked at: BlockPos{x=-85, y=85, z=-98} | Feet: Air | FloorSolid: false
[12:30:37.332] [DEBUG] [PATHFINDER] Blocked at: BlockPos{x=-84, y=83, z=-99} | Feet: White Concrete | FloorSolid: true
[12:30:37.333] [DEBUG] [PATHFINDER] Blocked at: BlockPos{x=-84, y=83, z=-97} | Feet: White Concrete | FloorSolid: true
[12:30:37.334] [DEBUG] [PATHFINDER] Blocked at: BlockPos{x=-83, y=83, z=-98} | Feet: Black Concrete | FloorSolid: true
[12:30:37.334] [DEBUG] [PATHFINDER] Blocked at: BlockPos{x=-85, y=83, z=-98} | Feet: Black Concrete | FloorSolid: true
[12:30:37.334] [DEBUG] [PATHFINDER] Blocked at: BlockPos{x=-84, y=85, z=-98} | Feet: Air | FloorSolid: false
[12:30:37.335] [DEBUG] [PATHFINDER] Blocked at: BlockPos{x=-84, y=85, z=-96} | Feet: Air | FloorSolid: false
[12:30:37.335] [DEBUG] [PATHFINDER] Blocked at: BlockPos{x=-83, y=85, z=-97} | Feet: Air | FloorSolid: false
[12:30:37.336] [DEBUG] [PATHFINDER] Blocked at: BlockPos{x=-85, y=85, z=-97} | Feet: Air | FloorSolid: false
[12:30:37.336] [DEBUG] [PATHFINDER] Blocked at: BlockPos{x=-84, y=83, z=-98} | Feet: Black Concrete | FloorSolid: true
[12:30:37.337] [DEBUG] [PATHFINDER] Blocked at: BlockPos{x=-84, y=83, z=-96} | Feet: White Concrete | FloorSolid: true
[12:30:37.337] [DEBUG] [PATHFINDER] Blocked at: BlockPos{x=-83, y=83, z=-97} | Feet: White Concrete | FloorSolid: true
[12:30:37.338] [DEBUG] [PATHFINDER] Blocked at: BlockPos{x=-85, y=83, z=-97} | Feet: Black Concrete | FloorSolid: true
[12:30:38.219] [DEBUG] [PATHFINDER] Blocked at: BlockPos{x=-84, y=85, z=-98} | Feet: Air | FloorSolid: false
[12:30:38.220] [DEBUG] [PATHFINDER] Blocked at: BlockPos{x=-84, y=85, z=-96} | Feet: Air | FloorSolid: false
[12:30:38.220] [DEBUG] [PATHFINDER] Blocked at: BlockPos{x=-83, y=85, z=-97} | Feet: Air | FloorSolid: false
[12:30:38.221] [DEBUG] [PATHFINDER] Blocked at: BlockPos{x=-85, y=85, z=-97} | Feet: Air | FloorSolid: false
[12:30:38.221] [DEBUG] [PATHFINDER] Blocked at: BlockPos{x=-84, y=83, z=-98} | Feet: Black Concrete | FloorSolid: true
[12:30:38.221] [DEBUG] [PATHFINDER] Blocked at: BlockPos{x=-84, y=83, z=-96} | Feet: White Concrete | FloorSolid: true
[12:30:38.222] [DEBUG] [PATHFINDER] Blocked at: BlockPos{x=-83, y=83, z=-97} | Feet: White Concrete | FloorSolid: true
[12:30:38.222] [DEBUG] [PATHFINDER] Blocked at: BlockPos{x=-85, y=83, z=-97} | Feet: Black Concrete | FloorSolid: true
[12:30:38.223] [DEBUG] [PATHFINDER] Blocked at: BlockPos{x=-84, y=85, z=-97} | Feet: Air | FloorSolid: false
[12:30:38.223] [DEBUG] [PATHFINDER] Blocked at: BlockPos{x=-84, y=85, z=-95} | Feet: Air | FloorSolid: false
[12:30:38.223] [DEBUG] [PATHFINDER] Blocked at: BlockPos{x=-83, y=85, z=-96} | Feet: Air | FloorSolid: false
[12:30:38.223] [DEBUG] [PATHFINDER] Blocked at: BlockPos{x=-85, y=85, z=-96} | Feet: Air | FloorSolid: false
[12:30:38.224] [DEBUG] [PATHFINDER] Blocked at: BlockPos{x=-84, y=83, z=-97} | Feet: White Concrete | FloorSolid: true
[12:30:38.224] [DEBUG] [PATHFINDER] Blocked at: BlockPos{x=-84, y=83, z=-95} | Feet: White Concrete | FloorSolid: true
[12:30:38.224] [DEBUG] [PATHFINDER] Blocked at: BlockPos{x=-83, y=83, z=-96} | Feet: White Concrete | FloorSolid: true
[12:30:38.224] [DEBUG] [PATHFINDER] Blocked at: BlockPos{x=-85, y=83, z=-96} | Feet: Black Concrete | FloorSolid: true
[12:30:38.765] [DEBUG] [PATHFINDER] Blocked at: BlockPos{x=-84, y=85, z=-96} | Feet: Air | FloorSolid: false
[12:30:38.766] [DEBUG] [PATHFINDER] Blocked at: BlockPos{x=-84, y=85, z=-94} | Feet: Air | FloorSolid: false
[12:30:38.767] [DEBUG] [PATHFINDER] Blocked at: BlockPos{x=-83, y=85, z=-95} | Feet: Air | FloorSolid: false
[12:30:38.767] [DEBUG] [PATHFINDER] Blocked at: BlockPos{x=-85, y=85, z=-95} | Feet: Air | FloorSolid: false
[12:30:38.767] [DEBUG] [PATHFINDER] Blocked at: BlockPos{x=-84, y=83, z=-96} | Feet: White Concrete | FloorSolid: true
[12:30:38.767] [DEBUG] [PATHFINDER] Blocked at: BlockPos{x=-84, y=83, z=-94} | Feet: White Concrete | FloorSolid: true
[12:30:38.767] [DEBUG] [PATHFINDER] Blocked at: BlockPos{x=-83, y=83, z=-95} | Feet: White Concrete | FloorSolid: true
[12:30:38.767] [DEBUG] [PATHFINDER] Blocked at: BlockPos{x=-85, y=83, z=-95} | Feet: Black Concrete | FloorSolid: true
[12:30:38.768] [DEBUG] [PATHFINDER] Blocked at: BlockPos{x=-83, y=85, z=-96} | Feet: Air | FloorSolid: false
[12:30:38.768] [DEBUG] [PATHFINDER] Blocked at: BlockPos{x=-83, y=85, z=-94} | Feet: Air | FloorSolid: false
[12:30:38.768] [DEBUG] [PATHFINDER] Blocked at: BlockPos{x=-82, y=85, z=-95} | Feet: Air | FloorSolid: false
[12:30:38.768] [DEBUG] [PATHFINDER] Blocked at: BlockPos{x=-84, y=85, z=-95} | Feet: Air | FloorSolid: false
[12:30:38.768] [DEBUG] [PATHFINDER] Blocked at: BlockPos{x=-83, y=83, z=-96} | Feet: White Concrete | FloorSolid: true
[12:30:38.768] [DEBUG] [PATHFINDER] Blocked at: BlockPos{x=-83, y=83, z=-94} | Feet: White Concrete | FloorSolid: true
[12:30:38.768] [DEBUG] [PATHFINDER] Blocked at: BlockPos{x=-82, y=83, z=-95} | Feet: White Concrete | FloorSolid: true
[12:30:38.769] [DEBUG] [PATHFINDER] Blocked at: BlockPos{x=-84, y=83, z=-95} | Feet: White Concrete | FloorSolid: true
[12:30:38.769] [DEBUG] [PATHFINDER] Blocked at: BlockPos{x=-83, y=85, z=-95} | Feet: Air | FloorSolid: false
[12:30:38.769] [DEBUG] [PATHFINDER] Blocked at: BlockPos{x=-83, y=85, z=-93} | Feet: Air | FloorSolid: false
[12:30:38.769] [DEBUG] [PATHFINDER] Blocked at: BlockPos{x=-82, y=85, z=-94} | Feet: Air | FloorSolid: false
[12:30:38.769] [DEBUG] [PATHFINDER] Blocked at: BlockPos{x=-84, y=85, z=-94} | Feet: Air | FloorSolid: false
[12:30:38.770] [DEBUG] [PATHFINDER] Blocked at: BlockPos{x=-83, y=83, z=-95} | Feet: White Concrete | FloorSolid: true
[12:30:38.770] [DEBUG] [PATHFINDER] Blocked at: BlockPos{x=-83, y=83, z=-93} | Feet: Black Concrete | FloorSolid: true
[12:30:38.770] [DEBUG] [PATHFINDER] Blocked at: BlockPos{x=-82, y=83, z=-94} | Feet: White Concrete | FloorSolid: true
[12:30:38.770] [DEBUG] [PATHFINDER] Blocked at: BlockPos{x=-84, y=83, z=-94} | Feet: White Concrete | FloorSolid: true
[12:30:39.669] [DEBUG] [PATHFINDER] Blocked at: BlockPos{x=-83, y=85, z=-96} | Feet: Air | FloorSolid: false
[12:30:39.669] [DEBUG] [PATHFINDER] Blocked at: BlockPos{x=-83, y=85, z=-94} | Feet: Air | FloorSolid: false
[12:30:39.670] [DEBUG] [PATHFINDER] Blocked at: BlockPos{x=-82, y=85, z=-95} | Feet: Air | FloorSolid: false
[12:30:39.670] [DEBUG] [PATHFINDER] Blocked at: BlockPos{x=-84, y=85, z=-95} | Feet: Air | FloorSolid: false
[12:30:39.670] [DEBUG] [PATHFINDER] Blocked at: BlockPos{x=-83, y=83, z=-96} | Feet: White Concrete | FloorSolid: true
[12:30:39.670] [DEBUG] [PATHFINDER] Blocked at: BlockPos{x=-83, y=83, z=-94} | Feet: White Concrete | FloorSolid: true
[12:30:39.670] [DEBUG] [PATHFINDER] Blocked at: BlockPos{x=-82, y=83, z=-95} | Feet: White Concrete | FloorSolid: true
[12:30:39.671] [DEBUG] [PATHFINDER] Blocked at: BlockPos{x=-84, y=83, z=-95} | Feet: White Concrete | FloorSolid: true
[12:30:40.075] [DEBUG] [PATHFINDER] Blocked at: BlockPos{x=-83, y=85, z=-96} | Feet: Air | FloorSolid: false
[12:30:40.076] [DEBUG] [PATHFINDER] Blocked at: BlockPos{x=-83, y=85, z=-94} | Feet: Air | FloorSolid: false
[12:30:40.076] [DEBUG] [PATHFINDER] Blocked at: BlockPos{x=-82, y=85, z=-95} | Feet: Air | FloorSolid: false
[12:30:40.076] [DEBUG] [PATHFINDER] Blocked at: BlockPos{x=-84, y=85, z=-95} | Feet: Air | FloorSolid: false
[12:30:40.076] [DEBUG] [PATHFINDER] Blocked at: BlockPos{x=-83, y=83, z=-96} | Feet: White Concrete | FloorSolid: true
[12:30:40.076] [DEBUG] [PATHFINDER] Blocked at: BlockPos{x=-83, y=83, z=-94} | Feet: White Concrete | FloorSolid: true
[12:30:40.077] [DEBUG] [PATHFINDER] Blocked at: BlockPos{x=-82, y=83, z=-95} | Feet: White Concrete | FloorSolid: true
[12:30:40.077] [DEBUG] [PATHFINDER] Blocked at: BlockPos{x=-84, y=83, z=-95} | Feet: White Concrete | FloorSolid: true
[12:30:40.517] [DEBUG] [PATHFINDER] Blocked at: BlockPos{x=-82, y=85, z=-96} | Feet: Air | FloorSolid: false
[12:30:40.518] [DEBUG] [PATHFINDER] Blocked at: BlockPos{x=-82, y=85, z=-94} | Feet: Air | FloorSolid: false
[12:30:40.518] [DEBUG] [PATHFINDER] Blocked at: BlockPos{x=-81, y=85, z=-95} | Feet: Air | FloorSolid: false
[12:30:40.519] [DEBUG] [PATHFINDER] Blocked at: BlockPos{x=-83, y=85, z=-95} | Feet: Air | FloorSolid: false
[12:30:40.520] [DEBUG] [PATHFINDER] Blocked at: BlockPos{x=-82, y=83, z=-96} | Feet: White Concrete | FloorSolid: true
[12:30:40.521] [DEBUG] [PATHFINDER] Blocked at: BlockPos{x=-82, y=83, z=-94} | Feet: White Concrete | FloorSolid: true
[12:30:40.522] [DEBUG] [PATHFINDER] Blocked at: BlockPos{x=-81, y=83, z=-95} | Feet: White Concrete | FloorSolid: true
[12:30:40.523] [DEBUG] [PATHFINDER] Blocked at: BlockPos{x=-83, y=83, z=-95} | Feet: White Concrete | FloorSolid: true
[12:30:40.523] [DEBUG] [PATHFINDER] Blocked at: BlockPos{x=-81, y=85, z=-96} | Feet: Air | FloorSolid: false
[12:30:40.524] [DEBUG] [PATHFINDER] Blocked at: BlockPos{x=-81, y=85, z=-94} | Feet: Air | FloorSolid: false
[12:30:40.525] [DEBUG] [PATHFINDER] Blocked at: BlockPos{x=-80, y=85, z=-95} | Feet: Air | FloorSolid: false
[12:30:40.526] [DEBUG] [PATHFINDER] Blocked at: BlockPos{x=-82, y=85, z=-95} | Feet: Air | FloorSolid: false
[12:30:40.526] [DEBUG] [PATHFINDER] Blocked at: BlockPos{x=-81, y=83, z=-96} | Feet: White Concrete | FloorSolid: true
[12:30:40.526] [DEBUG] [PATHFINDER] Blocked at: BlockPos{x=-81, y=83, z=-94} | Feet: White Concrete | FloorSolid: true
[12:30:40.527] [DEBUG] [PATHFINDER] Blocked at: BlockPos{x=-80, y=83, z=-95} | Feet: Black Concrete | FloorSolid: true
[12:30:40.527] [DEBUG] [PATHFINDER] Blocked at: BlockPos{x=-82, y=83, z=-95} | Feet: White Concrete | FloorSolid: true
[12:30:41.072] [DEBUG] [PATHFINDER] Blocked at: BlockPos{x=-80, y=85, z=-96} | Feet: Air | FloorSolid: false
[12:30:41.073] [DEBUG] [PATHFINDER] Blocked at: BlockPos{x=-80, y=85, z=-94} | Feet: Air | FloorSolid: false
[12:30:41.073] [DEBUG] [PATHFINDER] Blocked at: BlockPos{x=-79, y=85, z=-95} | Feet: Air | FloorSolid: false
[12:30:41.073] [DEBUG] [PATHFINDER] Blocked at: BlockPos{x=-81, y=85, z=-95} | Feet: Air | FloorSolid: false
[12:30:41.073] [DEBUG] [PATHFINDER] Blocked at: BlockPos{x=-80, y=83, z=-96} | Feet: Black Concrete | FloorSolid: true
[12:30:41.073] [DEBUG] [PATHFINDER] Blocked at: BlockPos{x=-80, y=83, z=-94} | Feet: Black Concrete | FloorSolid: true
[12:30:41.074] [DEBUG] [PATHFINDER] Blocked at: BlockPos{x=-79, y=83, z=-95} | Feet: White Concrete | FloorSolid: true
[12:30:41.074] [DEBUG] [PATHFINDER] Blocked at: BlockPos{x=-81, y=83, z=-95} | Feet: White Concrete | FloorSolid: true
[12:30:41.074] [DEBUG] [PATHFINDER] Blocked at: BlockPos{x=-79, y=85, z=-96} | Feet: Air | FloorSolid: false
[12:30:41.074] [DEBUG] [PATHFINDER] Blocked at: BlockPos{x=-79, y=85, z=-94} | Feet: Air | FloorSolid: false
[12:30:41.074] [DEBUG] [PATHFINDER] Blocked at: BlockPos{x=-78, y=85, z=-95} | Feet: Air | FloorSolid: false
[12:30:41.074] [DEBUG] [PATHFINDER] Blocked at: BlockPos{x=-80, y=85, z=-95} | Feet: Air | FloorSolid: false
[12:30:41.075] [DEBUG] [PATHFINDER] Blocked at: BlockPos{x=-79, y=83, z=-96} | Feet: White Concrete | FloorSolid: true
[12:30:41.075] [DEBUG] [PATHFINDER] Blocked at: BlockPos{x=-79, y=83, z=-94} | Feet: White Concrete | FloorSolid: true
[12:30:41.075] [DEBUG] [PATHFINDER] Blocked at: BlockPos{x=-78, y=83, z=-95} | Feet: White Concrete | FloorSolid: true
[12:30:41.075] [DEBUG] [PATHFINDER] Blocked at: BlockPos{x=-80, y=83, z=-95} | Feet: Black Concrete | FloorSolid: true
[12:30:42.474] [DEBUG] [PATHFINDER] Blocked at: BlockPos{x=-78, y=85, z=-96} | Feet: Air | FloorSolid: false
[12:30:42.474] [DEBUG] [PATHFINDER] Blocked at: BlockPos{x=-78, y=85, z=-94} | Feet: Air | FloorSolid: false
[12:30:42.474] [DEBUG] [PATHFINDER] Blocked at: BlockPos{x=-77, y=85, z=-95} | Feet: Air | FloorSolid: false
[12:30:42.475] [DEBUG] [PATHFINDER] Blocked at: BlockPos{x=-79, y=85, z=-95} | Feet: Air | FloorSolid: false
[12:30:42.475] [DEBUG] [PATHFINDER] Blocked at: BlockPos{x=-78, y=83, z=-96} | Feet: White Concrete | FloorSolid: true
[12:30:42.475] [DEBUG] [PATHFINDER] Blocked at: BlockPos{x=-78, y=83, z=-94} | Feet: White Concrete | FloorSolid: true
[12:30:42.475] [DEBUG] [PATHFINDER] Blocked at: BlockPos{x=-77, y=83, z=-95} | Feet: White Concrete | FloorSolid: true
[12:30:42.475] [DEBUG] [PATHFINDER] Blocked at: BlockPos{x=-79, y=83, z=-95} | Feet: White Concrete | FloorSolid: true
[12:30:42.969] [DEBUG] [PATHFINDER] Blocked at: BlockPos{x=-77, y=85, z=-96} | Feet: Air | FloorSolid: false
[12:30:42.970] [DEBUG] [PATHFINDER] Blocked at: BlockPos{x=-77, y=85, z=-94} | Feet: Air | FloorSolid: false
[12:30:42.970] [DEBUG] [PATHFINDER] Blocked at: BlockPos{x=-76, y=85, z=-95} | Feet: Air | FloorSolid: false
[12:30:42.970] [DEBUG] [PATHFINDER] Blocked at: BlockPos{x=-78, y=85, z=-95} | Feet: Air | FloorSolid: false
[12:30:42.971] [DEBUG] [PATHFINDER] Blocked at: BlockPos{x=-77, y=83, z=-96} | Feet: White Concrete | FloorSolid: true
[12:30:42.971] [DEBUG] [PATHFINDER] Blocked at: BlockPos{x=-77, y=83, z=-94} | Feet: White Concrete | FloorSolid: true
[12:30:42.971] [DEBUG] [PATHFINDER] Blocked at: BlockPos{x=-76, y=83, z=-95} | Feet: White Concrete | FloorSolid: true
[12:30:42.971] [DEBUG] [PATHFINDER] Blocked at: BlockPos{x=-78, y=83, z=-95} | Feet: White Concrete | FloorSolid: true
[12:30:42.972] [DEBUG] [PATHFINDER] Blocked at: BlockPos{x=-77, y=85, z=-97} | Feet: Air | FloorSolid: false
[12:30:42.972] [DEBUG] [PATHFINDER] Blocked at: BlockPos{x=-77, y=85, z=-95} | Feet: Air | FloorSolid: false
[12:30:42.972] [DEBUG] [PATHFINDER] Blocked at: BlockPos{x=-76, y=85, z=-96} | Feet: Air | FloorSolid: false
[12:30:42.972] [DEBUG] [PATHFINDER] Blocked at: BlockPos{x=-78, y=85, z=-96} | Feet: Air | FloorSolid: false
[12:30:42.973] [DEBUG] [PATHFINDER] Blocked at: BlockPos{x=-77, y=83, z=-97} | Feet: White Concrete | FloorSolid: true
[12:30:42.973] [DEBUG] [PATHFINDER] Blocked at: BlockPos{x=-77, y=83, z=-95} | Feet: White Concrete | FloorSolid: true
[12:30:42.973] [DEBUG] [PATHFINDER] Blocked at: BlockPos{x=-76, y=83, z=-96} | Feet: White Concrete | FloorSolid: true
[12:30:42.973] [DEBUG] [PATHFINDER] Blocked at: BlockPos{x=-78, y=83, z=-96} | Feet: White Concrete | FloorSolid: true
[12:30:43.465] [DEBUG] [PATHFINDER] Blocked at: BlockPos{x=-76, y=85, z=-97} | Feet: Air | FloorSolid: false
[12:30:43.466] [DEBUG] [PATHFINDER] Blocked at: BlockPos{x=-76, y=85, z=-95} | Feet: Air | FloorSolid: false
[12:30:43.466] [DEBUG] [PATHFINDER] Blocked at: BlockPos{x=-75, y=85, z=-96} | Feet: Air | FloorSolid: false
[12:30:43.466] [DEBUG] [PATHFINDER] Blocked at: BlockPos{x=-77, y=85, z=-96} | Feet: Air | FloorSolid: false
[12:30:43.466] [DEBUG] [PATHFINDER] Blocked at: BlockPos{x=-76, y=83, z=-97} | Feet: White Concrete | FloorSolid: true
[12:30:43.467] [DEBUG] [PATHFINDER] Blocked at: BlockPos{x=-76, y=83, z=-95} | Feet: White Concrete | FloorSolid: true
[12:30:43.467] [DEBUG] [PATHFINDER] Blocked at: BlockPos{x=-75, y=83, z=-96} | Feet: Black Concrete | FloorSolid: true
[12:30:43.467] [DEBUG] [PATHFINDER] Blocked at: BlockPos{x=-77, y=83, z=-96} | Feet: White Concrete | FloorSolid: true
[12:30:43.467] [DEBUG] [PATHFINDER] Blocked at: BlockPos{x=-76, y=85, z=-98} | Feet: Air | FloorSolid: false
[12:30:43.468] [DEBUG] [PATHFINDER] Blocked at: BlockPos{x=-76, y=85, z=-96} | Feet: Air | FloorSolid: false
[12:30:43.468] [DEBUG] [PATHFINDER] Blocked at: BlockPos{x=-75, y=85, z=-97} | Feet: Air | FloorSolid: false
[12:30:43.468] [DEBUG] [PATHFINDER] Blocked at: BlockPos{x=-77, y=85, z=-97} | Feet: Air | FloorSolid: false
[12:30:43.468] [DEBUG] [PATHFINDER] Blocked at: BlockPos{x=-76, y=83, z=-98} | Feet: Black Concrete | FloorSolid: true
[12:30:43.468] [DEBUG] [PATHFINDER] Blocked at: BlockPos{x=-76, y=83, z=-96} | Feet: White Concrete | FloorSolid: true
[12:30:43.468] [DEBUG] [PATHFINDER] Blocked at: BlockPos{x=-75, y=83, z=-97} | Feet: Black Concrete | FloorSolid: true
[12:30:43.469] [DEBUG] [PATHFINDER] Blocked at: BlockPos{x=-77, y=83, z=-97} | Feet: White Concrete | FloorSolid: true
[12:30:44.076] [DEBUG] [PATHFINDER] Blocked at: BlockPos{x=-76, y=85, z=-99} | Feet: Air | FloorSolid: false
[12:30:44.076] [DEBUG] [PATHFINDER] Blocked at: BlockPos{x=-76, y=85, z=-97} | Feet: Air | FloorSolid: false
[12:30:44.077] [DEBUG] [PATHFINDER] Blocked at: BlockPos{x=-75, y=85, z=-98} | Feet: Air | FloorSolid: false
[12:30:44.077] [DEBUG] [PATHFINDER] Blocked at: BlockPos{x=-77, y=85, z=-98} | Feet: Air | FloorSolid: false
[12:30:44.077] [DEBUG] [PATHFINDER] Blocked at: BlockPos{x=-76, y=83, z=-99} | Feet: White Concrete | FloorSolid: true
[12:30:44.077] [DEBUG] [PATHFINDER] Blocked at: BlockPos{x=-76, y=83, z=-97} | Feet: White Concrete | FloorSolid: true
[12:30:44.078] [DEBUG] [PATHFINDER] Blocked at: BlockPos{x=-75, y=83, z=-98} | Feet: Black Concrete | FloorSolid: true
[12:30:44.078] [DEBUG] [PATHFINDER] Blocked at: BlockPos{x=-77, y=83, z=-98} | Feet: Black Concrete | FloorSolid: true
[12:30:44.078] [DEBUG] [PATHFINDER] Blocked at: BlockPos{x=-76, y=85, z=-100} | Feet: Air | FloorSolid: false
[12:30:44.078] [DEBUG] [PATHFINDER] Blocked at: BlockPos{x=-76, y=85, z=-98} | Feet: Air | FloorSolid: false
[12:30:44.078] [DEBUG] [PATHFINDER] Blocked at: BlockPos{x=-75, y=85, z=-99} | Feet: Air | FloorSolid: false
[12:30:44.078] [DEBUG] [PATHFINDER] Blocked at: BlockPos{x=-77, y=85, z=-99} | Feet: Air | FloorSolid: false
[12:30:44.079] [DEBUG] [PATHFINDER] Blocked at: BlockPos{x=-76, y=83, z=-100} | Feet: White Concrete | FloorSolid: true
[12:30:44.079] [DEBUG] [PATHFINDER] Blocked at: BlockPos{x=-76, y=83, z=-98} | Feet: Black Concrete | FloorSolid: true
[12:30:44.079] [DEBUG] [PATHFINDER] Blocked at: BlockPos{x=-75, y=83, z=-99} | Feet: Black Concrete | FloorSolid: true
[12:30:44.079] [DEBUG] [PATHFINDER] Blocked at: BlockPos{x=-77, y=83, z=-99} | Feet: White Concrete | FloorSolid: true
[12:30:45.074] [DEBUG] [PATHFINDER] Blocked at: BlockPos{x=-76, y=85, z=-100} | Feet: Air | FloorSolid: false
[12:30:45.075] [DEBUG] [PATHFINDER] Blocked at: BlockPos{x=-76, y=85, z=-98} | Feet: Air | FloorSolid: false
[12:30:45.075] [DEBUG] [PATHFINDER] Blocked at: BlockPos{x=-75, y=85, z=-99} | Feet: Air | FloorSolid: false
[12:30:45.076] [DEBUG] [PATHFINDER] Blocked at: BlockPos{x=-77, y=85, z=-99} | Feet: Air | FloorSolid: false
[12:30:45.076] [DEBUG] [PATHFINDER] Blocked at: BlockPos{x=-76, y=83, z=-100} | Feet: White Concrete | FloorSolid: true
[12:30:45.076] [DEBUG] [PATHFINDER] Blocked at: BlockPos{x=-76, y=83, z=-98} | Feet: Black Concrete | FloorSolid: true
[12:30:45.076] [DEBUG] [PATHFINDER] Blocked at: BlockPos{x=-75, y=83, z=-99} | Feet: Black Concrete | FloorSolid: true
[12:30:45.077] [DEBUG] [PATHFINDER] Blocked at: BlockPos{x=-77, y=83, z=-99} | Feet: White Concrete | FloorSolid: true
[12:30:45.077] [DEBUG] [PATHFINDER] Blocked at: BlockPos{x=-76, y=85, z=-101} | Feet: Air | FloorSolid: false
[12:30:45.077] [DEBUG] [PATHFINDER] Blocked at: BlockPos{x=-76, y=85, z=-99} | Feet: Air | FloorSolid: false
[12:30:45.077] [DEBUG] [PATHFINDER] Blocked at: BlockPos{x=-75, y=85, z=-100} | Feet: Air | FloorSolid: false
[12:30:45.078] [DEBUG] [PATHFINDER] Blocked at: BlockPos{x=-77, y=85, z=-100} | Feet: Air | FloorSolid: false
[12:30:45.078] [DEBUG] [PATHFINDER] Blocked at: BlockPos{x=-76, y=83, z=-101} | Feet: White Concrete | FloorSolid: true
[12:30:45.078] [DEBUG] [PATHFINDER] Blocked at: BlockPos{x=-76, y=83, z=-99} | Feet: White Concrete | FloorSolid: true
[12:30:45.078] [DEBUG] [PATHFINDER] Blocked at: BlockPos{x=-75, y=83, z=-100} | Feet: Black Concrete | FloorSolid: true
[12:30:45.079] [DEBUG] [PATHFINDER] Blocked at: BlockPos{x=-77, y=83, z=-100} | Feet: White Concrete | FloorSolid: true
[12:30:45.622] [DEBUG] [PATHFINDER] Blocked at: BlockPos{x=-76, y=85, z=-102} | Feet: Air | FloorSolid: false
[12:30:45.622] [DEBUG] [PATHFINDER] Blocked at: BlockPos{x=-76, y=85, z=-100} | Feet: Air | FloorSolid: false
[12:30:45.623] [DEBUG] [PATHFINDER] Blocked at: BlockPos{x=-75, y=85, z=-101} | Feet: Air | FloorSolid: false
[12:30:45.623] [DEBUG] [PATHFINDER] Blocked at: BlockPos{x=-77, y=85, z=-101} | Feet: Air | FloorSolid: false
[12:30:45.624] [DEBUG] [PATHFINDER] Blocked at: BlockPos{x=-76, y=83, z=-102} | Feet: White Concrete | FloorSolid: true
[12:30:45.624] [DEBUG] [PATHFINDER] Blocked at: BlockPos{x=-76, y=83, z=-100} | Feet: White Concrete | FloorSolid: true
[12:30:45.624] [DEBUG] [PATHFINDER] Blocked at: BlockPos{x=-75, y=83, z=-101} | Feet: Black Concrete | FloorSolid: true
[12:30:45.624] [DEBUG] [PATHFINDER] Blocked at: BlockPos{x=-77, y=83, z=-101} | Feet: White Concrete | FloorSolid: true
[12:30:45.625] [DEBUG] [PATHFINDER] Blocked at: BlockPos{x=-77, y=85, z=-102} | Feet: Air | FloorSolid: false
[12:30:45.626] [DEBUG] [PATHFINDER] Blocked at: BlockPos{x=-77, y=85, z=-100} | Feet: Air | FloorSolid: false
[12:30:45.626] [DEBUG] [PATHFINDER] Blocked at: BlockPos{x=-76, y=85, z=-101} | Feet: Air | FloorSolid: false
[12:30:45.626] [DEBUG] [PATHFINDER] Blocked at: BlockPos{x=-78, y=85, z=-101} | Feet: Air | FloorSolid: false
[12:30:45.627] [DEBUG] [PATHFINDER] Blocked at: BlockPos{x=-77, y=83, z=-102} | Feet: White Concrete | FloorSolid: true
[12:30:45.627] [DEBUG] [PATHFINDER] Blocked at: BlockPos{x=-77, y=83, z=-100} | Feet: White Concrete | FloorSolid: true
[12:30:45.627] [DEBUG] [PATHFINDER] Blocked at: BlockPos{x=-76, y=83, z=-101} | Feet: White Concrete | FloorSolid: true
[12:30:45.627] [DEBUG] [PATHFINDER] Blocked at: BlockPos{x=-78, y=83, z=-101} | Feet: White Concrete | FloorSolid: true
[12:30:45.627] [DEBUG] [PATHFINDER] Blocked at: BlockPos{x=-77, y=85, z=-103} | Feet: Air | FloorSolid: false
[12:30:45.628] [DEBUG] [PATHFINDER] Blocked at: BlockPos{x=-77, y=85, z=-101} | Feet: Air | FloorSolid: false
[12:30:45.628] [DEBUG] [PATHFINDER] Blocked at: BlockPos{x=-76, y=85, z=-102} | Feet: Air | FloorSolid: false
[12:30:45.629] [DEBUG] [PATHFINDER] Blocked at: BlockPos{x=-78, y=85, z=-102} | Feet: Air | FloorSolid: false
[12:30:45.629] [DEBUG] [PATHFINDER] Blocked at: BlockPos{x=-77, y=83, z=-103} | Feet: Black Concrete | FloorSolid: true
[12:30:45.629] [DEBUG] [PATHFINDER] Blocked at: BlockPos{x=-77, y=83, z=-101} | Feet: White Concrete | FloorSolid: true
[12:30:45.630] [DEBUG] [PATHFINDER] Blocked at: BlockPos{x=-76, y=83, z=-102} | Feet: White Concrete | FloorSolid: true
[12:30:45.630] [DEBUG] [PATHFINDER] Blocked at: BlockPos{x=-78, y=83, z=-102} | Feet: White Concrete | FloorSolid: true
[12:30:46.323] [DEBUG] [PATHFINDER] Blocked at: BlockPos{x=-78, y=85, z=-103} | Feet: Air | FloorSolid: false
[12:30:46.324] [DEBUG] [PATHFINDER] Blocked at: BlockPos{x=-78, y=85, z=-101} | Feet: Air | FloorSolid: false
[12:30:46.324] [DEBUG] [PATHFINDER] Blocked at: BlockPos{x=-77, y=85, z=-102} | Feet: Air | FloorSolid: false
[12:30:46.324] [DEBUG] [PATHFINDER] Blocked at: BlockPos{x=-79, y=85, z=-102} | Feet: Air | FloorSolid: false
[12:30:46.324] [DEBUG] [PATHFINDER] Blocked at: BlockPos{x=-78, y=83, z=-103} | Feet: Black Concrete | FloorSolid: true
[12:30:46.324] [DEBUG] [PATHFINDER] Blocked at: BlockPos{x=-78, y=83, z=-101} | Feet: White Concrete | FloorSolid: true
[12:30:46.324] [DEBUG] [PATHFINDER] Blocked at: BlockPos{x=-77, y=83, z=-102} | Feet: White Concrete | FloorSolid: true
[12:30:46.325] [DEBUG] [PATHFINDER] Blocked at: BlockPos{x=-79, y=83, z=-102} | Feet: White Concrete | FloorSolid: true
[12:30:46.325] [DEBUG] [PATHFINDER] Blocked at: BlockPos{x=-79, y=85, z=-103} | Feet: Air | FloorSolid: false
[12:30:46.325] [DEBUG] [PATHFINDER] Blocked at: BlockPos{x=-79, y=85, z=-101} | Feet: Air | FloorSolid: false
[12:30:46.325] [DEBUG] [PATHFINDER] Blocked at: BlockPos{x=-78, y=85, z=-102} | Feet: Air | FloorSolid: false
[12:30:46.325] [DEBUG] [PATHFINDER] Blocked at: BlockPos{x=-80, y=85, z=-102} | Feet: Air | FloorSolid: false
[12:30:46.325] [DEBUG] [PATHFINDER] Blocked at: BlockPos{x=-79, y=83, z=-103} | Feet: Black Concrete | FloorSolid: true
[12:30:46.325] [DEBUG] [PATHFINDER] Blocked at: BlockPos{x=-79, y=83, z=-101} | Feet: White Concrete | FloorSolid: true
[12:30:46.326] [DEBUG] [PATHFINDER] Blocked at: BlockPos{x=-78, y=83, z=-102} | Feet: White Concrete | FloorSolid: true
[12:30:46.326] [DEBUG] [PATHFINDER] Blocked at: BlockPos{x=-80, y=83, z=-102} | Feet: Black Concrete | FloorSolid: true
[12:30:46.919] [DEBUG] [PATHFINDER] Blocked at: BlockPos{x=-80, y=85, z=-103} | Feet: Air | FloorSolid: false
[12:30:46.920] [DEBUG] [PATHFINDER] Blocked at: BlockPos{x=-80, y=85, z=-101} | Feet: Air | FloorSolid: false
[12:30:46.921] [DEBUG] [PATHFINDER] Blocked at: BlockPos{x=-79, y=85, z=-102} | Feet: Air | FloorSolid: false
[12:30:46.921] [DEBUG] [PATHFINDER] Blocked at: BlockPos{x=-81, y=85, z=-102} | Feet: Air | FloorSolid: false
[12:30:46.922] [DEBUG] [PATHFINDER] Blocked at: BlockPos{x=-80, y=83, z=-103} | Feet: Black Concrete | FloorSolid: true
[12:30:46.922] [DEBUG] [PATHFINDER] Blocked at: BlockPos{x=-80, y=83, z=-101} | Feet: Black Concrete | FloorSolid: true
[12:30:46.922] [DEBUG] [PATHFINDER] Blocked at: BlockPos{x=-79, y=83, z=-102} | Feet: White Concrete | FloorSolid: true
[12:30:46.922] [DEBUG] [PATHFINDER] Blocked at: BlockPos{x=-81, y=83, z=-102} | Feet: White Concrete | FloorSolid: true
[12:30:46.923] [DEBUG] [PATHFINDER] Blocked at: BlockPos{x=-81, y=85, z=-103} | Feet: Air | FloorSolid: false
[12:30:46.923] [DEBUG] [PATHFINDER] Blocked at: BlockPos{x=-81, y=85, z=-101} | Feet: Air | FloorSolid: false
[12:30:46.923] [DEBUG] [PATHFINDER] Blocked at: BlockPos{x=-80, y=85, z=-102} | Feet: Air | FloorSolid: false
[12:30:46.924] [DEBUG] [PATHFINDER] Blocked at: BlockPos{x=-82, y=85, z=-102} | Feet: Air | FloorSolid: false
[12:30:46.924] [DEBUG] [PATHFINDER] Blocked at: BlockPos{x=-81, y=83, z=-103} | Feet: Black Concrete | FloorSolid: true
[12:30:46.924] [DEBUG] [PATHFINDER] Blocked at: BlockPos{x=-81, y=83, z=-101} | Feet: White Concrete | FloorSolid: true
[12:30:46.925] [DEBUG] [PATHFINDER] Blocked at: BlockPos{x=-80, y=83, z=-102} | Feet: Black Concrete | FloorSolid: true
[12:30:46.925] [DEBUG] [PATHFINDER] Blocked at: BlockPos{x=-82, y=83, z=-102} | Feet: White Concrete | FloorSolid: true
[12:30:46.925] [DEBUG] [PATHFINDER] Blocked at: BlockPos{x=-82, y=85, z=-103} | Feet: Air | FloorSolid: false
[12:30:46.926] [DEBUG] [PATHFINDER] Blocked at: BlockPos{x=-82, y=85, z=-101} | Feet: Air | FloorSolid: false
[12:30:46.926] [DEBUG] [PATHFINDER] Blocked at: BlockPos{x=-81, y=85, z=-102} | Feet: Air | FloorSolid: false
[12:30:46.926] [DEBUG] [PATHFINDER] Blocked at: BlockPos{x=-83, y=85, z=-102} | Feet: Air | FloorSolid: false
[12:30:46.926] [DEBUG] [PATHFINDER] Blocked at: BlockPos{x=-82, y=83, z=-103} | Feet: Black Concrete | FloorSolid: true
[12:30:46.927] [DEBUG] [PATHFINDER] Blocked at: BlockPos{x=-82, y=83, z=-101} | Feet: White Concrete | FloorSolid: true
[12:30:46.927] [DEBUG] [PATHFINDER] Blocked at: BlockPos{x=-81, y=83, z=-102} | Feet: White Concrete | FloorSolid: true
[12:30:46.927] [DEBUG] [PATHFINDER] Blocked at: BlockPos{x=-83, y=83, z=-102} | Feet: White Concrete | FloorSolid: true
[12:30:47.777] [DEBUG] [PATHFINDER] Blocked at: BlockPos{x=-81, y=85, z=-103} | Feet: Air | FloorSolid: false
[12:30:47.777] [DEBUG] [PATHFINDER] Blocked at: BlockPos{x=-81, y=85, z=-101} | Feet: Air | FloorSolid: false
[12:30:47.778] [DEBUG] [PATHFINDER] Blocked at: BlockPos{x=-80, y=85, z=-102} | Feet: Air | FloorSolid: false
[12:30:47.778] [DEBUG] [PATHFINDER] Blocked at: BlockPos{x=-82, y=85, z=-102} | Feet: Air | FloorSolid: false
[12:30:47.779] [DEBUG] [PATHFINDER] Blocked at: BlockPos{x=-81, y=83, z=-103} | Feet: Black Concrete | FloorSolid: true
[12:30:47.779] [DEBUG] [PATHFINDER] Blocked at: BlockPos{x=-81, y=83, z=-101} | Feet: White Concrete | FloorSolid: true
[12:30:47.779] [DEBUG] [PATHFINDER] Blocked at: BlockPos{x=-80, y=83, z=-102} | Feet: Black Concrete | FloorSolid: true
[12:30:47.779] [DEBUG] [PATHFINDER] Blocked at: BlockPos{x=-82, y=83, z=-102} | Feet: White Concrete | FloorSolid: true
[12:30:47.780] [DEBUG] [PATHFINDER] Blocked at: BlockPos{x=-82, y=85, z=-103} | Feet: Air | FloorSolid: false
[12:30:47.780] [DEBUG] [PATHFINDER] Blocked at: BlockPos{x=-82, y=85, z=-101} | Feet: Air | FloorSolid: false
[12:30:47.780] [DEBUG] [PATHFINDER] Blocked at: BlockPos{x=-81, y=85, z=-102} | Feet: Air | FloorSolid: false
[12:30:47.780] [DEBUG] [PATHFINDER] Blocked at: BlockPos{x=-83, y=85, z=-102} | Feet: Air | FloorSolid: false
[12:30:47.780] [DEBUG] [PATHFINDER] Blocked at: BlockPos{x=-82, y=83, z=-103} | Feet: Black Concrete | FloorSolid: true
[12:30:47.781] [DEBUG] [PATHFINDER] Blocked at: BlockPos{x=-82, y=83, z=-101} | Feet: White Concrete | FloorSolid: true
[12:30:47.781] [DEBUG] [PATHFINDER] Blocked at: BlockPos{x=-81, y=83, z=-102} | Feet: White Concrete | FloorSolid: true
[12:30:47.781] [DEBUG] [PATHFINDER] Blocked at: BlockPos{x=-83, y=83, z=-102} | Feet: White Concrete | FloorSolid: true
[12:30:48.324] [DEBUG] [PATHFINDER] Blocked at: BlockPos{x=-83, y=85, z=-103} | Feet: Air | FloorSolid: false
[12:30:48.324] [DEBUG] [PATHFINDER] Blocked at: BlockPos{x=-83, y=85, z=-101} | Feet: Air | FloorSolid: false
[12:30:48.325] [DEBUG] [PATHFINDER] Blocked at: BlockPos{x=-82, y=85, z=-102} | Feet: Air | FloorSolid: false
[12:30:48.325] [DEBUG] [PATHFINDER] Blocked at: BlockPos{x=-84, y=85, z=-102} | Feet: Air | FloorSolid: false
[12:30:48.326] [DEBUG] [PATHFINDER] Blocked at: BlockPos{x=-83, y=83, z=-103} | Feet: Black Concrete | FloorSolid: true
[12:30:48.326] [DEBUG] [PATHFINDER] Blocked at: BlockPos{x=-83, y=83, z=-101} | Feet: White Concrete | FloorSolid: true
[12:30:48.326] [DEBUG] [PATHFINDER] Blocked at: BlockPos{x=-82, y=83, z=-102} | Feet: White Concrete | FloorSolid: true
[12:30:48.326] [DEBUG] [PATHFINDER] Blocked at: BlockPos{x=-84, y=83, z=-102} | Feet: White Concrete | FloorSolid: true
[12:30:48.327] [DEBUG] [PATHFINDER] Blocked at: BlockPos{x=-83, y=85, z=-102} | Feet: Air | FloorSolid: false
[12:30:48.327] [DEBUG] [PATHFINDER] Blocked at: BlockPos{x=-83, y=85, z=-100} | Feet: Air | FloorSolid: false
[12:30:48.327] [DEBUG] [PATHFINDER] Blocked at: BlockPos{x=-82, y=85, z=-101} | Feet: Air | FloorSolid: false
[12:30:48.327] [DEBUG] [PATHFINDER] Blocked at: BlockPos{x=-84, y=85, z=-101} | Feet: Air | FloorSolid: false
[12:30:48.328] [DEBUG] [PATHFINDER] Blocked at: BlockPos{x=-83, y=83, z=-102} | Feet: White Concrete | FloorSolid: true
[12:30:48.328] [DEBUG] [PATHFINDER] Blocked at: BlockPos{x=-83, y=83, z=-100} | Feet: White Concrete | FloorSolid: true
[12:30:48.328] [DEBUG] [PATHFINDER] Blocked at: BlockPos{x=-82, y=83, z=-101} | Feet: White Concrete | FloorSolid: true
[12:30:48.328] [DEBUG] [PATHFINDER] Blocked at: BlockPos{x=-84, y=83, z=-101} | Feet: White Concrete | FloorSolid: true
[12:30:48.329] [DEBUG] [PATHFINDER] Blocked at: BlockPos{x=-83, y=85, z=-101} | Feet: Air | FloorSolid: false
[12:30:48.329] [DEBUG] [PATHFINDER] Blocked at: BlockPos{x=-83, y=85, z=-99} | Feet: Air | FloorSolid: false
[12:30:48.330] [DEBUG] [PATHFINDER] Blocked at: BlockPos{x=-82, y=85, z=-100} | Feet: Air | FloorSolid: false
[12:30:48.330] [DEBUG] [PATHFINDER] Blocked at: BlockPos{x=-84, y=85, z=-100} | Feet: Air | FloorSolid: false
[12:30:48.330] [DEBUG] [PATHFINDER] Blocked at: BlockPos{x=-83, y=83, z=-101} | Feet: White Concrete | FloorSolid: true
[12:30:48.331] [DEBUG] [PATHFINDER] Blocked at: BlockPos{x=-83, y=83, z=-99} | Feet: White Concrete | FloorSolid: true
[12:30:48.331] [DEBUG] [PATHFINDER] Blocked at: BlockPos{x=-82, y=83, z=-100} | Feet: White Concrete | FloorSolid: true
[12:30:48.331] [DEBUG] [PATHFINDER] Blocked at: BlockPos{x=-84, y=83, z=-100} | Feet: White Concrete | FloorSolid: true
[12:30:49.026] [DEBUG] [PATHFINDER] Blocked at: BlockPos{x=-84, y=85, z=-101} | Feet: Air | FloorSolid: false
[12:30:49.027] [DEBUG] [PATHFINDER] Blocked at: BlockPos{x=-84, y=85, z=-99} | Feet: Air | FloorSolid: false
[12:30:49.027] [DEBUG] [PATHFINDER] Blocked at: BlockPos{x=-83, y=85, z=-100} | Feet: Air | FloorSolid: false
[12:30:49.027] [DEBUG] [PATHFINDER] Blocked at: BlockPos{x=-85, y=85, z=-100} | Feet: Air | FloorSolid: false
[12:30:49.028] [DEBUG] [PATHFINDER] Blocked at: BlockPos{x=-84, y=83, z=-101} | Feet: White Concrete | FloorSolid: true
[12:30:49.028] [DEBUG] [PATHFINDER] Blocked at: BlockPos{x=-84, y=83, z=-99} | Feet: White Concrete | FloorSolid: true
[12:30:49.028] [DEBUG] [PATHFINDER] Blocked at: BlockPos{x=-83, y=83, z=-100} | Feet: White Concrete | FloorSolid: true
[12:30:49.028] [DEBUG] [PATHFINDER] Blocked at: BlockPos{x=-85, y=83, z=-100} | Feet: Black Concrete | FloorSolid: true
[12:30:49.029] [DEBUG] [PATHFINDER] Blocked at: BlockPos{x=-84, y=85, z=-100} | Feet: Air | FloorSolid: false
[12:30:49.029] [DEBUG] [PATHFINDER] Blocked at: BlockPos{x=-84, y=85, z=-98} | Feet: Air | FloorSolid: false
[12:30:49.029] [DEBUG] [PATHFINDER] Blocked at: BlockPos{x=-83, y=85, z=-99} | Feet: Air | FloorSolid: false
[12:30:49.030] [DEBUG] [PATHFINDER] Blocked at: BlockPos{x=-85, y=85, z=-99} | Feet: Air | FloorSolid: false
[12:30:49.030] [DEBUG] [PATHFINDER] Blocked at: BlockPos{x=-84, y=83, z=-100} | Feet: White Concrete | FloorSolid: true
[12:30:49.030] [DEBUG] [PATHFINDER] Blocked at: BlockPos{x=-84, y=83, z=-98} | Feet: Black Concrete | FloorSolid: true
[12:30:49.030] [DEBUG] [PATHFINDER] Blocked at: BlockPos{x=-83, y=83, z=-99} | Feet: White Concrete | FloorSolid: true
[12:30:49.030] [DEBUG] [PATHFINDER] Blocked at: BlockPos{x=-85, y=83, z=-99} | Feet: Black Concrete | FloorSolid: true
[12:30:49.618] [DEBUG] [PATHFINDER] Blocked at: BlockPos{x=-84, y=85, z=-99} | Feet: Air | FloorSolid: false
[12:30:49.618] [DEBUG] [PATHFINDER] Blocked at: BlockPos{x=-84, y=85, z=-97} | Feet: Air | FloorSolid: false
[12:30:49.618] [DEBUG] [PATHFINDER] Blocked at: BlockPos{x=-83, y=85, z=-98} | Feet: Air | FloorSolid: false
[12:30:49.619] [DEBUG] [PATHFINDER] Blocked at: BlockPos{x=-85, y=85, z=-98} | Feet: Air | FloorSolid: false
[12:30:49.619] [DEBUG] [PATHFINDER] Blocked at: BlockPos{x=-84, y=83, z=-99} | Feet: White Concrete | FloorSolid: true
[12:30:49.619] [DEBUG] [PATHFINDER] Blocked at: BlockPos{x=-84, y=83, z=-97} | Feet: White Concrete | FloorSolid: true
[12:30:49.619] [DEBUG] [PATHFINDER] Blocked at: BlockPos{x=-83, y=83, z=-98} | Feet: Black Concrete | FloorSolid: true
[12:30:49.619] [DEBUG] [PATHFINDER] Blocked at: BlockPos{x=-85, y=83, z=-98} | Feet: Black Concrete | FloorSolid: true
[12:30:49.619] [DEBUG] [PATHFINDER] Blocked at: BlockPos{x=-84, y=85, z=-98} | Feet: Air | FloorSolid: false
[12:30:49.619] [DEBUG] [PATHFINDER] Blocked at: BlockPos{x=-84, y=85, z=-96} | Feet: Air | FloorSolid: false
[12:30:49.619] [DEBUG] [PATHFINDER] Blocked at: BlockPos{x=-83, y=85, z=-97} | Feet: Air | FloorSolid: false
[12:30:49.620] [DEBUG] [PATHFINDER] Blocked at: BlockPos{x=-85, y=85, z=-97} | Feet: Air | FloorSolid: false
[12:30:49.620] [DEBUG] [PATHFINDER] Blocked at: BlockPos{x=-84, y=83, z=-98} | Feet: Black Concrete | FloorSolid: true
[12:30:49.620] [DEBUG] [PATHFINDER] Blocked at: BlockPos{x=-84, y=83, z=-96} | Feet: White Concrete | FloorSolid: true
[12:30:49.620] [DEBUG] [PATHFINDER] Blocked at: BlockPos{x=-83, y=83, z=-97} | Feet: White Concrete | FloorSolid: true
[12:30:49.620] [DEBUG] [PATHFINDER] Blocked at: BlockPos{x=-85, y=83, z=-97} | Feet: Black Concrete | FloorSolid: true
[12:30:49.620] [DEBUG] [PATHFINDER] Blocked at: BlockPos{x=-84, y=85, z=-97} | Feet: Air | FloorSolid: false
[12:30:49.620] [DEBUG] [PATHFINDER] Blocked at: BlockPos{x=-84, y=85, z=-95} | Feet: Air | FloorSolid: false
[12:30:49.620] [DEBUG] [PATHFINDER] Blocked at: BlockPos{x=-83, y=85, z=-96} | Feet: Air | FloorSolid: false
[12:30:49.621] [DEBUG] [PATHFINDER] Blocked at: BlockPos{x=-85, y=85, z=-96} | Feet: Air | FloorSolid: false
[12:30:49.621] [DEBUG] [PATHFINDER] Blocked at: BlockPos{x=-84, y=83, z=-97} | Feet: White Concrete | FloorSolid: true
[12:30:49.621] [DEBUG] [PATHFINDER] Blocked at: BlockPos{x=-84, y=83, z=-95} | Feet: White Concrete | FloorSolid: true
[12:30:49.621] [DEBUG] [PATHFINDER] Blocked at: BlockPos{x=-83, y=83, z=-96} | Feet: White Concrete | FloorSolid: true
[12:30:49.621] [DEBUG] [PATHFINDER] Blocked at: BlockPos{x=-85, y=83, z=-96} | Feet: Black Concrete | FloorSolid: true
[12:30:50.476] [DEBUG] [PATHFINDER] Blocked at: BlockPos{x=-84, y=85, z=-98} | Feet: Air | FloorSolid: false
[12:30:50.477] [DEBUG] [PATHFINDER] Blocked at: BlockPos{x=-84, y=85, z=-96} | Feet: Air | FloorSolid: false
[12:30:50.478] [DEBUG] [PATHFINDER] Blocked at: BlockPos{x=-83, y=85, z=-97} | Feet: Air | FloorSolid: false
[12:30:50.478] [DEBUG] [PATHFINDER] Blocked at: BlockPos{x=-85, y=85, z=-97} | Feet: Air | FloorSolid: false
[12:30:50.478] [DEBUG] [PATHFINDER] Blocked at: BlockPos{x=-84, y=83, z=-98} | Feet: Black Concrete | FloorSolid: true
[12:30:50.478] [DEBUG] [PATHFINDER] Blocked at: BlockPos{x=-84, y=83, z=-96} | Feet: White Concrete | FloorSolid: true
[12:30:50.478] [DEBUG] [PATHFINDER] Blocked at: BlockPos{x=-83, y=83, z=-97} | Feet: White Concrete | FloorSolid: true
[12:30:50.479] [DEBUG] [PATHFINDER] Blocked at: BlockPos{x=-85, y=83, z=-97} | Feet: Black Concrete | FloorSolid: true
[12:30:50.479] [DEBUG] [PATHFINDER] Blocked at: BlockPos{x=-84, y=85, z=-97} | Feet: Air | FloorSolid: false
[12:30:50.479] [DEBUG] [PATHFINDER] Blocked at: BlockPos{x=-84, y=85, z=-95} | Feet: Air | FloorSolid: false
[12:30:50.479] [DEBUG] [PATHFINDER] Blocked at: BlockPos{x=-83, y=85, z=-96} | Feet: Air | FloorSolid: false
[12:30:50.479] [DEBUG] [PATHFINDER] Blocked at: BlockPos{x=-85, y=85, z=-96} | Feet: Air | FloorSolid: false
[12:30:50.479] [DEBUG] [PATHFINDER] Blocked at: BlockPos{x=-84, y=83, z=-97} | Feet: White Concrete | FloorSolid: true
[12:30:50.479] [DEBUG] [PATHFINDER] Blocked at: BlockPos{x=-84, y=83, z=-95} | Feet: White Concrete | FloorSolid: true
[12:30:50.480] [DEBUG] [PATHFINDER] Blocked at: BlockPos{x=-83, y=83, z=-96} | Feet: White Concrete | FloorSolid: true
[12:30:50.480] [DEBUG] [PATHFINDER] Blocked at: BlockPos{x=-85, y=83, z=-96} | Feet: Black Concrete | FloorSolid: true
[12:30:51.021] [DEBUG] [PATHFINDER] Blocked at: BlockPos{x=-84, y=85, z=-96} | Feet: Air | FloorSolid: false
[12:30:51.022] [DEBUG] [PATHFINDER] Blocked at: BlockPos{x=-84, y=85, z=-94} | Feet: Air | FloorSolid: false
[12:30:51.022] [DEBUG] [PATHFINDER] Blocked at: BlockPos{x=-83, y=85, z=-95} | Feet: Air | FloorSolid: false
[12:30:51.022] [DEBUG] [PATHFINDER] Blocked at: BlockPos{x=-85, y=85, z=-95} | Feet: Air | FloorSolid: false
[12:30:51.023] [DEBUG] [PATHFINDER] Blocked at: BlockPos{x=-84, y=83, z=-96} | Feet: White Concrete | FloorSolid: true
[12:30:51.023] [DEBUG] [PATHFINDER] Blocked at: BlockPos{x=-84, y=83, z=-94} | Feet: White Concrete | FloorSolid: true
[12:30:51.023] [DEBUG] [PATHFINDER] Blocked at: BlockPos{x=-83, y=83, z=-95} | Feet: White Concrete | FloorSolid: true
[12:30:51.023] [DEBUG] [PATHFINDER] Blocked at: BlockPos{x=-85, y=83, z=-95} | Feet: Black Concrete | FloorSolid: true
[12:30:51.023] [DEBUG] [PATHFINDER] Blocked at: BlockPos{x=-83, y=85, z=-96} | Feet: Air | FloorSolid: false
[12:30:51.023] [DEBUG] [PATHFINDER] Blocked at: BlockPos{x=-83, y=85, z=-94} | Feet: Air | FloorSolid: false
[12:30:51.024] [DEBUG] [PATHFINDER] Blocked at: BlockPos{x=-82, y=85, z=-95} | Feet: Air | FloorSolid: false
[12:30:51.024] [DEBUG] [PATHFINDER] Blocked at: BlockPos{x=-84, y=85, z=-95} | Feet: Air | FloorSolid: false
[12:30:51.024] [DEBUG] [PATHFINDER] Blocked at: BlockPos{x=-83, y=83, z=-96} | Feet: White Concrete | FloorSolid: true
[12:30:51.024] [DEBUG] [PATHFINDER] Blocked at: BlockPos{x=-83, y=83, z=-94} | Feet: White Concrete | FloorSolid: true
[12:30:51.024] [DEBUG] [PATHFINDER] Blocked at: BlockPos{x=-82, y=83, z=-95} | Feet: White Concrete | FloorSolid: true
[12:30:51.024] [DEBUG] [PATHFINDER] Blocked at: BlockPos{x=-84, y=83, z=-95} | Feet: White Concrete | FloorSolid: true
[12:30:51.024] [DEBUG] [PATHFINDER] Blocked at: BlockPos{x=-83, y=85, z=-95} | Feet: Air | FloorSolid: false
[12:30:51.025] [DEBUG] [PATHFINDER] Blocked at: BlockPos{x=-83, y=85, z=-93} | Feet: Air | FloorSolid: false
[12:30:51.025] [DEBUG] [PATHFINDER] Blocked at: BlockPos{x=-82, y=85, z=-94} | Feet: Air | FloorSolid: false
[12:30:51.025] [DEBUG] [PATHFINDER] Blocked at: BlockPos{x=-84, y=85, z=-94} | Feet: Air | FloorSolid: false
[12:30:51.025] [DEBUG] [PATHFINDER] Blocked at: BlockPos{x=-83, y=83, z=-95} | Feet: White Concrete | FloorSolid: true
[12:30:51.025] [DEBUG] [PATHFINDER] Blocked at: BlockPos{x=-83, y=83, z=-93} | Feet: Black Concrete | FloorSolid: true
[12:30:51.025] [DEBUG] [PATHFINDER] Blocked at: BlockPos{x=-82, y=83, z=-94} | Feet: White Concrete | FloorSolid: true
[12:30:51.025] [DEBUG] [PATHFINDER] Blocked at: BlockPos{x=-84, y=83, z=-94} | Feet: White Concrete | FloorSolid: true
[12:30:51.874] [DEBUG] [PATHFINDER] Blocked at: BlockPos{x=-83, y=85, z=-96} | Feet: Air | FloorSolid: false
[12:30:51.875] [DEBUG] [PATHFINDER] Blocked at: BlockPos{x=-83, y=85, z=-94} | Feet: Air | FloorSolid: false
[12:30:51.875] [DEBUG] [PATHFINDER] Blocked at: BlockPos{x=-82, y=85, z=-95} | Feet: Air | FloorSolid: false
[12:30:51.875] [DEBUG] [PATHFINDER] Blocked at: BlockPos{x=-84, y=85, z=-95} | Feet: Air | FloorSolid: false
[12:30:51.876] [DEBUG] [PATHFINDER] Blocked at: BlockPos{x=-83, y=83, z=-96} | Feet: White Concrete | FloorSolid: true
[12:30:51.876] [DEBUG] [PATHFINDER] Blocked at: BlockPos{x=-83, y=83, z=-94} | Feet: White Concrete | FloorSolid: true
[12:30:51.876] [DEBUG] [PATHFINDER] Blocked at: BlockPos{x=-82, y=83, z=-95} | Feet: White Concrete | FloorSolid: true
[12:30:51.876] [DEBUG] [PATHFINDER] Blocked at: BlockPos{x=-84, y=83, z=-95} | Feet: White Concrete | FloorSolid: true
[12:30:52.475] [DEBUG] [PATHFINDER] Blocked at: BlockPos{x=-82, y=85, z=-96} | Feet: Air | FloorSolid: false
[12:30:52.475] [DEBUG] [PATHFINDER] Blocked at: BlockPos{x=-82, y=85, z=-94} | Feet: Air | FloorSolid: false
[12:30:52.475] [DEBUG] [PATHFINDER] Blocked at: BlockPos{x=-81, y=85, z=-95} | Feet: Air | FloorSolid: false
[12:30:52.475] [DEBUG] [PATHFINDER] Blocked at: BlockPos{x=-83, y=85, z=-95} | Feet: Air | FloorSolid: false
[12:30:52.476] [DEBUG] [PATHFINDER] Blocked at: BlockPos{x=-82, y=83, z=-96} | Feet: White Concrete | FloorSolid: true
[12:30:52.476] [DEBUG] [PATHFINDER] Blocked at: BlockPos{x=-82, y=83, z=-94} | Feet: White Concrete | FloorSolid: true
[12:30:52.476] [DEBUG] [PATHFINDER] Blocked at: BlockPos{x=-81, y=83, z=-95} | Feet: White Concrete | FloorSolid: true
[12:30:52.476] [DEBUG] [PATHFINDER] Blocked at: BlockPos{x=-83, y=83, z=-95} | Feet: White Concrete | FloorSolid: true
[12:30:52.872] [DEBUG] [PATHFINDER] Blocked at: BlockPos{x=-82, y=85, z=-96} | Feet: Air | FloorSolid: false
[12:30:52.875] [DEBUG] [PATHFINDER] Blocked at: BlockPos{x=-82, y=85, z=-94} | Feet: Air | FloorSolid: false
[12:30:52.875] [DEBUG] [PATHFINDER] Blocked at: BlockPos{x=-81, y=85, z=-95} | Feet: Air | FloorSolid: false
[12:30:52.875] [DEBUG] [PATHFINDER] Blocked at: BlockPos{x=-83, y=85, z=-95} | Feet: Air | FloorSolid: false
[12:30:52.876] [DEBUG] [PATHFINDER] Blocked at: BlockPos{x=-82, y=83, z=-96} | Feet: White Concrete | FloorSolid: true
[12:30:52.876] [DEBUG] [PATHFINDER] Blocked at: BlockPos{x=-82, y=83, z=-94} | Feet: White Concrete | FloorSolid: true
[12:30:52.876] [DEBUG] [PATHFINDER] Blocked at: BlockPos{x=-81, y=83, z=-95} | Feet: White Concrete | FloorSolid: true
[12:30:52.876] [DEBUG] [PATHFINDER] Blocked at: BlockPos{x=-83, y=83, z=-95} | Feet: White Concrete | FloorSolid: true
[12:30:52.877] [DEBUG] [PATHFINDER] Blocked at: BlockPos{x=-81, y=85, z=-96} | Feet: Air | FloorSolid: false
[12:30:52.877] [DEBUG] [PATHFINDER] Blocked at: BlockPos{x=-81, y=85, z=-94} | Feet: Air | FloorSolid: false
[12:30:52.877] [DEBUG] [PATHFINDER] Blocked at: BlockPos{x=-80, y=85, z=-95} | Feet: Air | FloorSolid: false
[12:30:52.878] [DEBUG] [PATHFINDER] Blocked at: BlockPos{x=-82, y=85, z=-95} | Feet: Air | FloorSolid: false
[12:30:52.879] [DEBUG] [PATHFINDER] Blocked at: BlockPos{x=-81, y=83, z=-96} | Feet: White Concrete | FloorSolid: true
[12:30:52.880] [DEBUG] [PATHFINDER] Blocked at: BlockPos{x=-81, y=83, z=-94} | Feet: White Concrete | FloorSolid: true
[12:30:52.880] [DEBUG] [PATHFINDER] Blocked at: BlockPos{x=-80, y=83, z=-95} | Feet: Black Concrete | FloorSolid: true
[12:30:52.880] [DEBUG] [PATHFINDER] Blocked at: BlockPos{x=-82, y=83, z=-95} | Feet: White Concrete | FloorSolid: true
[12:30:53.366] [DEBUG] [PATHFINDER] Blocked at: BlockPos{x=-80, y=85, z=-96} | Feet: Air | FloorSolid: false
[12:30:53.367] [DEBUG] [PATHFINDER] Blocked at: BlockPos{x=-80, y=85, z=-94} | Feet: Air | FloorSolid: false
[12:30:53.367] [DEBUG] [PATHFINDER] Blocked at: BlockPos{x=-79, y=85, z=-95} | Feet: Air | FloorSolid: false
[12:30:53.367] [DEBUG] [PATHFINDER] Blocked at: BlockPos{x=-81, y=85, z=-95} | Feet: Air | FloorSolid: false
[12:30:53.367] [DEBUG] [PATHFINDER] Blocked at: BlockPos{x=-80, y=83, z=-96} | Feet: Black Concrete | FloorSolid: true
[12:30:53.367] [DEBUG] [PATHFINDER] Blocked at: BlockPos{x=-80, y=83, z=-94} | Feet: Black Concrete | FloorSolid: true
[12:30:53.368] [DEBUG] [PATHFINDER] Blocked at: BlockPos{x=-79, y=83, z=-95} | Feet: White Concrete | FloorSolid: true
[12:30:53.368] [DEBUG] [PATHFINDER] Blocked at: BlockPos{x=-81, y=83, z=-95} | Feet: White Concrete | FloorSolid: true
[12:30:53.368] [DEBUG] [PATHFINDER] Blocked at: BlockPos{x=-79, y=85, z=-96} | Feet: Air | FloorSolid: false
[12:30:53.368] [DEBUG] [PATHFINDER] Blocked at: BlockPos{x=-79, y=85, z=-94} | Feet: Air | FloorSolid: false
[12:30:53.368] [DEBUG] [PATHFINDER] Blocked at: BlockPos{x=-78, y=85, z=-95} | Feet: Air | FloorSolid: false
[12:30:53.368] [DEBUG] [PATHFINDER] Blocked at: BlockPos{x=-80, y=85, z=-95} | Feet: Air | FloorSolid: false
[12:30:53.369] [DEBUG] [PATHFINDER] Blocked at: BlockPos{x=-79, y=83, z=-96} | Feet: White Concrete | FloorSolid: true
[12:30:53.369] [DEBUG] [PATHFINDER] Blocked at: BlockPos{x=-79, y=83, z=-94} | Feet: White Concrete | FloorSolid: true
[12:30:53.369] [DEBUG] [PATHFINDER] Blocked at: BlockPos{x=-78, y=83, z=-95} | Feet: White Concrete | FloorSolid: true
[12:30:53.369] [DEBUG] [PATHFINDER] Blocked at: BlockPos{x=-80, y=83, z=-95} | Feet: Black Concrete | FloorSolid: true
[12:30:54.779] [DEBUG] [PATHFINDER] Blocked at: BlockPos{x=-78, y=85, z=-96} | Feet: Air | FloorSolid: false
[12:30:54.779] [DEBUG] [PATHFINDER] Blocked at: BlockPos{x=-78, y=85, z=-94} | Feet: Air | FloorSolid: false
[12:30:54.779] [DEBUG] [PATHFINDER] Blocked at: BlockPos{x=-77, y=85, z=-95} | Feet: Air | FloorSolid: false
[12:30:54.779] [DEBUG] [PATHFINDER] Blocked at: BlockPos{x=-79, y=85, z=-95} | Feet: Air | FloorSolid: false
[12:30:54.780] [DEBUG] [PATHFINDER] Blocked at: BlockPos{x=-78, y=83, z=-96} | Feet: White Concrete | FloorSolid: true
[12:30:54.780] [DEBUG] [PATHFINDER] Blocked at: BlockPos{x=-78, y=83, z=-94} | Feet: White Concrete | FloorSolid: true
[12:30:54.780] [DEBUG] [PATHFINDER] Blocked at: BlockPos{x=-77, y=83, z=-95} | Feet: White Concrete | FloorSolid: true
[12:30:54.780] [DEBUG] [PATHFINDER] Blocked at: BlockPos{x=-79, y=83, z=-95} | Feet: White Concrete | FloorSolid: true
[12:30:55.215] [DEBUG] [PATHFINDER] Blocked at: BlockPos{x=-77, y=85, z=-96} | Feet: Air | FloorSolid: false
[12:30:55.215] [DEBUG] [PATHFINDER] Blocked at: BlockPos{x=-77, y=85, z=-94} | Feet: Air | FloorSolid: false
[12:30:55.216] [DEBUG] [PATHFINDER] Blocked at: BlockPos{x=-76, y=85, z=-95} | Feet: Air | FloorSolid: false
[12:30:55.216] [DEBUG] [PATHFINDER] Blocked at: BlockPos{x=-78, y=85, z=-95} | Feet: Air | FloorSolid: false
[12:30:55.216] [DEBUG] [PATHFINDER] Blocked at: BlockPos{x=-77, y=83, z=-96} | Feet: White Concrete | FloorSolid: true
[12:30:55.216] [DEBUG] [PATHFINDER] Blocked at: BlockPos{x=-77, y=83, z=-94} | Feet: White Concrete | FloorSolid: true
[12:30:55.217] [DEBUG] [PATHFINDER] Blocked at: BlockPos{x=-76, y=83, z=-95} | Feet: White Concrete | FloorSolid: true
[12:30:55.217] [DEBUG] [PATHFINDER] Blocked at: BlockPos{x=-78, y=83, z=-95} | Feet: White Concrete | FloorSolid: true
[12:30:55.217] [DEBUG] [PATHFINDER] Blocked at: BlockPos{x=-77, y=85, z=-97} | Feet: Air | FloorSolid: false
[12:30:55.218] [DEBUG] [PATHFINDER] Blocked at: BlockPos{x=-77, y=85, z=-95} | Feet: Air | FloorSolid: false
[12:30:55.218] [DEBUG] [PATHFINDER] Blocked at: BlockPos{x=-76, y=85, z=-96} | Feet: Air | FloorSolid: false
[12:30:55.218] [DEBUG] [PATHFINDER] Blocked at: BlockPos{x=-78, y=85, z=-96} | Feet: Air | FloorSolid: false
[12:30:55.218] [DEBUG] [PATHFINDER] Blocked at: BlockPos{x=-77, y=83, z=-97} | Feet: White Concrete | FloorSolid: true
[12:30:55.218] [DEBUG] [PATHFINDER] Blocked at: BlockPos{x=-77, y=83, z=-95} | Feet: White Concrete | FloorSolid: true
[12:30:55.219] [DEBUG] [PATHFINDER] Blocked at: BlockPos{x=-76, y=83, z=-96} | Feet: White Concrete | FloorSolid: true
[12:30:55.219] [DEBUG] [PATHFINDER] Blocked at: BlockPos{x=-78, y=83, z=-96} | Feet: White Concrete | FloorSolid: true
[12:30:55.721] [DEBUG] [PATHFINDER] Blocked at: BlockPos{x=-76, y=85, z=-97} | Feet: Air | FloorSolid: false
[12:30:55.722] [DEBUG] [PATHFINDER] Blocked at: BlockPos{x=-76, y=85, z=-95} | Feet: Air | FloorSolid: false
[12:30:55.722] [DEBUG] [PATHFINDER] Blocked at: BlockPos{x=-75, y=85, z=-96} | Feet: Air | FloorSolid: false
[12:30:55.723] [DEBUG] [PATHFINDER] Blocked at: BlockPos{x=-77, y=85, z=-96} | Feet: Air | FloorSolid: false
[12:30:55.723] [DEBUG] [PATHFINDER] Blocked at: BlockPos{x=-76, y=83, z=-97} | Feet: White Concrete | FloorSolid: true
[12:30:55.723] [DEBUG] [PATHFINDER] Blocked at: BlockPos{x=-76, y=83, z=-95} | Feet: White Concrete | FloorSolid: true
[12:30:55.723] [DEBUG] [PATHFINDER] Blocked at: BlockPos{x=-75, y=83, z=-96} | Feet: Black Concrete | FloorSolid: true
[12:30:55.723] [DEBUG] [PATHFINDER] Blocked at: BlockPos{x=-77, y=83, z=-96} | Feet: White Concrete | FloorSolid: true
[12:30:55.724] [DEBUG] [PATHFINDER] Blocked at: BlockPos{x=-76, y=85, z=-98} | Feet: Air | FloorSolid: false
[12:30:55.724] [DEBUG] [PATHFINDER] Blocked at: BlockPos{x=-76, y=85, z=-96} | Feet: Air | FloorSolid: false
[12:30:55.724] [DEBUG] [PATHFINDER] Blocked at: BlockPos{x=-75, y=85, z=-97} | Feet: Air | FloorSolid: false
[12:30:55.724] [DEBUG] [PATHFINDER] Blocked at: BlockPos{x=-77, y=85, z=-97} | Feet: Air | FloorSolid: false
[12:30:55.724] [DEBUG] [PATHFINDER] Blocked at: BlockPos{x=-76, y=83, z=-98} | Feet: Black Concrete | FloorSolid: true
[12:30:55.725] [DEBUG] [PATHFINDER] Blocked at: BlockPos{x=-76, y=83, z=-96} | Feet: White Concrete | FloorSolid: true
[12:30:55.725] [DEBUG] [PATHFINDER] Blocked at: BlockPos{x=-75, y=83, z=-97} | Feet: Black Concrete | FloorSolid: true
[12:30:55.725] [DEBUG] [PATHFINDER] Blocked at: BlockPos{x=-77, y=83, z=-97} | Feet: White Concrete | FloorSolid: true
[12:30:56.336] [DEBUG] [PATHFINDER] Blocked at: BlockPos{x=-76, y=85, z=-99} | Feet: Air | FloorSolid: false
[12:30:56.337] [DEBUG] [PATHFINDER] Blocked at: BlockPos{x=-76, y=85, z=-97} | Feet: Air | FloorSolid: false
[12:30:56.337] [DEBUG] [PATHFINDER] Blocked at: BlockPos{x=-75, y=85, z=-98} | Feet: Air | FloorSolid: false
[12:30:56.337] [DEBUG] [PATHFINDER] Blocked at: BlockPos{x=-77, y=85, z=-98} | Feet: Air | FloorSolid: false
[12:30:56.337] [DEBUG] [PATHFINDER] Blocked at: BlockPos{x=-76, y=83, z=-99} | Feet: White Concrete | FloorSolid: true
[12:30:56.337] [DEBUG] [PATHFINDER] Blocked at: BlockPos{x=-76, y=83, z=-97} | Feet: White Concrete | FloorSolid: true
[12:30:56.338] [DEBUG] [PATHFINDER] Blocked at: BlockPos{x=-75, y=83, z=-98} | Feet: Black Concrete | FloorSolid: true
[12:30:56.338] [DEBUG] [PATHFINDER] Blocked at: BlockPos{x=-77, y=83, z=-98} | Feet: Black Concrete | FloorSolid: true
[12:30:56.338] [DEBUG] [PATHFINDER] Blocked at: BlockPos{x=-76, y=85, z=-100} | Feet: Air | FloorSolid: false
[12:30:56.338] [DEBUG] [PATHFINDER] Blocked at: BlockPos{x=-76, y=85, z=-98} | Feet: Air | FloorSolid: false
[12:30:56.338] [DEBUG] [PATHFINDER] Blocked at: BlockPos{x=-75, y=85, z=-99} | Feet: Air | FloorSolid: false
[12:30:56.338] [DEBUG] [PATHFINDER] Blocked at: BlockPos{x=-77, y=85, z=-99} | Feet: Air | FloorSolid: false
[12:30:56.338] [DEBUG] [PATHFINDER] Blocked at: BlockPos{x=-76, y=83, z=-100} | Feet: White Concrete | FloorSolid: true
[12:30:56.339] [DEBUG] [PATHFINDER] Blocked at: BlockPos{x=-76, y=83, z=-98} | Feet: Black Concrete | FloorSolid: true
[12:30:56.339] [DEBUG] [PATHFINDER] Blocked at: BlockPos{x=-75, y=83, z=-99} | Feet: Black Concrete | FloorSolid: true
[12:30:56.339] [DEBUG] [PATHFINDER] Blocked at: BlockPos{x=-77, y=83, z=-99} | Feet: White Concrete | FloorSolid: true
[12:30:56.339] [DEBUG] [PATHFINDER] Blocked at: BlockPos{x=-76, y=85, z=-101} | Feet: Air | FloorSolid: false
[12:30:56.339] [DEBUG] [PATHFINDER] Blocked at: BlockPos{x=-76, y=85, z=-99} | Feet: Air | FloorSolid: false
[12:30:56.339] [DEBUG] [PATHFINDER] Blocked at: BlockPos{x=-75, y=85, z=-100} | Feet: Air | FloorSolid: false
[12:30:56.339] [DEBUG] [PATHFINDER] Blocked at: BlockPos{x=-77, y=85, z=-100} | Feet: Air | FloorSolid: false
[12:30:56.340] [DEBUG] [PATHFINDER] Blocked at: BlockPos{x=-76, y=83, z=-101} | Feet: White Concrete | FloorSolid: true
[12:30:56.340] [DEBUG] [PATHFINDER] Blocked at: BlockPos{x=-76, y=83, z=-99} | Feet: White Concrete | FloorSolid: true
[12:30:56.340] [DEBUG] [PATHFINDER] Blocked at: BlockPos{x=-75, y=83, z=-100} | Feet: Black Concrete | FloorSolid: true
[12:30:56.340] [DEBUG] [PATHFINDER] Blocked at: BlockPos{x=-77, y=83, z=-100} | Feet: White Concrete | FloorSolid: true
[12:30:57.324] [DEBUG] [PATHFINDER] Blocked at: BlockPos{x=-76, y=85, z=-100} | Feet: Air | FloorSolid: false
[12:30:57.324] [DEBUG] [PATHFINDER] Blocked at: BlockPos{x=-76, y=85, z=-98} | Feet: Air | FloorSolid: false
[12:30:57.327] [DEBUG] [PATHFINDER] Blocked at: BlockPos{x=-75, y=85, z=-99} | Feet: Air | FloorSolid: false
[12:30:57.327] [DEBUG] [PATHFINDER] Blocked at: BlockPos{x=-77, y=85, z=-99} | Feet: Air | FloorSolid: false
[12:30:57.327] [DEBUG] [PATHFINDER] Blocked at: BlockPos{x=-76, y=83, z=-100} | Feet: White Concrete | FloorSolid: true
[12:30:57.327] [DEBUG] [PATHFINDER] Blocked at: BlockPos{x=-76, y=83, z=-98} | Feet: Black Concrete | FloorSolid: true
[12:30:57.328] [DEBUG] [PATHFINDER] Blocked at: BlockPos{x=-75, y=83, z=-99} | Feet: Black Concrete | FloorSolid: true
[12:30:57.328] [DEBUG] [PATHFINDER] Blocked at: BlockPos{x=-77, y=83, z=-99} | Feet: White Concrete | FloorSolid: true
[12:30:57.328] [DEBUG] [PATHFINDER] Blocked at: BlockPos{x=-76, y=85, z=-101} | Feet: Air | FloorSolid: false
[12:30:57.328] [DEBUG] [PATHFINDER] Blocked at: BlockPos{x=-76, y=85, z=-99} | Feet: Air | FloorSolid: false
[12:30:57.328] [DEBUG] [PATHFINDER] Blocked at: BlockPos{x=-75, y=85, z=-100} | Feet: Air | FloorSolid: false
[12:30:57.328] [DEBUG] [PATHFINDER] Blocked at: BlockPos{x=-77, y=85, z=-100} | Feet: Air | FloorSolid: false
[12:30:57.328] [DEBUG] [PATHFINDER] Blocked at: BlockPos{x=-76, y=83, z=-101} | Feet: White Concrete | FloorSolid: true
[12:30:57.329] [DEBUG] [PATHFINDER] Blocked at: BlockPos{x=-76, y=83, z=-99} | Feet: White Concrete | FloorSolid: true
[12:30:57.329] [DEBUG] [PATHFINDER] Blocked at: BlockPos{x=-75, y=83, z=-100} | Feet: Black Concrete | FloorSolid: true
[12:30:57.329] [DEBUG] [PATHFINDER] Blocked at: BlockPos{x=-77, y=83, z=-100} | Feet: White Concrete | FloorSolid: true
[12:30:57.870] [DEBUG] [PATHFINDER] Blocked at: BlockPos{x=-76, y=85, z=-102} | Feet: Air | FloorSolid: false
[12:30:57.871] [DEBUG] [PATHFINDER] Blocked at: BlockPos{x=-76, y=85, z=-100} | Feet: Air | FloorSolid: false
[12:30:57.871] [DEBUG] [PATHFINDER] Blocked at: BlockPos{x=-75, y=85, z=-101} | Feet: Air | FloorSolid: false
[12:30:57.872] [DEBUG] [PATHFINDER] Blocked at: BlockPos{x=-77, y=85, z=-101} | Feet: Air | FloorSolid: false
[12:30:57.872] [DEBUG] [PATHFINDER] Blocked at: BlockPos{x=-76, y=83, z=-102} | Feet: White Concrete | FloorSolid: true
[12:30:57.872] [DEBUG] [PATHFINDER] Blocked at: BlockPos{x=-76, y=83, z=-100} | Feet: White Concrete | FloorSolid: true
[12:30:57.872] [DEBUG] [PATHFINDER] Blocked at: BlockPos{x=-75, y=83, z=-101} | Feet: Black Concrete | FloorSolid: true
[12:30:57.872] [DEBUG] [PATHFINDER] Blocked at: BlockPos{x=-77, y=83, z=-101} | Feet: White Concrete | FloorSolid: true
[12:30:57.872] [DEBUG] [PATHFINDER] Blocked at: BlockPos{x=-77, y=85, z=-102} | Feet: Air | FloorSolid: false
[12:30:57.873] [DEBUG] [PATHFINDER] Blocked at: BlockPos{x=-77, y=85, z=-100} | Feet: Air | FloorSolid: false
[12:30:57.873] [DEBUG] [PATHFINDER] Blocked at: BlockPos{x=-76, y=85, z=-101} | Feet: Air | FloorSolid: false
[12:30:57.873] [DEBUG] [PATHFINDER] Blocked at: BlockPos{x=-78, y=85, z=-101} | Feet: Air | FloorSolid: false
[12:30:57.873] [DEBUG] [PATHFINDER] Blocked at: BlockPos{x=-77, y=83, z=-102} | Feet: White Concrete | FloorSolid: true
[12:30:57.873] [DEBUG] [PATHFINDER] Blocked at: BlockPos{x=-77, y=83, z=-100} | Feet: White Concrete | FloorSolid: true
[12:30:57.873] [DEBUG] [PATHFINDER] Blocked at: BlockPos{x=-76, y=83, z=-101} | Feet: White Concrete | FloorSolid: true
[12:30:57.874] [DEBUG] [PATHFINDER] Blocked at: BlockPos{x=-78, y=83, z=-101} | Feet: White Concrete | FloorSolid: true
[12:30:57.874] [DEBUG] [PATHFINDER] Blocked at: BlockPos{x=-77, y=85, z=-103} | Feet: Air | FloorSolid: false
[12:30:57.874] [DEBUG] [PATHFINDER] Blocked at: BlockPos{x=-77, y=85, z=-101} | Feet: Air | FloorSolid: false
[12:30:57.875] [DEBUG] [PATHFINDER] Blocked at: BlockPos{x=-76, y=85, z=-102} | Feet: Air | FloorSolid: false
[12:30:57.875] [DEBUG] [PATHFINDER] Blocked at: BlockPos{x=-78, y=85, z=-102} | Feet: Air | FloorSolid: false
[12:30:57.875] [DEBUG] [PATHFINDER] Blocked at: BlockPos{x=-77, y=83, z=-103} | Feet: Black Concrete | FloorSolid: true
[12:30:57.875] [DEBUG] [PATHFINDER] Blocked at: BlockPos{x=-77, y=83, z=-101} | Feet: White Concrete | FloorSolid: true
[12:30:57.875] [DEBUG] [PATHFINDER] Blocked at: BlockPos{x=-76, y=83, z=-102} | Feet: White Concrete | FloorSolid: true
[12:30:57.875] [DEBUG] [PATHFINDER] Blocked at: BlockPos{x=-78, y=83, z=-102} | Feet: White Concrete | FloorSolid: true
[12:32:05.226] [DEBUG] [PATHFINDER] Blocked at: BlockPos{x=-49, y=84, z=-116} | Feet: Magenta Stained Glass | FloorSolid: true
[12:32:05.227] [DEBUG] [PATHFINDER] Blocked at: BlockPos{x=-50, y=84, z=-117} | Feet: Magenta Stained Glass | FloorSolid: true
[12:32:05.227] [DEBUG] [PATHFINDER] Blocked at: BlockPos{x=-49, y=85, z=-118} | Feet: Air | FloorSolid: false
[12:32:05.227] [DEBUG] [PATHFINDER] Blocked at: BlockPos{x=-48, y=85, z=-117} | Feet: Air | FloorSolid: false
[12:32:05.227] [DEBUG] [PATHFINDER] Blocked at: BlockPos{x=-49, y=83, z=-118} | Feet: Grass Block | FloorSolid: true
[12:32:05.228] [DEBUG] [PATHFINDER] Blocked at: BlockPos{x=-49, y=83, z=-116} | Feet: White Concrete | FloorSolid: true
[12:32:05.228] [DEBUG] [PATHFINDER] Blocked at: BlockPos{x=-48, y=83, z=-117} | Feet: White Concrete | FloorSolid: true
[12:32:05.228] [DEBUG] [PATHFINDER] Blocked at: BlockPos{x=-50, y=83, z=-117} | Feet: White Concrete | FloorSolid: true
[12:32:05.228] [DEBUG] [PATHFINDER] Blocked at: BlockPos{x=-50, y=85, z=-118} | Feet: Air | FloorSolid: false
[12:32:05.228] [DEBUG] [PATHFINDER] Blocked at: BlockPos{x=-50, y=85, z=-116} | Feet: Magenta Stained Glass | FloorSolid: false
[12:32:05.228] [DEBUG] [PATHFINDER] Blocked at: BlockPos{x=-49, y=85, z=-117} | Feet: Air | FloorSolid: false
[12:32:05.228] [DEBUG] [PATHFINDER] Blocked at: BlockPos{x=-51, y=85, z=-117} | Feet: Air | FloorSolid: false
[12:32:05.228] [DEBUG] [PATHFINDER] Blocked at: BlockPos{x=-50, y=86, z=-118} | Feet: Air | FloorSolid: false
[12:32:05.229] [DEBUG] [PATHFINDER] Blocked at: BlockPos{x=-49, y=86, z=-117} | Feet: Air | FloorSolid: false
[12:32:05.229] [DEBUG] [PATHFINDER] Blocked at: BlockPos{x=-51, y=86, z=-117} | Feet: Air | FloorSolid: false
[12:32:05.229] [DEBUG] [PATHFINDER] Blocked at: BlockPos{x=-50, y=84, z=-116} | Feet: Purple Bed | FloorSolid: true
[12:32:05.229] [DEBUG] [PATHFINDER] Blocked at: BlockPos{x=-51, y=84, z=-116} | Feet: Magenta Stained Glass | FloorSolid: true
[12:32:05.229] [DEBUG] [PATHFINDER] Blocked at: BlockPos{x=-50, y=84, z=-117} | Feet: Magenta Stained Glass | FloorSolid: true
[12:32:05.229] [DEBUG] [PATHFINDER] Blocked at: BlockPos{x=-51, y=85, z=-118} | Feet: Air | FloorSolid: false
[12:32:05.230] [DEBUG] [PATHFINDER] Blocked at: BlockPos{x=-52, y=85, z=-117} | Feet: Air | FloorSolid: false
[12:32:05.230] [DEBUG] [PATHFINDER] Blocked at: BlockPos{x=-51, y=83, z=-118} | Feet: White Concrete | FloorSolid: true
[12:32:05.230] [DEBUG] [PATHFINDER] Blocked at: BlockPos{x=-51, y=83, z=-116} | Feet: White Concrete | FloorSolid: true
[12:32:05.230] [DEBUG] [PATHFINDER] Blocked at: BlockPos{x=-50, y=83, z=-117} | Feet: White Concrete | FloorSolid: true
[12:32:05.230] [DEBUG] [PATHFINDER] Blocked at: BlockPos{x=-52, y=83, z=-117} | Feet: White Concrete | FloorSolid: true
[12:32:05.231] [DEBUG] [PATHFINDER] Blocked at: BlockPos{x=-52, y=85, z=-118} | Feet: Air | FloorSolid: false
[12:32:05.231] [DEBUG] [PATHFINDER] Blocked at: BlockPos{x=-52, y=85, z=-116} | Feet: Air | FloorSolid: false
[12:32:05.231] [DEBUG] [PATHFINDER] Blocked at: BlockPos{x=-51, y=85, z=-117} | Feet: Air | FloorSolid: false
[12:32:05.231] [DEBUG] [PATHFINDER] Blocked at: BlockPos{x=-53, y=85, z=-117} | Feet: Air | FloorSolid: false
[12:32:05.231] [DEBUG] [PATHFINDER] Blocked at: BlockPos{x=-52, y=83, z=-118} | Feet: White Concrete | FloorSolid: true
[12:32:05.232] [DEBUG] [PATHFINDER] Blocked at: BlockPos{x=-52, y=83, z=-116} | Feet: White Concrete | FloorSolid: true
[12:32:05.232] [DEBUG] [PATHFINDER] Blocked at: BlockPos{x=-51, y=83, z=-117} | Feet: White Concrete | FloorSolid: true
[12:32:05.232] [DEBUG] [PATHFINDER] Blocked at: BlockPos{x=-53, y=83, z=-117} | Feet: White Concrete | FloorSolid: true
[12:32:05.232] [DEBUG] [PATHFINDER] Blocked at: BlockPos{x=-53, y=85, z=-118} | Feet: Air | FloorSolid: false
[12:32:05.232] [DEBUG] [PATHFINDER] Blocked at: BlockPos{x=-53, y=85, z=-116} | Feet: Air | FloorSolid: false
[12:32:05.232] [DEBUG] [PATHFINDER] Blocked at: BlockPos{x=-52, y=85, z=-117} | Feet: Air | FloorSolid: false
[12:32:05.233] [DEBUG] [PATHFINDER] Blocked at: BlockPos{x=-54, y=85, z=-117} | Feet: Air | FloorSolid: false
[12:32:05.233] [DEBUG] [PATHFINDER] Blocked at: BlockPos{x=-53, y=83, z=-118} | Feet: White Concrete | FloorSolid: true
[12:32:05.233] [DEBUG] [PATHFINDER] Blocked at: BlockPos{x=-53, y=83, z=-116} | Feet: White Concrete | FloorSolid: true
[12:32:05.233] [DEBUG] [PATHFINDER] Blocked at: BlockPos{x=-52, y=83, z=-117} | Feet: White Concrete | FloorSolid: true
[12:32:05.233] [DEBUG] [PATHFINDER] Blocked at: BlockPos{x=-54, y=83, z=-117} | Feet: Black Concrete | FloorSolid: true
[12:32:05.233] [DEBUG] [PATHFINDER] Blocked at: BlockPos{x=-54, y=85, z=-118} | Feet: Air | FloorSolid: false
[12:32:05.233] [DEBUG] [PATHFINDER] Blocked at: BlockPos{x=-54, y=85, z=-116} | Feet: Air | FloorSolid: false
[12:32:05.234] [DEBUG] [PATHFINDER] Blocked at: BlockPos{x=-53, y=85, z=-117} | Feet: Air | FloorSolid: false
[12:32:05.234] [DEBUG] [PATHFINDER] Blocked at: BlockPos{x=-55, y=85, z=-117} | Feet: Air | FloorSolid: false
[12:32:05.234] [DEBUG] [PATHFINDER] Blocked at: BlockPos{x=-54, y=83, z=-118} | Feet: Black Concrete | FloorSolid: true
[12:32:05.234] [DEBUG] [PATHFINDER] Blocked at: BlockPos{x=-54, y=83, z=-116} | Feet: Black Concrete | FloorSolid: true
[12:32:05.234] [DEBUG] [PATHFINDER] Blocked at: BlockPos{x=-53, y=83, z=-117} | Feet: White Concrete | FloorSolid: true
[12:32:05.234] [DEBUG] [PATHFINDER] Blocked at: BlockPos{x=-55, y=83, z=-117} | Feet: Gray Concrete | FloorSolid: true
[12:32:05.234] [DEBUG] [PATHFINDER] Blocked at: BlockPos{x=-55, y=85, z=-118} | Feet: Air | FloorSolid: false
[12:32:05.235] [DEBUG] [PATHFINDER] Blocked at: BlockPos{x=-55, y=85, z=-116} | Feet: Air | FloorSolid: false
[12:32:05.235] [DEBUG] [PATHFINDER] Blocked at: BlockPos{x=-54, y=85, z=-117} | Feet: Air | FloorSolid: false
[12:32:05.235] [DEBUG] [PATHFINDER] Blocked at: BlockPos{x=-56, y=85, z=-117} | Feet: Air | FloorSolid: false
[12:32:05.235] [DEBUG] [PATHFINDER] Blocked at: BlockPos{x=-55, y=83, z=-118} | Feet: Gray Concrete | FloorSolid: true
[12:32:05.235] [DEBUG] [PATHFINDER] Blocked at: BlockPos{x=-55, y=83, z=-116} | Feet: Gray Concrete | FloorSolid: true
[12:32:05.235] [DEBUG] [PATHFINDER] Blocked at: BlockPos{x=-54, y=83, z=-117} | Feet: Black Concrete | FloorSolid: true
[12:32:05.236] [DEBUG] [PATHFINDER] Blocked at: BlockPos{x=-56, y=83, z=-117} | Feet: Light Gray Concrete | FloorSolid: true
[12:32:05.236] [DEBUG] [PATHFINDER] Blocked at: BlockPos{x=-56, y=85, z=-118} | Feet: Air | FloorSolid: false
[12:32:05.236] [DEBUG] [PATHFINDER] Blocked at: BlockPos{x=-56, y=85, z=-116} | Feet: Air | FloorSolid: false
[12:32:05.236] [DEBUG] [PATHFINDER] Blocked at: BlockPos{x=-55, y=85, z=-117} | Feet: Air | FloorSolid: false
[12:32:05.236] [DEBUG] [PATHFINDER] Blocked at: BlockPos{x=-57, y=85, z=-117} | Feet: Air | FloorSolid: false
[12:32:05.236] [DEBUG] [PATHFINDER] Blocked at: BlockPos{x=-56, y=83, z=-118} | Feet: Light Gray Concrete | FloorSolid: true
[12:32:05.236] [DEBUG] [PATHFINDER] Blocked at: BlockPos{x=-56, y=83, z=-116} | Feet: Light Gray Concrete | FloorSolid: true
[12:32:05.237] [DEBUG] [PATHFINDER] Blocked at: BlockPos{x=-55, y=83, z=-117} | Feet: Gray Concrete | FloorSolid: true
[12:32:05.237] [DEBUG] [PATHFINDER] Blocked at: BlockPos{x=-57, y=83, z=-117} | Feet: Black Concrete | FloorSolid: true
[12:32:05.237] [DEBUG] [PATHFINDER] Blocked at: BlockPos{x=-57, y=85, z=-118} | Feet: Air | FloorSolid: false
[12:32:05.237] [DEBUG] [PATHFINDER] Blocked at: BlockPos{x=-57, y=85, z=-116} | Feet: Air | FloorSolid: false
[12:32:05.237] [DEBUG] [PATHFINDER] Blocked at: BlockPos{x=-56, y=85, z=-117} | Feet: Air | FloorSolid: false
[12:32:05.237] [DEBUG] [PATHFINDER] Blocked at: BlockPos{x=-58, y=85, z=-117} | Feet: Air | FloorSolid: false
[12:32:05.238] [DEBUG] [PATHFINDER] Blocked at: BlockPos{x=-57, y=83, z=-118} | Feet: Black Concrete | FloorSolid: true
[12:32:05.238] [DEBUG] [PATHFINDER] Blocked at: BlockPos{x=-57, y=83, z=-116} | Feet: Black Concrete | FloorSolid: true
[12:32:05.238] [DEBUG] [PATHFINDER] Blocked at: BlockPos{x=-56, y=83, z=-117} | Feet: Light Gray Concrete | FloorSolid: true
[12:32:05.238] [DEBUG] [PATHFINDER] Blocked at: BlockPos{x=-58, y=83, z=-117} | Feet: Light Gray Concrete | FloorSolid: true
[12:32:05.238] [DEBUG] [PATHFINDER] Blocked at: BlockPos{x=-58, y=85, z=-118} | Feet: Air | FloorSolid: false
[12:32:05.238] [DEBUG] [PATHFINDER] Blocked at: BlockPos{x=-58, y=85, z=-116} | Feet: Air | FloorSolid: false
[12:32:05.238] [DEBUG] [PATHFINDER] Blocked at: BlockPos{x=-57, y=85, z=-117} | Feet: Air | FloorSolid: false
[12:32:05.238] [DEBUG] [PATHFINDER] Blocked at: BlockPos{x=-59, y=85, z=-117} | Feet: Air | FloorSolid: false
[12:32:05.239] [DEBUG] [PATHFINDER] Blocked at: BlockPos{x=-58, y=83, z=-118} | Feet: Light Gray Concrete | FloorSolid: true
[12:32:05.239] [DEBUG] [PATHFINDER] Blocked at: BlockPos{x=-58, y=83, z=-116} | Feet: Light Gray Concrete | FloorSolid: true
[12:32:05.239] [DEBUG] [PATHFINDER] Blocked at: BlockPos{x=-57, y=83, z=-117} | Feet: Black Concrete | FloorSolid: true
[12:32:05.239] [DEBUG] [PATHFINDER] Blocked at: BlockPos{x=-59, y=83, z=-117} | Feet: Gray Concrete | FloorSolid: true
[12:32:05.239] [DEBUG] [PATHFINDER] Blocked at: BlockPos{x=-59, y=85, z=-118} | Feet: Air | FloorSolid: false
[12:32:05.239] [DEBUG] [PATHFINDER] Blocked at: BlockPos{x=-59, y=85, z=-116} | Feet: Air | FloorSolid: false
[12:32:05.239] [DEBUG] [PATHFINDER] Blocked at: BlockPos{x=-58, y=85, z=-117} | Feet: Air | FloorSolid: false
[12:32:05.240] [DEBUG] [PATHFINDER] Blocked at: BlockPos{x=-60, y=85, z=-117} | Feet: Air | FloorSolid: false
[12:32:05.240] [DEBUG] [PATHFINDER] Blocked at: BlockPos{x=-59, y=83, z=-118} | Feet: Gray Concrete | FloorSolid: true
[12:32:05.240] [DEBUG] [PATHFINDER] Blocked at: BlockPos{x=-59, y=83, z=-116} | Feet: Gray Concrete | FloorSolid: true
[12:32:05.240] [DEBUG] [PATHFINDER] Blocked at: BlockPos{x=-58, y=83, z=-117} | Feet: Light Gray Concrete | FloorSolid: true
[12:32:05.240] [DEBUG] [PATHFINDER] Blocked at: BlockPos{x=-60, y=83, z=-117} | Feet: Black Concrete | FloorSolid: true
[12:32:05.240] [DEBUG] [PATHFINDER] Blocked at: BlockPos{x=-60, y=85, z=-118} | Feet: Air | FloorSolid: false
[12:32:05.241] [DEBUG] [PATHFINDER] Blocked at: BlockPos{x=-60, y=85, z=-116} | Feet: Air | FloorSolid: false
[12:32:05.241] [DEBUG] [PATHFINDER] Blocked at: BlockPos{x=-59, y=85, z=-117} | Feet: Air | FloorSolid: false
[12:32:05.241] [DEBUG] [PATHFINDER] Blocked at: BlockPos{x=-61, y=85, z=-117} | Feet: Air | FloorSolid: false
[12:32:05.241] [DEBUG] [PATHFINDER] Blocked at: BlockPos{x=-60, y=83, z=-118} | Feet: Black Concrete | FloorSolid: true
[12:32:05.241] [DEBUG] [PATHFINDER] Blocked at: BlockPos{x=-60, y=83, z=-116} | Feet: Black Concrete | FloorSolid: true
[12:32:05.241] [DEBUG] [PATHFINDER] Blocked at: BlockPos{x=-59, y=83, z=-117} | Feet: Gray Concrete | FloorSolid: true
[12:32:05.241] [DEBUG] [PATHFINDER] Blocked at: BlockPos{x=-61, y=83, z=-117} | Feet: White Concrete | FloorSolid: true
[12:32:05.242] [DEBUG] [PATHFINDER] Blocked at: BlockPos{x=-61, y=85, z=-118} | Feet: Air | FloorSolid: false
[12:32:05.242] [DEBUG] [PATHFINDER] Blocked at: BlockPos{x=-61, y=85, z=-116} | Feet: Air | FloorSolid: false
[12:32:05.242] [DEBUG] [PATHFINDER] Blocked at: BlockPos{x=-60, y=85, z=-117} | Feet: Air | FloorSolid: false
[12:32:05.242] [DEBUG] [PATHFINDER] Blocked at: BlockPos{x=-62, y=85, z=-117} | Feet: Air | FloorSolid: false
[12:32:05.242] [DEBUG] [PATHFINDER] Blocked at: BlockPos{x=-61, y=83, z=-118} | Feet: White Concrete | FloorSolid: true
[12:32:05.242] [DEBUG] [PATHFINDER] Blocked at: BlockPos{x=-61, y=83, z=-116} | Feet: White Concrete | FloorSolid: true
[12:32:05.242] [DEBUG] [PATHFINDER] Blocked at: BlockPos{x=-60, y=83, z=-117} | Feet: Black Concrete | FloorSolid: true
[12:32:05.243] [DEBUG] [PATHFINDER] Blocked at: BlockPos{x=-62, y=83, z=-117} | Feet: White Concrete | FloorSolid: true
[12:32:05.243] [DEBUG] [PATHFINDER] Blocked at: BlockPos{x=-62, y=85, z=-118} | Feet: Air | FloorSolid: false
[12:32:05.243] [DEBUG] [PATHFINDER] Blocked at: BlockPos{x=-62, y=85, z=-116} | Feet: Air | FloorSolid: false
[12:32:05.243] [DEBUG] [PATHFINDER] Blocked at: BlockPos{x=-61, y=85, z=-117} | Feet: Air | FloorSolid: false
[12:32:05.243] [DEBUG] [PATHFINDER] Blocked at: BlockPos{x=-63, y=85, z=-117} | Feet: Air | FloorSolid: false
[12:32:05.243] [DEBUG] [PATHFINDER] Blocked at: BlockPos{x=-62, y=83, z=-118} | Feet: White Concrete | FloorSolid: true
[12:32:05.243] [DEBUG] [PATHFINDER] Blocked at: BlockPos{x=-62, y=83, z=-116} | Feet: White Concrete | FloorSolid: true
[12:32:05.244] [DEBUG] [PATHFINDER] Blocked at: BlockPos{x=-61, y=83, z=-117} | Feet: White Concrete | FloorSolid: true
[12:32:05.244] [DEBUG] [PATHFINDER] Blocked at: BlockPos{x=-63, y=83, z=-117} | Feet: White Concrete | FloorSolid: true
[12:32:05.244] [DEBUG] [PATHFINDER] Blocked at: BlockPos{x=-63, y=85, z=-118} | Feet: Air | FloorSolid: false
[12:32:05.244] [DEBUG] [PATHFINDER] Blocked at: BlockPos{x=-63, y=85, z=-116} | Feet: Air | FloorSolid: false
[12:32:05.244] [DEBUG] [PATHFINDER] Blocked at: BlockPos{x=-62, y=85, z=-117} | Feet: Air | FloorSolid: false
[12:32:05.244] [DEBUG] [PATHFINDER] Blocked at: BlockPos{x=-64, y=85, z=-117} | Feet: Air | FloorSolid: false
[12:32:05.245] [DEBUG] [PATHFINDER] Blocked at: BlockPos{x=-63, y=83, z=-118} | Feet: White Concrete | FloorSolid: true
[12:32:05.245] [DEBUG] [PATHFINDER] Blocked at: BlockPos{x=-63, y=83, z=-116} | Feet: White Concrete | FloorSolid: true
[12:32:05.245] [DEBUG] [PATHFINDER] Blocked at: BlockPos{x=-62, y=83, z=-117} | Feet: White Concrete | FloorSolid: true
[12:32:05.245] [DEBUG] [PATHFINDER] Blocked at: BlockPos{x=-64, y=83, z=-117} | Feet: White Concrete | FloorSolid: true
[12:32:05.245] [DEBUG] [PATHFINDER] Blocked at: BlockPos{x=-64, y=85, z=-118} | Feet: Air | FloorSolid: false
[12:32:05.245] [DEBUG] [PATHFINDER] Blocked at: BlockPos{x=-64, y=85, z=-116} | Feet: Air | FloorSolid: false
[12:32:05.246] [DEBUG] [PATHFINDER] Blocked at: BlockPos{x=-63, y=85, z=-117} | Feet: Air | FloorSolid: false
[12:32:05.246] [DEBUG] [PATHFINDER] Blocked at: BlockPos{x=-65, y=85, z=-117} | Feet: Air | FloorSolid: false
[12:32:05.246] [DEBUG] [PATHFINDER] Blocked at: BlockPos{x=-64, y=83, z=-118} | Feet: White Concrete | FloorSolid: true
[12:32:05.246] [DEBUG] [PATHFINDER] Blocked at: BlockPos{x=-64, y=83, z=-116} | Feet: White Concrete | FloorSolid: true
[12:32:05.246] [DEBUG] [PATHFINDER] Blocked at: BlockPos{x=-63, y=83, z=-117} | Feet: White Concrete | FloorSolid: true
[12:32:05.246] [DEBUG] [PATHFINDER] Blocked at: BlockPos{x=-65, y=83, z=-117} | Feet: White Concrete | FloorSolid: true
[12:32:05.246] [DEBUG] [PATHFINDER] Blocked at: BlockPos{x=-65, y=85, z=-118} | Feet: Air | FloorSolid: false
[12:32:05.246] [DEBUG] [PATHFINDER] Blocked at: BlockPos{x=-65, y=85, z=-116} | Feet: Air | FloorSolid: false
[12:32:05.247] [DEBUG] [PATHFINDER] Blocked at: BlockPos{x=-64, y=85, z=-117} | Feet: Air | FloorSolid: false
[12:32:05.247] [DEBUG] [PATHFINDER] Blocked at: BlockPos{x=-66, y=85, z=-117} | Feet: Air | FloorSolid: false
[12:32:05.247] [DEBUG] [PATHFINDER] Blocked at: BlockPos{x=-65, y=83, z=-118} | Feet: White Concrete | FloorSolid: true
[12:32:05.247] [DEBUG] [PATHFINDER] Blocked at: BlockPos{x=-65, y=83, z=-116} | Feet: White Concrete | FloorSolid: true
[12:32:05.247] [DEBUG] [PATHFINDER] Blocked at: BlockPos{x=-64, y=83, z=-117} | Feet: White Concrete | FloorSolid: true
[12:32:05.247] [DEBUG] [PATHFINDER] Blocked at: BlockPos{x=-66, y=83, z=-117} | Feet: White Concrete | FloorSolid: true
[12:32:05.247] [DEBUG] [PATHFINDER] Blocked at: BlockPos{x=-65, y=85, z=-117} | Feet: Air | FloorSolid: false
[12:32:05.247] [DEBUG] [PATHFINDER] Blocked at: BlockPos{x=-65, y=85, z=-115} | Feet: Air | FloorSolid: false
[12:32:05.248] [DEBUG] [PATHFINDER] Blocked at: BlockPos{x=-64, y=85, z=-116} | Feet: Air | FloorSolid: false
[12:32:05.248] [DEBUG] [PATHFINDER] Blocked at: BlockPos{x=-66, y=85, z=-116} | Feet: Air | FloorSolid: false
[12:32:05.248] [DEBUG] [PATHFINDER] Blocked at: BlockPos{x=-65, y=83, z=-117} | Feet: White Concrete | FloorSolid: true
[12:32:05.248] [DEBUG] [PATHFINDER] Blocked at: BlockPos{x=-65, y=83, z=-115} | Feet: White Concrete | FloorSolid: true
[12:32:05.248] [DEBUG] [PATHFINDER] Blocked at: BlockPos{x=-64, y=83, z=-116} | Feet: White Concrete | FloorSolid: true
[12:32:05.248] [DEBUG] [PATHFINDER] Blocked at: BlockPos{x=-66, y=83, z=-116} | Feet: White Concrete | FloorSolid: true
[12:32:05.248] [DEBUG] [PATHFINDER] Blocked at: BlockPos{x=-66, y=85, z=-117} | Feet: Air | FloorSolid: false
[12:32:05.249] [DEBUG] [PATHFINDER] Blocked at: BlockPos{x=-66, y=85, z=-115} | Feet: Air | FloorSolid: false
[12:32:05.249] [DEBUG] [PATHFINDER] Blocked at: BlockPos{x=-65, y=85, z=-116} | Feet: Air | FloorSolid: false
[12:32:05.249] [DEBUG] [PATHFINDER] Blocked at: BlockPos{x=-67, y=85, z=-116} | Feet: Air | FloorSolid: false
[12:32:05.249] [DEBUG] [PATHFINDER] Blocked at: BlockPos{x=-66, y=83, z=-117} | Feet: White Concrete | FloorSolid: true
[12:32:05.249] [DEBUG] [PATHFINDER] Blocked at: BlockPos{x=-66, y=83, z=-115} | Feet: White Concrete | FloorSolid: true
[12:32:05.249] [DEBUG] [PATHFINDER] Blocked at: BlockPos{x=-65, y=83, z=-116} | Feet: White Concrete | FloorSolid: true
[12:32:05.249] [DEBUG] [PATHFINDER] Blocked at: BlockPos{x=-67, y=83, z=-116} | Feet: White Concrete | FloorSolid: true
[12:32:05.250] [DEBUG] [PATHFINDER] Blocked at: BlockPos{x=-66, y=85, z=-116} | Feet: Air | FloorSolid: false
[12:32:05.250] [DEBUG] [PATHFINDER] Blocked at: BlockPos{x=-66, y=85, z=-114} | Feet: Air | FloorSolid: false
[12:32:05.250] [DEBUG] [PATHFINDER] Blocked at: BlockPos{x=-65, y=85, z=-115} | Feet: Air | FloorSolid: false
[12:32:05.250] [DEBUG] [PATHFINDER] Blocked at: BlockPos{x=-67, y=85, z=-115} | Feet: Air | FloorSolid: false
[12:32:05.250] [DEBUG] [PATHFINDER] Blocked at: BlockPos{x=-66, y=83, z=-116} | Feet: White Concrete | FloorSolid: true
[12:32:05.250] [DEBUG] [PATHFINDER] Blocked at: BlockPos{x=-66, y=83, z=-114} | Feet: White Concrete | FloorSolid: true
[12:32:05.250] [DEBUG] [PATHFINDER] Blocked at: BlockPos{x=-65, y=83, z=-115} | Feet: White Concrete | FloorSolid: true
[12:32:05.250] [DEBUG] [PATHFINDER] Blocked at: BlockPos{x=-67, y=83, z=-115} | Feet: White Concrete | FloorSolid: true
[12:32:05.251] [DEBUG] [PATHFINDER] Blocked at: BlockPos{x=-67, y=85, z=-116} | Feet: Air | FloorSolid: false
[12:32:05.251] [DEBUG] [PATHFINDER] Blocked at: BlockPos{x=-67, y=85, z=-114} | Feet: Air | FloorSolid: false
[12:32:05.251] [DEBUG] [PATHFINDER] Blocked at: BlockPos{x=-66, y=85, z=-115} | Feet: Air | FloorSolid: false
[12:32:05.251] [DEBUG] [PATHFINDER] Blocked at: BlockPos{x=-68, y=85, z=-115} | Feet: Air | FloorSolid: false
[12:32:05.251] [DEBUG] [PATHFINDER] Blocked at: BlockPos{x=-67, y=83, z=-116} | Feet: White Concrete | FloorSolid: true
[12:32:05.251] [DEBUG] [PATHFINDER] Blocked at: BlockPos{x=-67, y=83, z=-114} | Feet: White Concrete | FloorSolid: true
[12:32:05.252] [DEBUG] [PATHFINDER] Blocked at: BlockPos{x=-66, y=83, z=-115} | Feet: White Concrete | FloorSolid: true
[12:32:05.252] [DEBUG] [PATHFINDER] Blocked at: BlockPos{x=-68, y=83, z=-115} | Feet: White Concrete | FloorSolid: true
[12:32:05.252] [DEBUG] [PATHFINDER] Blocked at: BlockPos{x=-67, y=85, z=-115} | Feet: Air | FloorSolid: false
[12:32:05.252] [DEBUG] [PATHFINDER] Blocked at: BlockPos{x=-67, y=85, z=-113} | Feet: Air | FloorSolid: false
[12:32:05.252] [DEBUG] [PATHFINDER] Blocked at: BlockPos{x=-66, y=85, z=-114} | Feet: Air | FloorSolid: false
[12:32:05.252] [DEBUG] [PATHFINDER] Blocked at: BlockPos{x=-68, y=85, z=-114} | Feet: Air | FloorSolid: false
[12:32:05.253] [DEBUG] [PATHFINDER] Blocked at: BlockPos{x=-67, y=83, z=-115} | Feet: White Concrete | FloorSolid: true
[12:32:05.253] [DEBUG] [PATHFINDER] Blocked at: BlockPos{x=-67, y=83, z=-113} | Feet: White Concrete | FloorSolid: true
[12:32:05.253] [DEBUG] [PATHFINDER] Blocked at: BlockPos{x=-66, y=83, z=-114} | Feet: White Concrete | FloorSolid: true
[12:32:05.253] [DEBUG] [PATHFINDER] Blocked at: BlockPos{x=-68, y=83, z=-114} | Feet: White Concrete | FloorSolid: true
[12:32:05.253] [DEBUG] [PATHFINDER] Blocked at: BlockPos{x=-68, y=85, z=-115} | Feet: Air | FloorSolid: false
[12:32:05.253] [DEBUG] [PATHFINDER] Blocked at: BlockPos{x=-68, y=85, z=-113} | Feet: Air | FloorSolid: false
[12:32:05.254] [DEBUG] [PATHFINDER] Blocked at: BlockPos{x=-67, y=85, z=-114} | Feet: Air | FloorSolid: false
[12:32:05.254] [DEBUG] [PATHFINDER] Blocked at: BlockPos{x=-69, y=85, z=-114} | Feet: Air | FloorSolid: false
[12:32:05.254] [DEBUG] [PATHFINDER] Blocked at: BlockPos{x=-68, y=83, z=-115} | Feet: White Concrete | FloorSolid: true
[12:32:05.254] [DEBUG] [PATHFINDER] Blocked at: BlockPos{x=-68, y=83, z=-113} | Feet: White Concrete | FloorSolid: true
[12:32:05.254] [DEBUG] [PATHFINDER] Blocked at: BlockPos{x=-67, y=83, z=-114} | Feet: White Concrete | FloorSolid: true
[12:32:05.254] [DEBUG] [PATHFINDER] Blocked at: BlockPos{x=-69, y=83, z=-114} | Feet: White Concrete | FloorSolid: true
[12:32:05.255] [DEBUG] [PATHFINDER] Blocked at: BlockPos{x=-68, y=85, z=-114} | Feet: Air | FloorSolid: false
[12:32:05.255] [DEBUG] [PATHFINDER] Blocked at: BlockPos{x=-68, y=85, z=-112} | Feet: Air | FloorSolid: false
[12:32:05.255] [DEBUG] [PATHFINDER] Blocked at: BlockPos{x=-67, y=85, z=-113} | Feet: Air | FloorSolid: false
[12:32:05.255] [DEBUG] [PATHFINDER] Blocked at: BlockPos{x=-69, y=85, z=-113} | Feet: Air | FloorSolid: false
[12:32:05.255] [DEBUG] [PATHFINDER] Blocked at: BlockPos{x=-68, y=83, z=-114} | Feet: White Concrete | FloorSolid: true
[12:32:05.255] [DEBUG] [PATHFINDER] Blocked at: BlockPos{x=-68, y=83, z=-112} | Feet: Black Concrete | FloorSolid: true
[12:32:05.255] [DEBUG] [PATHFINDER] Blocked at: BlockPos{x=-67, y=83, z=-113} | Feet: White Concrete | FloorSolid: true
[12:32:05.255] [DEBUG] [PATHFINDER] Blocked at: BlockPos{x=-69, y=83, z=-113} | Feet: White Concrete | FloorSolid: true
[12:32:05.256] [DEBUG] [PATHFINDER] Blocked at: BlockPos{x=-69, y=85, z=-114} | Feet: Air | FloorSolid: false
[12:32:05.256] [DEBUG] [PATHFINDER] Blocked at: BlockPos{x=-69, y=85, z=-112} | Feet: Air | FloorSolid: false
[12:32:05.256] [DEBUG] [PATHFINDER] Blocked at: BlockPos{x=-68, y=85, z=-113} | Feet: Air | FloorSolid: false
[12:32:05.256] [DEBUG] [PATHFINDER] Blocked at: BlockPos{x=-70, y=85, z=-113} | Feet: Air | FloorSolid: false
[12:32:05.256] [DEBUG] [PATHFINDER] Blocked at: BlockPos{x=-69, y=83, z=-114} | Feet: White Concrete | FloorSolid: true
[12:32:05.256] [DEBUG] [PATHFINDER] Blocked at: BlockPos{x=-69, y=83, z=-112} | Feet: Black Concrete | FloorSolid: true
[12:32:05.256] [DEBUG] [PATHFINDER] Blocked at: BlockPos{x=-68, y=83, z=-113} | Feet: White Concrete | FloorSolid: true
[12:32:05.257] [DEBUG] [PATHFINDER] Blocked at: BlockPos{x=-70, y=83, z=-113} | Feet: White Concrete | FloorSolid: true
[12:32:05.257] [DEBUG] [PATHFINDER] Blocked at: BlockPos{x=-69, y=85, z=-113} | Feet: Air | FloorSolid: false
[12:32:05.257] [DEBUG] [PATHFINDER] Blocked at: BlockPos{x=-69, y=85, z=-111} | Feet: Air | FloorSolid: false
[12:32:05.257] [DEBUG] [PATHFINDER] Blocked at: BlockPos{x=-68, y=85, z=-112} | Feet: Air | FloorSolid: false
[12:32:05.257] [DEBUG] [PATHFINDER] Blocked at: BlockPos{x=-70, y=85, z=-112} | Feet: Air | FloorSolid: false
[12:32:05.257] [DEBUG] [PATHFINDER] Blocked at: BlockPos{x=-69, y=83, z=-113} | Feet: White Concrete | FloorSolid: true
[12:32:05.258] [DEBUG] [PATHFINDER] Blocked at: BlockPos{x=-69, y=83, z=-111} | Feet: Gray Concrete | FloorSolid: true
[12:32:05.258] [DEBUG] [PATHFINDER] Blocked at: BlockPos{x=-68, y=83, z=-112} | Feet: Black Concrete | FloorSolid: true
[12:32:05.258] [DEBUG] [PATHFINDER] Blocked at: BlockPos{x=-70, y=83, z=-112} | Feet: Black Concrete | FloorSolid: true
[12:32:05.258] [DEBUG] [PATHFINDER] Blocked at: BlockPos{x=-70, y=85, z=-113} | Feet: Air | FloorSolid: false
[12:32:05.258] [DEBUG] [PATHFINDER] Blocked at: BlockPos{x=-70, y=85, z=-111} | Feet: Air | FloorSolid: false
[12:32:05.258] [DEBUG] [PATHFINDER] Blocked at: BlockPos{x=-69, y=85, z=-112} | Feet: Air | FloorSolid: false
[12:32:05.258] [DEBUG] [PATHFINDER] Blocked at: BlockPos{x=-71, y=85, z=-112} | Feet: Air | FloorSolid: false
[12:32:05.259] [DEBUG] [PATHFINDER] Blocked at: BlockPos{x=-70, y=83, z=-113} | Feet: White Concrete | FloorSolid: true
[12:32:05.259] [DEBUG] [PATHFINDER] Blocked at: BlockPos{x=-70, y=83, z=-111} | Feet: Gray Concrete | FloorSolid: true
[12:32:05.259] [DEBUG] [PATHFINDER] Blocked at: BlockPos{x=-69, y=83, z=-112} | Feet: Black Concrete | FloorSolid: true
[12:32:05.259] [DEBUG] [PATHFINDER] Blocked at: BlockPos{x=-71, y=83, z=-112} | Feet: Black Concrete | FloorSolid: true
[12:32:05.259] [DEBUG] [PATHFINDER] Blocked at: BlockPos{x=-70, y=85, z=-112} | Feet: Air | FloorSolid: false
[12:32:05.259] [DEBUG] [PATHFINDER] Blocked at: BlockPos{x=-70, y=85, z=-110} | Feet: Air | FloorSolid: false
[12:32:05.259] [DEBUG] [PATHFINDER] Blocked at: BlockPos{x=-69, y=85, z=-111} | Feet: Air | FloorSolid: false
[12:32:05.260] [DEBUG] [PATHFINDER] Blocked at: BlockPos{x=-71, y=85, z=-111} | Feet: Air | FloorSolid: false
[12:32:05.260] [DEBUG] [PATHFINDER] Blocked at: BlockPos{x=-70, y=83, z=-112} | Feet: Black Concrete | FloorSolid: true
[12:32:05.260] [DEBUG] [PATHFINDER] Blocked at: BlockPos{x=-70, y=83, z=-110} | Feet: Light Gray Concrete | FloorSolid: true
[12:32:05.260] [DEBUG] [PATHFINDER] Blocked at: BlockPos{x=-69, y=83, z=-111} | Feet: Gray Concrete | FloorSolid: true
[12:32:05.260] [DEBUG] [PATHFINDER] Blocked at: BlockPos{x=-71, y=83, z=-111} | Feet: Gray Concrete | FloorSolid: true
[12:32:05.260] [DEBUG] [PATHFINDER] Blocked at: BlockPos{x=-71, y=85, z=-112} | Feet: Air | FloorSolid: false
[12:32:05.260] [DEBUG] [PATHFINDER] Blocked at: BlockPos{x=-71, y=85, z=-110} | Feet: Air | FloorSolid: false
[12:32:05.260] [DEBUG] [PATHFINDER] Blocked at: BlockPos{x=-70, y=85, z=-111} | Feet: Air | FloorSolid: false
[12:32:05.261] [DEBUG] [PATHFINDER] Blocked at: BlockPos{x=-72, y=85, z=-111} | Feet: Air | FloorSolid: false
[12:32:05.261] [DEBUG] [PATHFINDER] Blocked at: BlockPos{x=-71, y=83, z=-112} | Feet: Black Concrete | FloorSolid: true
[12:32:05.261] [DEBUG] [PATHFINDER] Blocked at: BlockPos{x=-71, y=83, z=-110} | Feet: Light Gray Concrete | FloorSolid: true
[12:32:05.261] [DEBUG] [PATHFINDER] Blocked at: BlockPos{x=-70, y=83, z=-111} | Feet: Gray Concrete | FloorSolid: true
[12:32:05.261] [DEBUG] [PATHFINDER] Blocked at: BlockPos{x=-72, y=83, z=-111} | Feet: Gray Concrete | FloorSolid: true
[12:32:05.261] [DEBUG] [PATHFINDER] Blocked at: BlockPos{x=-71, y=85, z=-111} | Feet: Air | FloorSolid: false
[12:32:05.262] [DEBUG] [PATHFINDER] Blocked at: BlockPos{x=-71, y=85, z=-109} | Feet: Air | FloorSolid: false
[12:32:05.262] [DEBUG] [PATHFINDER] Blocked at: BlockPos{x=-70, y=85, z=-110} | Feet: Air | FloorSolid: false
[12:32:05.262] [DEBUG] [PATHFINDER] Blocked at: BlockPos{x=-72, y=85, z=-110} | Feet: Air | FloorSolid: false
[12:32:05.262] [DEBUG] [PATHFINDER] Blocked at: BlockPos{x=-71, y=83, z=-111} | Feet: Gray Concrete | FloorSolid: true
[12:32:05.262] [DEBUG] [PATHFINDER] Blocked at: BlockPos{x=-71, y=83, z=-109} | Feet: Black Concrete | FloorSolid: true
[12:32:05.262] [DEBUG] [PATHFINDER] Blocked at: BlockPos{x=-70, y=83, z=-110} | Feet: Light Gray Concrete | FloorSolid: true
[12:32:05.262] [DEBUG] [PATHFINDER] Blocked at: BlockPos{x=-72, y=83, z=-110} | Feet: Light Gray Concrete | FloorSolid: true
[12:32:05.263] [DEBUG] [PATHFINDER] Blocked at: BlockPos{x=-72, y=85, z=-111} | Feet: Air | FloorSolid: false
[12:32:05.263] [DEBUG] [PATHFINDER] Blocked at: BlockPos{x=-72, y=85, z=-109} | Feet: Air | FloorSolid: false
[12:32:05.263] [DEBUG] [PATHFINDER] Blocked at: BlockPos{x=-71, y=85, z=-110} | Feet: Air | FloorSolid: false
[12:32:05.263] [DEBUG] [PATHFINDER] Blocked at: BlockPos{x=-73, y=85, z=-110} | Feet: Air | FloorSolid: false
[12:32:05.263] [DEBUG] [PATHFINDER] Blocked at: BlockPos{x=-72, y=83, z=-111} | Feet: Gray Concrete | FloorSolid: true
[12:32:05.263] [DEBUG] [PATHFINDER] Blocked at: BlockPos{x=-72, y=83, z=-109} | Feet: Black Concrete | FloorSolid: true
[12:32:05.263] [DEBUG] [PATHFINDER] Blocked at: BlockPos{x=-71, y=83, z=-110} | Feet: Light Gray Concrete | FloorSolid: true
[12:32:05.263] [DEBUG] [PATHFINDER] Blocked at: BlockPos{x=-73, y=83, z=-110} | Feet: Light Gray Concrete | FloorSolid: true
[12:32:05.264] [DEBUG] [PATHFINDER] Blocked at: BlockPos{x=-72, y=85, z=-110} | Feet: Air | FloorSolid: false
[12:32:05.264] [DEBUG] [PATHFINDER] Blocked at: BlockPos{x=-72, y=85, z=-108} | Feet: Air | FloorSolid: false
[12:32:05.264] [DEBUG] [PATHFINDER] Blocked at: BlockPos{x=-71, y=85, z=-109} | Feet: Air | FloorSolid: false
[12:32:05.264] [DEBUG] [PATHFINDER] Blocked at: BlockPos{x=-73, y=85, z=-109} | Feet: Air | FloorSolid: false
[12:32:05.264] [DEBUG] [PATHFINDER] Blocked at: BlockPos{x=-72, y=83, z=-110} | Feet: Light Gray Concrete | FloorSolid: true
[12:32:05.264] [DEBUG] [PATHFINDER] Blocked at: BlockPos{x=-72, y=83, z=-108} | Feet: Black Concrete | FloorSolid: true
[12:32:05.264] [DEBUG] [PATHFINDER] Blocked at: BlockPos{x=-71, y=83, z=-109} | Feet: Black Concrete | FloorSolid: true
[12:32:05.264] [DEBUG] [PATHFINDER] Blocked at: BlockPos{x=-73, y=83, z=-109} | Feet: Black Concrete | FloorSolid: true
[12:32:05.265] [DEBUG] [PATHFINDER] Blocked at: BlockPos{x=-73, y=85, z=-110} | Feet: Air | FloorSolid: false
[12:32:05.265] [DEBUG] [PATHFINDER] Blocked at: BlockPos{x=-73, y=85, z=-108} | Feet: Air | FloorSolid: false
[12:32:05.265] [DEBUG] [PATHFINDER] Blocked at: BlockPos{x=-72, y=85, z=-109} | Feet: Air | FloorSolid: false
[12:32:05.265] [DEBUG] [PATHFINDER] Blocked at: BlockPos{x=-74, y=85, z=-109} | Feet: Air | FloorSolid: false
[12:32:05.265] [DEBUG] [PATHFINDER] Blocked at: BlockPos{x=-73, y=83, z=-110} | Feet: Light Gray Concrete | FloorSolid: true
[12:32:05.265] [DEBUG] [PATHFINDER] Blocked at: BlockPos{x=-73, y=83, z=-108} | Feet: Black Concrete | FloorSolid: true
[12:32:05.265] [DEBUG] [PATHFINDER] Blocked at: BlockPos{x=-72, y=83, z=-109} | Feet: Black Concrete | FloorSolid: true
[12:32:05.265] [DEBUG] [PATHFINDER] Blocked at: BlockPos{x=-74, y=83, z=-109} | Feet: Black Concrete | FloorSolid: true
[12:32:05.266] [DEBUG] [PATHFINDER] Blocked at: BlockPos{x=-73, y=85, z=-109} | Feet: Air | FloorSolid: false
[12:32:05.266] [DEBUG] [PATHFINDER] Blocked at: BlockPos{x=-73, y=85, z=-107} | Feet: Air | FloorSolid: false
[12:32:05.266] [DEBUG] [PATHFINDER] Blocked at: BlockPos{x=-72, y=85, z=-108} | Feet: Air | FloorSolid: false
[12:32:05.266] [DEBUG] [PATHFINDER] Blocked at: BlockPos{x=-74, y=85, z=-108} | Feet: Air | FloorSolid: false
[12:32:05.266] [DEBUG] [PATHFINDER] Blocked at: BlockPos{x=-73, y=83, z=-109} | Feet: Black Concrete | FloorSolid: true
[12:32:05.266] [DEBUG] [PATHFINDER] Blocked at: BlockPos{x=-73, y=83, z=-107} | Feet: Light Gray Concrete | FloorSolid: true
[12:32:05.266] [DEBUG] [PATHFINDER] Blocked at: BlockPos{x=-72, y=83, z=-108} | Feet: Black Concrete | FloorSolid: true
[12:32:05.266] [DEBUG] [PATHFINDER] Blocked at: BlockPos{x=-74, y=83, z=-108} | Feet: Black Concrete | FloorSolid: true
[12:32:05.267] [DEBUG] [PATHFINDER] Blocked at: BlockPos{x=-74, y=85, z=-109} | Feet: Air | FloorSolid: false
[12:32:05.267] [DEBUG] [PATHFINDER] Blocked at: BlockPos{x=-74, y=85, z=-107} | Feet: Air | FloorSolid: false
[12:32:05.267] [DEBUG] [PATHFINDER] Blocked at: BlockPos{x=-73, y=85, z=-108} | Feet: Air | FloorSolid: false
[12:32:05.267] [DEBUG] [PATHFINDER] Blocked at: BlockPos{x=-75, y=85, z=-108} | Feet: Air | FloorSolid: false
[12:32:05.267] [DEBUG] [PATHFINDER] Blocked at: BlockPos{x=-74, y=83, z=-109} | Feet: Black Concrete | FloorSolid: true
[12:32:05.267] [DEBUG] [PATHFINDER] Blocked at: BlockPos{x=-74, y=83, z=-107} | Feet: Light Gray Concrete | FloorSolid: true
[12:32:05.267] [DEBUG] [PATHFINDER] Blocked at: BlockPos{x=-73, y=83, z=-108} | Feet: Black Concrete | FloorSolid: true
[12:32:05.267] [DEBUG] [PATHFINDER] Blocked at: BlockPos{x=-75, y=83, z=-108} | Feet: Black Concrete | FloorSolid: true
[12:32:05.268] [DEBUG] [PATHFINDER] Blocked at: BlockPos{x=-74, y=85, z=-108} | Feet: Air | FloorSolid: false
[12:32:05.268] [DEBUG] [PATHFINDER] Blocked at: BlockPos{x=-74, y=85, z=-106} | Feet: Air | FloorSolid: false
[12:32:05.268] [DEBUG] [PATHFINDER] Blocked at: BlockPos{x=-73, y=85, z=-107} | Feet: Air | FloorSolid: false
[12:32:05.268] [DEBUG] [PATHFINDER] Blocked at: BlockPos{x=-75, y=85, z=-107} | Feet: Air | FloorSolid: false
[12:32:05.268] [DEBUG] [PATHFINDER] Blocked at: BlockPos{x=-74, y=83, z=-108} | Feet: Black Concrete | FloorSolid: true
[12:32:05.268] [DEBUG] [PATHFINDER] Blocked at: BlockPos{x=-74, y=83, z=-106} | Feet: Gray Concrete | FloorSolid: true
[12:32:05.269] [DEBUG] [PATHFINDER] Blocked at: BlockPos{x=-73, y=83, z=-107} | Feet: Light Gray Concrete | FloorSolid: true
[12:32:05.269] [DEBUG] [PATHFINDER] Blocked at: BlockPos{x=-75, y=83, z=-107} | Feet: Light Gray Concrete | FloorSolid: true
[12:32:05.269] [DEBUG] [PATHFINDER] Blocked at: BlockPos{x=-75, y=85, z=-108} | Feet: Air | FloorSolid: false
[12:32:05.269] [DEBUG] [PATHFINDER] Blocked at: BlockPos{x=-75, y=85, z=-106} | Feet: Air | FloorSolid: false
[12:32:05.269] [DEBUG] [PATHFINDER] Blocked at: BlockPos{x=-74, y=85, z=-107} | Feet: Air | FloorSolid: false
[12:32:05.269] [DEBUG] [PATHFINDER] Blocked at: BlockPos{x=-76, y=85, z=-107} | Feet: Air | FloorSolid: false
[12:32:05.269] [DEBUG] [PATHFINDER] Blocked at: BlockPos{x=-75, y=83, z=-108} | Feet: Black Concrete | FloorSolid: true
[12:32:05.270] [DEBUG] [PATHFINDER] Blocked at: BlockPos{x=-75, y=83, z=-106} | Feet: Gray Concrete | FloorSolid: true
[12:32:05.270] [DEBUG] [PATHFINDER] Blocked at: BlockPos{x=-74, y=83, z=-107} | Feet: Light Gray Concrete | FloorSolid: true
[12:32:05.270] [DEBUG] [PATHFINDER] Blocked at: BlockPos{x=-76, y=83, z=-107} | Feet: Light Gray Concrete | FloorSolid: true
[12:32:05.270] [DEBUG] [PATHFINDER] Blocked at: BlockPos{x=-75, y=85, z=-107} | Feet: Air | FloorSolid: false
[12:32:05.270] [DEBUG] [PATHFINDER] Blocked at: BlockPos{x=-75, y=85, z=-105} | Feet: Air | FloorSolid: false
[12:32:05.270] [DEBUG] [PATHFINDER] Blocked at: BlockPos{x=-74, y=85, z=-106} | Feet: Air | FloorSolid: false
[12:32:05.270] [DEBUG] [PATHFINDER] Blocked at: BlockPos{x=-76, y=85, z=-106} | Feet: Air | FloorSolid: false
[12:32:05.270] [DEBUG] [PATHFINDER] Blocked at: BlockPos{x=-75, y=83, z=-107} | Feet: Light Gray Concrete | FloorSolid: true
[12:32:05.271] [DEBUG] [PATHFINDER] Blocked at: BlockPos{x=-75, y=83, z=-105} | Feet: Black Concrete | FloorSolid: true
[12:32:05.271] [DEBUG] [PATHFINDER] Blocked at: BlockPos{x=-74, y=83, z=-106} | Feet: Gray Concrete | FloorSolid: true
[12:32:05.271] [DEBUG] [PATHFINDER] Blocked at: BlockPos{x=-76, y=83, z=-106} | Feet: Gray Concrete | FloorSolid: true
[12:32:05.271] [DEBUG] [PATHFINDER] Blocked at: BlockPos{x=-76, y=85, z=-107} | Feet: Air | FloorSolid: false
[12:32:05.271] [DEBUG] [PATHFINDER] Blocked at: BlockPos{x=-76, y=85, z=-105} | Feet: Air | FloorSolid: false
[12:32:05.271] [DEBUG] [PATHFINDER] Blocked at: BlockPos{x=-75, y=85, z=-106} | Feet: Air | FloorSolid: false
[12:32:05.271] [DEBUG] [PATHFINDER] Blocked at: BlockPos{x=-77, y=85, z=-106} | Feet: Air | FloorSolid: false
[12:32:05.271] [DEBUG] [PATHFINDER] Blocked at: BlockPos{x=-76, y=83, z=-107} | Feet: Light Gray Concrete | FloorSolid: true
[12:32:05.272] [DEBUG] [PATHFINDER] Blocked at: BlockPos{x=-76, y=83, z=-105} | Feet: Black Concrete | FloorSolid: true
[12:32:05.272] [DEBUG] [PATHFINDER] Blocked at: BlockPos{x=-75, y=83, z=-106} | Feet: Gray Concrete | FloorSolid: true
[12:32:05.272] [DEBUG] [PATHFINDER] Blocked at: BlockPos{x=-77, y=83, z=-106} | Feet: Gray Concrete | FloorSolid: true
[12:32:05.272] [DEBUG] [PATHFINDER] Blocked at: BlockPos{x=-76, y=85, z=-106} | Feet: Air | FloorSolid: false
[12:32:05.272] [DEBUG] [PATHFINDER] Blocked at: BlockPos{x=-76, y=85, z=-104} | Feet: Air | FloorSolid: false
[12:32:05.272] [DEBUG] [PATHFINDER] Blocked at: BlockPos{x=-75, y=85, z=-105} | Feet: Air | FloorSolid: false
[12:32:05.272] [DEBUG] [PATHFINDER] Blocked at: BlockPos{x=-77, y=85, z=-105} | Feet: Air | FloorSolid: false
[12:32:05.272] [DEBUG] [PATHFINDER] Blocked at: BlockPos{x=-76, y=83, z=-106} | Feet: Gray Concrete | FloorSolid: true
[12:32:05.273] [DEBUG] [PATHFINDER] Blocked at: BlockPos{x=-76, y=83, z=-104} | Feet: White Concrete | FloorSolid: true
[12:32:05.273] [DEBUG] [PATHFINDER] Blocked at: BlockPos{x=-75, y=83, z=-105} | Feet: Black Concrete | FloorSolid: true
[12:32:05.273] [DEBUG] [PATHFINDER] Blocked at: BlockPos{x=-77, y=83, z=-105} | Feet: Black Concrete | FloorSolid: true
[12:32:05.273] [DEBUG] [PATHFINDER] Blocked at: BlockPos{x=-77, y=85, z=-106} | Feet: Air | FloorSolid: false
[12:32:05.273] [DEBUG] [PATHFINDER] Blocked at: BlockPos{x=-77, y=85, z=-104} | Feet: Air | FloorSolid: false
[12:32:05.273] [DEBUG] [PATHFINDER] Blocked at: BlockPos{x=-76, y=85, z=-105} | Feet: Air | FloorSolid: false
[12:32:05.273] [DEBUG] [PATHFINDER] Blocked at: BlockPos{x=-78, y=85, z=-105} | Feet: Air | FloorSolid: false
[12:32:05.274] [DEBUG] [PATHFINDER] Blocked at: BlockPos{x=-77, y=83, z=-106} | Feet: Gray Concrete | FloorSolid: true
[12:32:05.274] [DEBUG] [PATHFINDER] Blocked at: BlockPos{x=-77, y=83, z=-104} | Feet: White Concrete | FloorSolid: true
[12:32:05.274] [DEBUG] [PATHFINDER] Blocked at: BlockPos{x=-76, y=83, z=-105} | Feet: Black Concrete | FloorSolid: true
[12:32:05.274] [DEBUG] [PATHFINDER] Blocked at: BlockPos{x=-78, y=83, z=-105} | Feet: Black Concrete | FloorSolid: true
[12:32:05.274] [DEBUG] [PATHFINDER] Blocked at: BlockPos{x=-77, y=85, z=-105} | Feet: Air | FloorSolid: false
[12:32:05.274] [DEBUG] [PATHFINDER] Blocked at: BlockPos{x=-77, y=85, z=-103} | Feet: Air | FloorSolid: false
[12:32:05.274] [DEBUG] [PATHFINDER] Blocked at: BlockPos{x=-76, y=85, z=-104} | Feet: Air | FloorSolid: false
[12:32:05.274] [DEBUG] [PATHFINDER] Blocked at: BlockPos{x=-78, y=85, z=-104} | Feet: Air | FloorSolid: false
[12:32:05.274] [DEBUG] [PATHFINDER] Blocked at: BlockPos{x=-77, y=83, z=-105} | Feet: Black Concrete | FloorSolid: true
[12:32:05.275] [DEBUG] [PATHFINDER] Blocked at: BlockPos{x=-77, y=83, z=-103} | Feet: Black Concrete | FloorSolid: true
[12:32:05.275] [DEBUG] [PATHFINDER] Blocked at: BlockPos{x=-76, y=83, z=-104} | Feet: White Concrete | FloorSolid: true
[12:32:05.275] [DEBUG] [PATHFINDER] Blocked at: BlockPos{x=-78, y=83, z=-104} | Feet: White Concrete | FloorSolid: true
[12:32:10.218] [DEBUG] [PATHFINDER] Blocked at: BlockPos{x=-49, y=84, z=-116} | Feet: Magenta Stained Glass | FloorSolid: true
[12:32:10.219] [DEBUG] [PATHFINDER] Blocked at: BlockPos{x=-50, y=84, z=-117} | Feet: Magenta Stained Glass | FloorSolid: true
[12:32:10.220] [DEBUG] [PATHFINDER] Blocked at: BlockPos{x=-49, y=85, z=-118} | Feet: Air | FloorSolid: false
[12:32:10.220] [DEBUG] [PATHFINDER] Blocked at: BlockPos{x=-48, y=85, z=-117} | Feet: Air | FloorSolid: false
[12:32:10.220] [DEBUG] [PATHFINDER] Blocked at: BlockPos{x=-49, y=83, z=-118} | Feet: Grass Block | FloorSolid: true
[12:32:10.221] [DEBUG] [PATHFINDER] Blocked at: BlockPos{x=-49, y=83, z=-116} | Feet: White Concrete | FloorSolid: true
[12:32:10.221] [DEBUG] [PATHFINDER] Blocked at: BlockPos{x=-48, y=83, z=-117} | Feet: White Concrete | FloorSolid: true
[12:32:10.222] [DEBUG] [PATHFINDER] Blocked at: BlockPos{x=-50, y=83, z=-117} | Feet: White Concrete | FloorSolid: true
[12:32:10.222] [DEBUG] [PATHFINDER] Blocked at: BlockPos{x=-50, y=85, z=-118} | Feet: Air | FloorSolid: false
[12:32:10.222] [DEBUG] [PATHFINDER] Blocked at: BlockPos{x=-50, y=85, z=-116} | Feet: Magenta Stained Glass | FloorSolid: false
[12:32:10.222] [DEBUG] [PATHFINDER] Blocked at: BlockPos{x=-49, y=85, z=-117} | Feet: Air | FloorSolid: false
[12:32:10.223] [DEBUG] [PATHFINDER] Blocked at: BlockPos{x=-51, y=85, z=-117} | Feet: Air | FloorSolid: false
[12:32:10.223] [DEBUG] [PATHFINDER] Blocked at: BlockPos{x=-50, y=86, z=-118} | Feet: Air | FloorSolid: false
[12:32:10.223] [DEBUG] [PATHFINDER] Blocked at: BlockPos{x=-49, y=86, z=-117} | Feet: Air | FloorSolid: false
[12:32:10.223] [DEBUG] [PATHFINDER] Blocked at: BlockPos{x=-51, y=86, z=-117} | Feet: Air | FloorSolid: false
[12:32:10.223] [DEBUG] [PATHFINDER] Blocked at: BlockPos{x=-50, y=84, z=-116} | Feet: Purple Bed | FloorSolid: true
[12:32:10.223] [DEBUG] [PATHFINDER] Blocked at: BlockPos{x=-51, y=84, z=-116} | Feet: Magenta Stained Glass | FloorSolid: true
[12:32:10.224] [DEBUG] [PATHFINDER] Blocked at: BlockPos{x=-50, y=84, z=-117} | Feet: Magenta Stained Glass | FloorSolid: true
[12:32:10.224] [DEBUG] [PATHFINDER] Blocked at: BlockPos{x=-51, y=85, z=-118} | Feet: Air | FloorSolid: false
[12:32:10.224] [DEBUG] [PATHFINDER] Blocked at: BlockPos{x=-52, y=85, z=-117} | Feet: Air | FloorSolid: false
[12:32:10.224] [DEBUG] [PATHFINDER] Blocked at: BlockPos{x=-51, y=83, z=-118} | Feet: White Concrete | FloorSolid: true
[12:32:10.224] [DEBUG] [PATHFINDER] Blocked at: BlockPos{x=-51, y=83, z=-116} | Feet: White Concrete | FloorSolid: true
[12:32:10.224] [DEBUG] [PATHFINDER] Blocked at: BlockPos{x=-50, y=83, z=-117} | Feet: White Concrete | FloorSolid: true
[12:32:10.224] [DEBUG] [PATHFINDER] Blocked at: BlockPos{x=-52, y=83, z=-117} | Feet: White Concrete | FloorSolid: true
[12:32:10.225] [DEBUG] [PATHFINDER] Blocked at: BlockPos{x=-52, y=85, z=-118} | Feet: Air | FloorSolid: false
[12:32:10.225] [DEBUG] [PATHFINDER] Blocked at: BlockPos{x=-52, y=85, z=-116} | Feet: Air | FloorSolid: false
[12:32:10.225] [DEBUG] [PATHFINDER] Blocked at: BlockPos{x=-51, y=85, z=-117} | Feet: Air | FloorSolid: false
[12:32:10.225] [DEBUG] [PATHFINDER] Blocked at: BlockPos{x=-53, y=85, z=-117} | Feet: Air | FloorSolid: false
[12:32:10.225] [DEBUG] [PATHFINDER] Blocked at: BlockPos{x=-52, y=83, z=-118} | Feet: White Concrete | FloorSolid: true
[12:32:10.225] [DEBUG] [PATHFINDER] Blocked at: BlockPos{x=-52, y=83, z=-116} | Feet: White Concrete | FloorSolid: true
[12:32:10.226] [DEBUG] [PATHFINDER] Blocked at: BlockPos{x=-51, y=83, z=-117} | Feet: White Concrete | FloorSolid: true
[12:32:10.226] [DEBUG] [PATHFINDER] Blocked at: BlockPos{x=-53, y=83, z=-117} | Feet: White Concrete | FloorSolid: true
[12:32:10.226] [DEBUG] [PATHFINDER] Blocked at: BlockPos{x=-53, y=85, z=-118} | Feet: Air | FloorSolid: false
[12:32:10.226] [DEBUG] [PATHFINDER] Blocked at: BlockPos{x=-53, y=85, z=-116} | Feet: Air | FloorSolid: false
[12:32:10.226] [DEBUG] [PATHFINDER] Blocked at: BlockPos{x=-52, y=85, z=-117} | Feet: Air | FloorSolid: false
[12:32:10.226] [DEBUG] [PATHFINDER] Blocked at: BlockPos{x=-54, y=85, z=-117} | Feet: Air | FloorSolid: false
[12:32:10.226] [DEBUG] [PATHFINDER] Blocked at: BlockPos{x=-53, y=83, z=-118} | Feet: White Concrete | FloorSolid: true
[12:32:10.226] [DEBUG] [PATHFINDER] Blocked at: BlockPos{x=-53, y=83, z=-116} | Feet: White Concrete | FloorSolid: true
[12:32:10.227] [DEBUG] [PATHFINDER] Blocked at: BlockPos{x=-52, y=83, z=-117} | Feet: White Concrete | FloorSolid: true
[12:32:10.227] [DEBUG] [PATHFINDER] Blocked at: BlockPos{x=-54, y=83, z=-117} | Feet: Black Concrete | FloorSolid: true
[12:32:10.227] [DEBUG] [PATHFINDER] Blocked at: BlockPos{x=-54, y=85, z=-118} | Feet: Air | FloorSolid: false
[12:32:10.227] [DEBUG] [PATHFINDER] Blocked at: BlockPos{x=-54, y=85, z=-116} | Feet: Air | FloorSolid: false
[12:32:10.227] [DEBUG] [PATHFINDER] Blocked at: BlockPos{x=-53, y=85, z=-117} | Feet: Air | FloorSolid: false
[12:32:10.227] [DEBUG] [PATHFINDER] Blocked at: BlockPos{x=-55, y=85, z=-117} | Feet: Air | FloorSolid: false
[12:32:10.228] [DEBUG] [PATHFINDER] Blocked at: BlockPos{x=-54, y=83, z=-118} | Feet: Black Concrete | FloorSolid: true
[12:32:10.228] [DEBUG] [PATHFINDER] Blocked at: BlockPos{x=-54, y=83, z=-116} | Feet: Black Concrete | FloorSolid: true
[12:32:10.228] [DEBUG] [PATHFINDER] Blocked at: BlockPos{x=-53, y=83, z=-117} | Feet: White Concrete | FloorSolid: true
[12:32:10.228] [DEBUG] [PATHFINDER] Blocked at: BlockPos{x=-55, y=83, z=-117} | Feet: Gray Concrete | FloorSolid: true
[12:32:10.229] [DEBUG] [PATHFINDER] Blocked at: BlockPos{x=-55, y=85, z=-118} | Feet: Air | FloorSolid: false
[12:32:10.229] [DEBUG] [PATHFINDER] Blocked at: BlockPos{x=-55, y=85, z=-116} | Feet: Air | FloorSolid: false
[12:32:10.229] [DEBUG] [PATHFINDER] Blocked at: BlockPos{x=-54, y=85, z=-117} | Feet: Air | FloorSolid: false
[12:32:10.229] [DEBUG] [PATHFINDER] Blocked at: BlockPos{x=-56, y=85, z=-117} | Feet: Air | FloorSolid: false
[12:32:10.229] [DEBUG] [PATHFINDER] Blocked at: BlockPos{x=-55, y=83, z=-118} | Feet: Gray Concrete | FloorSolid: true
[12:32:10.230] [DEBUG] [PATHFINDER] Blocked at: BlockPos{x=-55, y=83, z=-116} | Feet: Gray Concrete | FloorSolid: true
[12:32:10.230] [DEBUG] [PATHFINDER] Blocked at: BlockPos{x=-54, y=83, z=-117} | Feet: Black Concrete | FloorSolid: true
[12:32:10.230] [DEBUG] [PATHFINDER] Blocked at: BlockPos{x=-56, y=83, z=-117} | Feet: Light Gray Concrete | FloorSolid: true
[12:32:10.230] [DEBUG] [PATHFINDER] Blocked at: BlockPos{x=-56, y=85, z=-118} | Feet: Air | FloorSolid: false
[12:32:10.230] [DEBUG] [PATHFINDER] Blocked at: BlockPos{x=-56, y=85, z=-116} | Feet: Air | FloorSolid: false
[12:32:10.230] [DEBUG] [PATHFINDER] Blocked at: BlockPos{x=-55, y=85, z=-117} | Feet: Air | FloorSolid: false
[12:32:10.230] [DEBUG] [PATHFINDER] Blocked at: BlockPos{x=-57, y=85, z=-117} | Feet: Air | FloorSolid: false
[12:32:10.231] [DEBUG] [PATHFINDER] Blocked at: BlockPos{x=-56, y=83, z=-118} | Feet: Light Gray Concrete | FloorSolid: true
[12:32:10.231] [DEBUG] [PATHFINDER] Blocked at: BlockPos{x=-56, y=83, z=-116} | Feet: Light Gray Concrete | FloorSolid: true
[12:32:10.231] [DEBUG] [PATHFINDER] Blocked at: BlockPos{x=-55, y=83, z=-117} | Feet: Gray Concrete | FloorSolid: true
[12:32:10.231] [DEBUG] [PATHFINDER] Blocked at: BlockPos{x=-57, y=83, z=-117} | Feet: Black Concrete | FloorSolid: true
[12:32:10.231] [DEBUG] [PATHFINDER] Blocked at: BlockPos{x=-57, y=85, z=-118} | Feet: Air | FloorSolid: false
[12:32:10.231] [DEBUG] [PATHFINDER] Blocked at: BlockPos{x=-57, y=85, z=-116} | Feet: Air | FloorSolid: false
[12:32:10.231] [DEBUG] [PATHFINDER] Blocked at: BlockPos{x=-56, y=85, z=-117} | Feet: Air | FloorSolid: false
[12:32:10.232] [DEBUG] [PATHFINDER] Blocked at: BlockPos{x=-58, y=85, z=-117} | Feet: Air | FloorSolid: false
[12:32:10.232] [DEBUG] [PATHFINDER] Blocked at: BlockPos{x=-57, y=83, z=-118} | Feet: Black Concrete | FloorSolid: true
[12:32:10.232] [DEBUG] [PATHFINDER] Blocked at: BlockPos{x=-57, y=83, z=-116} | Feet: Black Concrete | FloorSolid: true
[12:32:10.232] [DEBUG] [PATHFINDER] Blocked at: BlockPos{x=-56, y=83, z=-117} | Feet: Light Gray Concrete | FloorSolid: true
[12:32:10.232] [DEBUG] [PATHFINDER] Blocked at: BlockPos{x=-58, y=83, z=-117} | Feet: Light Gray Concrete | FloorSolid: true
[12:32:10.232] [DEBUG] [PATHFINDER] Blocked at: BlockPos{x=-58, y=85, z=-118} | Feet: Air | FloorSolid: false
[12:32:10.233] [DEBUG] [PATHFINDER] Blocked at: BlockPos{x=-58, y=85, z=-116} | Feet: Air | FloorSolid: false
[12:32:10.233] [DEBUG] [PATHFINDER] Blocked at: BlockPos{x=-57, y=85, z=-117} | Feet: Air | FloorSolid: false
[12:32:10.233] [DEBUG] [PATHFINDER] Blocked at: BlockPos{x=-59, y=85, z=-117} | Feet: Air | FloorSolid: false
[12:32:10.233] [DEBUG] [PATHFINDER] Blocked at: BlockPos{x=-58, y=83, z=-118} | Feet: Light Gray Concrete | FloorSolid: true
[12:32:10.233] [DEBUG] [PATHFINDER] Blocked at: BlockPos{x=-58, y=83, z=-116} | Feet: Light Gray Concrete | FloorSolid: true
[12:32:10.233] [DEBUG] [PATHFINDER] Blocked at: BlockPos{x=-57, y=83, z=-117} | Feet: Black Concrete | FloorSolid: true
[12:32:10.233] [DEBUG] [PATHFINDER] Blocked at: BlockPos{x=-59, y=83, z=-117} | Feet: Gray Concrete | FloorSolid: true
[12:32:10.234] [DEBUG] [PATHFINDER] Blocked at: BlockPos{x=-59, y=85, z=-118} | Feet: Air | FloorSolid: false
[12:32:10.234] [DEBUG] [PATHFINDER] Blocked at: BlockPos{x=-59, y=85, z=-116} | Feet: Air | FloorSolid: false
[12:32:10.234] [DEBUG] [PATHFINDER] Blocked at: BlockPos{x=-58, y=85, z=-117} | Feet: Air | FloorSolid: false
[12:32:10.234] [DEBUG] [PATHFINDER] Blocked at: BlockPos{x=-60, y=85, z=-117} | Feet: Air | FloorSolid: false
[12:32:10.234] [DEBUG] [PATHFINDER] Blocked at: BlockPos{x=-59, y=83, z=-118} | Feet: Gray Concrete | FloorSolid: true
[12:32:10.234] [DEBUG] [PATHFINDER] Blocked at: BlockPos{x=-59, y=83, z=-116} | Feet: Gray Concrete | FloorSolid: true
[12:32:10.234] [DEBUG] [PATHFINDER] Blocked at: BlockPos{x=-58, y=83, z=-117} | Feet: Light Gray Concrete | FloorSolid: true
[12:32:10.234] [DEBUG] [PATHFINDER] Blocked at: BlockPos{x=-60, y=83, z=-117} | Feet: Black Concrete | FloorSolid: true
[12:32:10.235] [DEBUG] [PATHFINDER] Blocked at: BlockPos{x=-60, y=85, z=-118} | Feet: Air | FloorSolid: false
[12:32:10.235] [DEBUG] [PATHFINDER] Blocked at: BlockPos{x=-60, y=85, z=-116} | Feet: Air | FloorSolid: false
[12:32:10.235] [DEBUG] [PATHFINDER] Blocked at: BlockPos{x=-59, y=85, z=-117} | Feet: Air | FloorSolid: false
[12:32:10.235] [DEBUG] [PATHFINDER] Blocked at: BlockPos{x=-61, y=85, z=-117} | Feet: Air | FloorSolid: false
[12:32:10.235] [DEBUG] [PATHFINDER] Blocked at: BlockPos{x=-60, y=83, z=-118} | Feet: Black Concrete | FloorSolid: true
[12:32:10.235] [DEBUG] [PATHFINDER] Blocked at: BlockPos{x=-60, y=83, z=-116} | Feet: Black Concrete | FloorSolid: true
[12:32:10.235] [DEBUG] [PATHFINDER] Blocked at: BlockPos{x=-59, y=83, z=-117} | Feet: Gray Concrete | FloorSolid: true
[12:32:10.236] [DEBUG] [PATHFINDER] Blocked at: BlockPos{x=-61, y=83, z=-117} | Feet: White Concrete | FloorSolid: true
[12:32:10.236] [DEBUG] [PATHFINDER] Blocked at: BlockPos{x=-61, y=85, z=-118} | Feet: Air | FloorSolid: false
[12:32:10.237] [DEBUG] [PATHFINDER] Blocked at: BlockPos{x=-61, y=85, z=-116} | Feet: Air | FloorSolid: false
[12:32:10.237] [DEBUG] [PATHFINDER] Blocked at: BlockPos{x=-60, y=85, z=-117} | Feet: Air | FloorSolid: false
[12:32:10.237] [DEBUG] [PATHFINDER] Blocked at: BlockPos{x=-62, y=85, z=-117} | Feet: Air | FloorSolid: false
[12:32:10.237] [DEBUG] [PATHFINDER] Blocked at: BlockPos{x=-61, y=83, z=-118} | Feet: White Concrete | FloorSolid: true
[12:32:10.237] [DEBUG] [PATHFINDER] Blocked at: BlockPos{x=-61, y=83, z=-116} | Feet: White Concrete | FloorSolid: true
[12:32:10.237] [DEBUG] [PATHFINDER] Blocked at: BlockPos{x=-60, y=83, z=-117} | Feet: Black Concrete | FloorSolid: true
[12:32:10.237] [DEBUG] [PATHFINDER] Blocked at: BlockPos{x=-62, y=83, z=-117} | Feet: White Concrete | FloorSolid: true
[12:32:10.238] [DEBUG] [PATHFINDER] Blocked at: BlockPos{x=-62, y=85, z=-118} | Feet: Air | FloorSolid: false
[12:32:10.238] [DEBUG] [PATHFINDER] Blocked at: BlockPos{x=-62, y=85, z=-116} | Feet: Air | FloorSolid: false
[12:32:10.238] [DEBUG] [PATHFINDER] Blocked at: BlockPos{x=-61, y=85, z=-117} | Feet: Air | FloorSolid: false
[12:32:10.238] [DEBUG] [PATHFINDER] Blocked at: BlockPos{x=-63, y=85, z=-117} | Feet: Air | FloorSolid: false
[12:32:10.238] [DEBUG] [PATHFINDER] Blocked at: BlockPos{x=-62, y=83, z=-118} | Feet: White Concrete | FloorSolid: true
[12:32:10.238] [DEBUG] [PATHFINDER] Blocked at: BlockPos{x=-62, y=83, z=-116} | Feet: White Concrete | FloorSolid: true
[12:32:10.238] [DEBUG] [PATHFINDER] Blocked at: BlockPos{x=-61, y=83, z=-117} | Feet: White Concrete | FloorSolid: true
[12:32:10.239] [DEBUG] [PATHFINDER] Blocked at: BlockPos{x=-63, y=83, z=-117} | Feet: White Concrete | FloorSolid: true
[12:32:10.239] [DEBUG] [PATHFINDER] Blocked at: BlockPos{x=-63, y=85, z=-118} | Feet: Air | FloorSolid: false
[12:32:10.239] [DEBUG] [PATHFINDER] Blocked at: BlockPos{x=-63, y=85, z=-116} | Feet: Air | FloorSolid: false
[12:32:10.239] [DEBUG] [PATHFINDER] Blocked at: BlockPos{x=-62, y=85, z=-117} | Feet: Air | FloorSolid: false
[12:32:10.239] [DEBUG] [PATHFINDER] Blocked at: BlockPos{x=-64, y=85, z=-117} | Feet: Air | FloorSolid: false
[12:32:10.239] [DEBUG] [PATHFINDER] Blocked at: BlockPos{x=-63, y=83, z=-118} | Feet: White Concrete | FloorSolid: true
[12:32:10.239] [DEBUG] [PATHFINDER] Blocked at: BlockPos{x=-63, y=83, z=-116} | Feet: White Concrete | FloorSolid: true
[12:32:10.240] [DEBUG] [PATHFINDER] Blocked at: BlockPos{x=-62, y=83, z=-117} | Feet: White Concrete | FloorSolid: true
[12:32:10.240] [DEBUG] [PATHFINDER] Blocked at: BlockPos{x=-64, y=83, z=-117} | Feet: White Concrete | FloorSolid: true
[12:32:10.240] [DEBUG] [PATHFINDER] Blocked at: BlockPos{x=-64, y=85, z=-118} | Feet: Air | FloorSolid: false
[12:32:10.240] [DEBUG] [PATHFINDER] Blocked at: BlockPos{x=-64, y=85, z=-116} | Feet: Air | FloorSolid: false
[12:32:10.240] [DEBUG] [PATHFINDER] Blocked at: BlockPos{x=-63, y=85, z=-117} | Feet: Air | FloorSolid: false
[12:32:10.240] [DEBUG] [PATHFINDER] Blocked at: BlockPos{x=-65, y=85, z=-117} | Feet: Air | FloorSolid: false
[12:32:10.240] [DEBUG] [PATHFINDER] Blocked at: BlockPos{x=-64, y=83, z=-118} | Feet: White Concrete | FloorSolid: true
[12:32:10.240] [DEBUG] [PATHFINDER] Blocked at: BlockPos{x=-64, y=83, z=-116} | Feet: White Concrete | FloorSolid: true
[12:32:10.241] [DEBUG] [PATHFINDER] Blocked at: BlockPos{x=-63, y=83, z=-117} | Feet: White Concrete | FloorSolid: true
[12:32:10.241] [DEBUG] [PATHFINDER] Blocked at: BlockPos{x=-65, y=83, z=-117} | Feet: White Concrete | FloorSolid: true
[12:32:10.241] [DEBUG] [PATHFINDER] Blocked at: BlockPos{x=-65, y=85, z=-118} | Feet: Air | FloorSolid: false
[12:32:10.241] [DEBUG] [PATHFINDER] Blocked at: BlockPos{x=-65, y=85, z=-116} | Feet: Air | FloorSolid: false
[12:32:10.241] [DEBUG] [PATHFINDER] Blocked at: BlockPos{x=-64, y=85, z=-117} | Feet: Air | FloorSolid: false
[12:32:10.241] [DEBUG] [PATHFINDER] Blocked at: BlockPos{x=-66, y=85, z=-117} | Feet: Air | FloorSolid: false
[12:32:10.241] [DEBUG] [PATHFINDER] Blocked at: BlockPos{x=-65, y=83, z=-118} | Feet: White Concrete | FloorSolid: true
[12:32:10.242] [DEBUG] [PATHFINDER] Blocked at: BlockPos{x=-65, y=83, z=-116} | Feet: White Concrete | FloorSolid: true
[12:32:10.242] [DEBUG] [PATHFINDER] Blocked at: BlockPos{x=-64, y=83, z=-117} | Feet: White Concrete | FloorSolid: true
[12:32:10.242] [DEBUG] [PATHFINDER] Blocked at: BlockPos{x=-66, y=83, z=-117} | Feet: White Concrete | FloorSolid: true
[12:32:10.242] [DEBUG] [PATHFINDER] Blocked at: BlockPos{x=-65, y=85, z=-117} | Feet: Air | FloorSolid: false
[12:32:10.242] [DEBUG] [PATHFINDER] Blocked at: BlockPos{x=-65, y=85, z=-115} | Feet: Air | FloorSolid: false
[12:32:10.242] [DEBUG] [PATHFINDER] Blocked at: BlockPos{x=-64, y=85, z=-116} | Feet: Air | FloorSolid: false
[12:32:10.242] [DEBUG] [PATHFINDER] Blocked at: BlockPos{x=-66, y=85, z=-116} | Feet: Air | FloorSolid: false
[12:32:10.243] [DEBUG] [PATHFINDER] Blocked at: BlockPos{x=-65, y=83, z=-117} | Feet: White Concrete | FloorSolid: true
[12:32:10.243] [DEBUG] [PATHFINDER] Blocked at: BlockPos{x=-65, y=83, z=-115} | Feet: White Concrete | FloorSolid: true
[12:32:10.243] [DEBUG] [PATHFINDER] Blocked at: BlockPos{x=-64, y=83, z=-116} | Feet: White Concrete | FloorSolid: true
[12:32:10.243] [DEBUG] [PATHFINDER] Blocked at: BlockPos{x=-66, y=83, z=-116} | Feet: White Concrete | FloorSolid: true
[12:32:10.243] [DEBUG] [PATHFINDER] Blocked at: BlockPos{x=-66, y=85, z=-117} | Feet: Air | FloorSolid: false
[12:32:10.243] [DEBUG] [PATHFINDER] Blocked at: BlockPos{x=-66, y=85, z=-115} | Feet: Air | FloorSolid: false
[12:32:10.243] [DEBUG] [PATHFINDER] Blocked at: BlockPos{x=-65, y=85, z=-116} | Feet: Air | FloorSolid: false
[12:32:10.244] [DEBUG] [PATHFINDER] Blocked at: BlockPos{x=-67, y=85, z=-116} | Feet: Air | FloorSolid: false
[12:32:10.244] [DEBUG] [PATHFINDER] Blocked at: BlockPos{x=-66, y=83, z=-117} | Feet: White Concrete | FloorSolid: true
[12:32:10.244] [DEBUG] [PATHFINDER] Blocked at: BlockPos{x=-66, y=83, z=-115} | Feet: White Concrete | FloorSolid: true
[12:32:10.244] [DEBUG] [PATHFINDER] Blocked at: BlockPos{x=-65, y=83, z=-116} | Feet: White Concrete | FloorSolid: true
[12:32:10.244] [DEBUG] [PATHFINDER] Blocked at: BlockPos{x=-67, y=83, z=-116} | Feet: White Concrete | FloorSolid: true
[12:32:10.244] [DEBUG] [PATHFINDER] Blocked at: BlockPos{x=-66, y=85, z=-116} | Feet: Air | FloorSolid: false
[12:32:10.244] [DEBUG] [PATHFINDER] Blocked at: BlockPos{x=-66, y=85, z=-114} | Feet: Air | FloorSolid: false
[12:32:10.245] [DEBUG] [PATHFINDER] Blocked at: BlockPos{x=-65, y=85, z=-115} | Feet: Air | FloorSolid: false
[12:32:10.245] [DEBUG] [PATHFINDER] Blocked at: BlockPos{x=-67, y=85, z=-115} | Feet: Air | FloorSolid: false
[12:32:10.245] [DEBUG] [PATHFINDER] Blocked at: BlockPos{x=-66, y=83, z=-116} | Feet: White Concrete | FloorSolid: true
[12:32:10.245] [DEBUG] [PATHFINDER] Blocked at: BlockPos{x=-66, y=83, z=-114} | Feet: White Concrete | FloorSolid: true
[12:32:10.245] [DEBUG] [PATHFINDER] Blocked at: BlockPos{x=-65, y=83, z=-115} | Feet: White Concrete | FloorSolid: true
[12:32:10.245] [DEBUG] [PATHFINDER] Blocked at: BlockPos{x=-67, y=83, z=-115} | Feet: White Concrete | FloorSolid: true
[12:32:10.246] [DEBUG] [PATHFINDER] Blocked at: BlockPos{x=-67, y=85, z=-116} | Feet: Air | FloorSolid: false
[12:32:10.246] [DEBUG] [PATHFINDER] Blocked at: BlockPos{x=-67, y=85, z=-114} | Feet: Air | FloorSolid: false
[12:32:10.246] [DEBUG] [PATHFINDER] Blocked at: BlockPos{x=-66, y=85, z=-115} | Feet: Air | FloorSolid: false
[12:32:10.246] [DEBUG] [PATHFINDER] Blocked at: BlockPos{x=-68, y=85, z=-115} | Feet: Air | FloorSolid: false
[12:32:10.246] [DEBUG] [PATHFINDER] Blocked at: BlockPos{x=-67, y=83, z=-116} | Feet: White Concrete | FloorSolid: true
[12:32:10.246] [DEBUG] [PATHFINDER] Blocked at: BlockPos{x=-67, y=83, z=-114} | Feet: White Concrete | FloorSolid: true
[12:32:10.247] [DEBUG] [PATHFINDER] Blocked at: BlockPos{x=-66, y=83, z=-115} | Feet: White Concrete | FloorSolid: true
[12:32:10.247] [DEBUG] [PATHFINDER] Blocked at: BlockPos{x=-68, y=83, z=-115} | Feet: White Concrete | FloorSolid: true
[12:32:10.247] [DEBUG] [PATHFINDER] Blocked at: BlockPos{x=-67, y=85, z=-115} | Feet: Air | FloorSolid: false
[12:32:10.247] [DEBUG] [PATHFINDER] Blocked at: BlockPos{x=-67, y=85, z=-113} | Feet: Air | FloorSolid: false
[12:32:10.247] [DEBUG] [PATHFINDER] Blocked at: BlockPos{x=-66, y=85, z=-114} | Feet: Air | FloorSolid: false
[12:32:10.247] [DEBUG] [PATHFINDER] Blocked at: BlockPos{x=-68, y=85, z=-114} | Feet: Air | FloorSolid: false
[12:32:10.247] [DEBUG] [PATHFINDER] Blocked at: BlockPos{x=-67, y=83, z=-115} | Feet: White Concrete | FloorSolid: true
[12:32:10.248] [DEBUG] [PATHFINDER] Blocked at: BlockPos{x=-67, y=83, z=-113} | Feet: White Concrete | FloorSolid: true
[12:32:10.248] [DEBUG] [PATHFINDER] Blocked at: BlockPos{x=-66, y=83, z=-114} | Feet: White Concrete | FloorSolid: true
[12:32:10.248] [DEBUG] [PATHFINDER] Blocked at: BlockPos{x=-68, y=83, z=-114} | Feet: White Concrete | FloorSolid: true
[12:32:10.248] [DEBUG] [PATHFINDER] Blocked at: BlockPos{x=-68, y=85, z=-115} | Feet: Air | FloorSolid: false
[12:32:10.248] [DEBUG] [PATHFINDER] Blocked at: BlockPos{x=-68, y=85, z=-113} | Feet: Air | FloorSolid: false
[12:32:10.248] [DEBUG] [PATHFINDER] Blocked at: BlockPos{x=-67, y=85, z=-114} | Feet: Air | FloorSolid: false
[12:32:10.248] [DEBUG] [PATHFINDER] Blocked at: BlockPos{x=-69, y=85, z=-114} | Feet: Air | FloorSolid: false
[12:32:10.249] [DEBUG] [PATHFINDER] Blocked at: BlockPos{x=-68, y=83, z=-115} | Feet: White Concrete | FloorSolid: true
[12:32:10.249] [DEBUG] [PATHFINDER] Blocked at: BlockPos{x=-68, y=83, z=-113} | Feet: White Concrete | FloorSolid: true
[12:32:10.249] [DEBUG] [PATHFINDER] Blocked at: BlockPos{x=-67, y=83, z=-114} | Feet: White Concrete | FloorSolid: true
[12:32:10.249] [DEBUG] [PATHFINDER] Blocked at: BlockPos{x=-69, y=83, z=-114} | Feet: White Concrete | FloorSolid: true
[12:32:10.249] [DEBUG] [PATHFINDER] Blocked at: BlockPos{x=-68, y=85, z=-114} | Feet: Air | FloorSolid: false
[12:32:10.249] [DEBUG] [PATHFINDER] Blocked at: BlockPos{x=-68, y=85, z=-112} | Feet: Air | FloorSolid: false
[12:32:10.249] [DEBUG] [PATHFINDER] Blocked at: BlockPos{x=-67, y=85, z=-113} | Feet: Air | FloorSolid: false
[12:32:10.250] [DEBUG] [PATHFINDER] Blocked at: BlockPos{x=-69, y=85, z=-113} | Feet: Air | FloorSolid: false
[12:32:10.250] [DEBUG] [PATHFINDER] Blocked at: BlockPos{x=-68, y=83, z=-114} | Feet: White Concrete | FloorSolid: true
[12:32:10.250] [DEBUG] [PATHFINDER] Blocked at: BlockPos{x=-68, y=83, z=-112} | Feet: Black Concrete | FloorSolid: true
[12:32:10.250] [DEBUG] [PATHFINDER] Blocked at: BlockPos{x=-67, y=83, z=-113} | Feet: White Concrete | FloorSolid: true
[12:32:10.250] [DEBUG] [PATHFINDER] Blocked at: BlockPos{x=-69, y=83, z=-113} | Feet: White Concrete | FloorSolid: true
[12:32:10.251] [DEBUG] [PATHFINDER] Blocked at: BlockPos{x=-69, y=85, z=-114} | Feet: Air | FloorSolid: false
[12:32:10.251] [DEBUG] [PATHFINDER] Blocked at: BlockPos{x=-69, y=85, z=-112} | Feet: Air | FloorSolid: false
[12:32:10.251] [DEBUG] [PATHFINDER] Blocked at: BlockPos{x=-68, y=85, z=-113} | Feet: Air | FloorSolid: false
[12:32:10.251] [DEBUG] [PATHFINDER] Blocked at: BlockPos{x=-70, y=85, z=-113} | Feet: Air | FloorSolid: false
[12:32:10.251] [DEBUG] [PATHFINDER] Blocked at: BlockPos{x=-69, y=83, z=-114} | Feet: White Concrete | FloorSolid: true
[12:32:10.251] [DEBUG] [PATHFINDER] Blocked at: BlockPos{x=-69, y=83, z=-112} | Feet: Black Concrete | FloorSolid: true
[12:32:10.251] [DEBUG] [PATHFINDER] Blocked at: BlockPos{x=-68, y=83, z=-113} | Feet: White Concrete | FloorSolid: true
[12:32:10.252] [DEBUG] [PATHFINDER] Blocked at: BlockPos{x=-70, y=83, z=-113} | Feet: White Concrete | FloorSolid: true
[12:32:10.252] [DEBUG] [PATHFINDER] Blocked at: BlockPos{x=-69, y=85, z=-113} | Feet: Air | FloorSolid: false
[12:32:10.252] [DEBUG] [PATHFINDER] Blocked at: BlockPos{x=-69, y=85, z=-111} | Feet: Air | FloorSolid: false
[12:32:10.252] [DEBUG] [PATHFINDER] Blocked at: BlockPos{x=-68, y=85, z=-112} | Feet: Air | FloorSolid: false
[12:32:10.253] [DEBUG] [PATHFINDER] Blocked at: BlockPos{x=-70, y=85, z=-112} | Feet: Air | FloorSolid: false
[12:32:10.253] [DEBUG] [PATHFINDER] Blocked at: BlockPos{x=-69, y=83, z=-113} | Feet: White Concrete | FloorSolid: true
[12:32:10.253] [DEBUG] [PATHFINDER] Blocked at: BlockPos{x=-69, y=83, z=-111} | Feet: Gray Concrete | FloorSolid: true
[12:32:10.253] [DEBUG] [PATHFINDER] Blocked at: BlockPos{x=-68, y=83, z=-112} | Feet: Black Concrete | FloorSolid: true
[12:32:10.253] [DEBUG] [PATHFINDER] Blocked at: BlockPos{x=-70, y=83, z=-112} | Feet: Black Concrete | FloorSolid: true
[12:32:10.253] [DEBUG] [PATHFINDER] Blocked at: BlockPos{x=-70, y=85, z=-113} | Feet: Air | FloorSolid: false
[12:32:10.253] [DEBUG] [PATHFINDER] Blocked at: BlockPos{x=-70, y=85, z=-111} | Feet: Air | FloorSolid: false
[12:32:10.254] [DEBUG] [PATHFINDER] Blocked at: BlockPos{x=-69, y=85, z=-112} | Feet: Air | FloorSolid: false
[12:32:10.254] [DEBUG] [PATHFINDER] Blocked at: BlockPos{x=-71, y=85, z=-112} | Feet: Air | FloorSolid: false
[12:32:10.254] [DEBUG] [PATHFINDER] Blocked at: BlockPos{x=-70, y=83, z=-113} | Feet: White Concrete | FloorSolid: true
[12:32:10.254] [DEBUG] [PATHFINDER] Blocked at: BlockPos{x=-70, y=83, z=-111} | Feet: Gray Concrete | FloorSolid: true
[12:32:10.254] [DEBUG] [PATHFINDER] Blocked at: BlockPos{x=-69, y=83, z=-112} | Feet: Black Concrete | FloorSolid: true
[12:32:10.254] [DEBUG] [PATHFINDER] Blocked at: BlockPos{x=-71, y=83, z=-112} | Feet: Black Concrete | FloorSolid: true
[12:32:10.254] [DEBUG] [PATHFINDER] Blocked at: BlockPos{x=-70, y=85, z=-112} | Feet: Air | FloorSolid: false
[12:32:10.254] [DEBUG] [PATHFINDER] Blocked at: BlockPos{x=-70, y=85, z=-110} | Feet: Air | FloorSolid: false
[12:32:10.255] [DEBUG] [PATHFINDER] Blocked at: BlockPos{x=-69, y=85, z=-111} | Feet: Air | FloorSolid: false
[12:32:10.255] [DEBUG] [PATHFINDER] Blocked at: BlockPos{x=-71, y=85, z=-111} | Feet: Air | FloorSolid: false
[12:32:10.255] [DEBUG] [PATHFINDER] Blocked at: BlockPos{x=-70, y=83, z=-112} | Feet: Black Concrete | FloorSolid: true
[12:32:10.255] [DEBUG] [PATHFINDER] Blocked at: BlockPos{x=-70, y=83, z=-110} | Feet: Light Gray Concrete | FloorSolid: true
[12:32:10.255] [DEBUG] [PATHFINDER] Blocked at: BlockPos{x=-69, y=83, z=-111} | Feet: Gray Concrete | FloorSolid: true
[12:32:10.255] [DEBUG] [PATHFINDER] Blocked at: BlockPos{x=-71, y=83, z=-111} | Feet: Gray Concrete | FloorSolid: true
[12:32:10.255] [DEBUG] [PATHFINDER] Blocked at: BlockPos{x=-71, y=85, z=-112} | Feet: Air | FloorSolid: false
[12:32:10.255] [DEBUG] [PATHFINDER] Blocked at: BlockPos{x=-71, y=85, z=-110} | Feet: Air | FloorSolid: false
[12:32:10.256] [DEBUG] [PATHFINDER] Blocked at: BlockPos{x=-70, y=85, z=-111} | Feet: Air | FloorSolid: false
[12:32:10.256] [DEBUG] [PATHFINDER] Blocked at: BlockPos{x=-72, y=85, z=-111} | Feet: Air | FloorSolid: false
[12:32:10.256] [DEBUG] [PATHFINDER] Blocked at: BlockPos{x=-71, y=83, z=-112} | Feet: Black Concrete | FloorSolid: true
[12:32:10.256] [DEBUG] [PATHFINDER] Blocked at: BlockPos{x=-71, y=83, z=-110} | Feet: Light Gray Concrete | FloorSolid: true
[12:32:10.256] [DEBUG] [PATHFINDER] Blocked at: BlockPos{x=-70, y=83, z=-111} | Feet: Gray Concrete | FloorSolid: true
[12:32:10.256] [DEBUG] [PATHFINDER] Blocked at: BlockPos{x=-72, y=83, z=-111} | Feet: Gray Concrete | FloorSolid: true
[12:32:10.256] [DEBUG] [PATHFINDER] Blocked at: BlockPos{x=-71, y=85, z=-111} | Feet: Air | FloorSolid: false
[12:32:10.256] [DEBUG] [PATHFINDER] Blocked at: BlockPos{x=-71, y=85, z=-109} | Feet: Air | FloorSolid: false
[12:32:10.257] [DEBUG] [PATHFINDER] Blocked at: BlockPos{x=-70, y=85, z=-110} | Feet: Air | FloorSolid: false
[12:32:10.257] [DEBUG] [PATHFINDER] Blocked at: BlockPos{x=-72, y=85, z=-110} | Feet: Air | FloorSolid: false
[12:32:10.257] [DEBUG] [PATHFINDER] Blocked at: BlockPos{x=-71, y=83, z=-111} | Feet: Gray Concrete | FloorSolid: true
[12:32:10.257] [DEBUG] [PATHFINDER] Blocked at: BlockPos{x=-71, y=83, z=-109} | Feet: Black Concrete | FloorSolid: true
[12:32:10.257] [DEBUG] [PATHFINDER] Blocked at: BlockPos{x=-70, y=83, z=-110} | Feet: Light Gray Concrete | FloorSolid: true
[12:32:10.257] [DEBUG] [PATHFINDER] Blocked at: BlockPos{x=-72, y=83, z=-110} | Feet: Light Gray Concrete | FloorSolid: true
[12:32:10.257] [DEBUG] [PATHFINDER] Blocked at: BlockPos{x=-72, y=85, z=-111} | Feet: Air | FloorSolid: false
[12:32:10.257] [DEBUG] [PATHFINDER] Blocked at: BlockPos{x=-72, y=85, z=-109} | Feet: Air | FloorSolid: false
[12:32:10.257] [DEBUG] [PATHFINDER] Blocked at: BlockPos{x=-71, y=85, z=-110} | Feet: Air | FloorSolid: false
[12:32:10.258] [DEBUG] [PATHFINDER] Blocked at: BlockPos{x=-73, y=85, z=-110} | Feet: Air | FloorSolid: false
[12:32:10.258] [DEBUG] [PATHFINDER] Blocked at: BlockPos{x=-72, y=83, z=-111} | Feet: Gray Concrete | FloorSolid: true
[12:32:10.258] [DEBUG] [PATHFINDER] Blocked at: BlockPos{x=-72, y=83, z=-109} | Feet: Black Concrete | FloorSolid: true
[12:32:10.258] [DEBUG] [PATHFINDER] Blocked at: BlockPos{x=-71, y=83, z=-110} | Feet: Light Gray Concrete | FloorSolid: true
[12:32:10.258] [DEBUG] [PATHFINDER] Blocked at: BlockPos{x=-73, y=83, z=-110} | Feet: Light Gray Concrete | FloorSolid: true
[12:32:10.258] [DEBUG] [PATHFINDER] Blocked at: BlockPos{x=-72, y=85, z=-110} | Feet: Air | FloorSolid: false
[12:32:10.258] [DEBUG] [PATHFINDER] Blocked at: BlockPos{x=-72, y=85, z=-108} | Feet: Air | FloorSolid: false
[12:32:10.258] [DEBUG] [PATHFINDER] Blocked at: BlockPos{x=-71, y=85, z=-109} | Feet: Air | FloorSolid: false
[12:32:10.258] [DEBUG] [PATHFINDER] Blocked at: BlockPos{x=-73, y=85, z=-109} | Feet: Air | FloorSolid: false
[12:32:10.259] [DEBUG] [PATHFINDER] Blocked at: BlockPos{x=-72, y=83, z=-110} | Feet: Light Gray Concrete | FloorSolid: true
[12:32:10.259] [DEBUG] [PATHFINDER] Blocked at: BlockPos{x=-72, y=83, z=-108} | Feet: Black Concrete | FloorSolid: true
[12:32:10.259] [DEBUG] [PATHFINDER] Blocked at: BlockPos{x=-71, y=83, z=-109} | Feet: Black Concrete | FloorSolid: true
[12:32:10.259] [DEBUG] [PATHFINDER] Blocked at: BlockPos{x=-73, y=83, z=-109} | Feet: Black Concrete | FloorSolid: true
[12:32:10.259] [DEBUG] [PATHFINDER] Blocked at: BlockPos{x=-73, y=85, z=-110} | Feet: Air | FloorSolid: false
[12:32:10.259] [DEBUG] [PATHFINDER] Blocked at: BlockPos{x=-73, y=85, z=-108} | Feet: Air | FloorSolid: false
[12:32:10.259] [DEBUG] [PATHFINDER] Blocked at: BlockPos{x=-72, y=85, z=-109} | Feet: Air | FloorSolid: false
[12:32:10.259] [DEBUG] [PATHFINDER] Blocked at: BlockPos{x=-74, y=85, z=-109} | Feet: Air | FloorSolid: false
[12:32:10.260] [DEBUG] [PATHFINDER] Blocked at: BlockPos{x=-73, y=83, z=-110} | Feet: Light Gray Concrete | FloorSolid: true
[12:32:10.260] [DEBUG] [PATHFINDER] Blocked at: BlockPos{x=-73, y=83, z=-108} | Feet: Black Concrete | FloorSolid: true
[12:32:10.260] [DEBUG] [PATHFINDER] Blocked at: BlockPos{x=-72, y=83, z=-109} | Feet: Black Concrete | FloorSolid: true
[12:32:10.260] [DEBUG] [PATHFINDER] Blocked at: BlockPos{x=-74, y=83, z=-109} | Feet: Black Concrete | FloorSolid: true
[12:32:10.260] [DEBUG] [PATHFINDER] Blocked at: BlockPos{x=-73, y=85, z=-109} | Feet: Air | FloorSolid: false
[12:32:10.260] [DEBUG] [PATHFINDER] Blocked at: BlockPos{x=-73, y=85, z=-107} | Feet: Air | FloorSolid: false
[12:32:10.260] [DEBUG] [PATHFINDER] Blocked at: BlockPos{x=-72, y=85, z=-108} | Feet: Air | FloorSolid: false
[12:32:10.260] [DEBUG] [PATHFINDER] Blocked at: BlockPos{x=-74, y=85, z=-108} | Feet: Air | FloorSolid: false
[12:32:10.261] [DEBUG] [PATHFINDER] Blocked at: BlockPos{x=-73, y=83, z=-109} | Feet: Black Concrete | FloorSolid: true
[12:32:10.261] [DEBUG] [PATHFINDER] Blocked at: BlockPos{x=-73, y=83, z=-107} | Feet: Light Gray Concrete | FloorSolid: true
[12:32:10.261] [DEBUG] [PATHFINDER] Blocked at: BlockPos{x=-72, y=83, z=-108} | Feet: Black Concrete | FloorSolid: true
[12:32:10.261] [DEBUG] [PATHFINDER] Blocked at: BlockPos{x=-74, y=83, z=-108} | Feet: Black Concrete | FloorSolid: true
[12:32:10.261] [DEBUG] [PATHFINDER] Blocked at: BlockPos{x=-74, y=85, z=-109} | Feet: Air | FloorSolid: false
[12:32:10.261] [DEBUG] [PATHFINDER] Blocked at: BlockPos{x=-74, y=85, z=-107} | Feet: Air | FloorSolid: false
[12:32:10.261] [DEBUG] [PATHFINDER] Blocked at: BlockPos{x=-73, y=85, z=-108} | Feet: Air | FloorSolid: false
[12:32:10.261] [DEBUG] [PATHFINDER] Blocked at: BlockPos{x=-75, y=85, z=-108} | Feet: Air | FloorSolid: false
[12:32:10.261] [DEBUG] [PATHFINDER] Blocked at: BlockPos{x=-74, y=83, z=-109} | Feet: Black Concrete | FloorSolid: true
[12:32:10.262] [DEBUG] [PATHFINDER] Blocked at: BlockPos{x=-74, y=83, z=-107} | Feet: Light Gray Concrete | FloorSolid: true
[12:32:10.262] [DEBUG] [PATHFINDER] Blocked at: BlockPos{x=-73, y=83, z=-108} | Feet: Black Concrete | FloorSolid: true
[12:32:10.262] [DEBUG] [PATHFINDER] Blocked at: BlockPos{x=-75, y=83, z=-108} | Feet: Black Concrete | FloorSolid: true
[12:32:10.262] [DEBUG] [PATHFINDER] Blocked at: BlockPos{x=-74, y=85, z=-108} | Feet: Air | FloorSolid: false
[12:32:10.262] [DEBUG] [PATHFINDER] Blocked at: BlockPos{x=-74, y=85, z=-106} | Feet: Air | FloorSolid: false
[12:32:10.262] [DEBUG] [PATHFINDER] Blocked at: BlockPos{x=-73, y=85, z=-107} | Feet: Air | FloorSolid: false
[12:32:10.262] [DEBUG] [PATHFINDER] Blocked at: BlockPos{x=-75, y=85, z=-107} | Feet: Air | FloorSolid: false
[12:32:10.262] [DEBUG] [PATHFINDER] Blocked at: BlockPos{x=-74, y=83, z=-108} | Feet: Black Concrete | FloorSolid: true
[12:32:10.263] [DEBUG] [PATHFINDER] Blocked at: BlockPos{x=-74, y=83, z=-106} | Feet: Gray Concrete | FloorSolid: true
[12:32:10.263] [DEBUG] [PATHFINDER] Blocked at: BlockPos{x=-73, y=83, z=-107} | Feet: Light Gray Concrete | FloorSolid: true
[12:32:10.263] [DEBUG] [PATHFINDER] Blocked at: BlockPos{x=-75, y=83, z=-107} | Feet: Light Gray Concrete | FloorSolid: true
[12:32:10.263] [DEBUG] [PATHFINDER] Blocked at: BlockPos{x=-75, y=85, z=-108} | Feet: Air | FloorSolid: false
[12:32:10.263] [DEBUG] [PATHFINDER] Blocked at: BlockPos{x=-75, y=85, z=-106} | Feet: Air | FloorSolid: false
[12:32:10.263] [DEBUG] [PATHFINDER] Blocked at: BlockPos{x=-74, y=85, z=-107} | Feet: Air | FloorSolid: false
[12:32:10.263] [DEBUG] [PATHFINDER] Blocked at: BlockPos{x=-76, y=85, z=-107} | Feet: Air | FloorSolid: false
[12:32:10.263] [DEBUG] [PATHFINDER] Blocked at: BlockPos{x=-75, y=83, z=-108} | Feet: Black Concrete | FloorSolid: true
[12:32:10.263] [DEBUG] [PATHFINDER] Blocked at: BlockPos{x=-75, y=83, z=-106} | Feet: Gray Concrete | FloorSolid: true
[12:32:10.264] [DEBUG] [PATHFINDER] Blocked at: BlockPos{x=-74, y=83, z=-107} | Feet: Light Gray Concrete | FloorSolid: true
[12:32:10.264] [DEBUG] [PATHFINDER] Blocked at: BlockPos{x=-76, y=83, z=-107} | Feet: Light Gray Concrete | FloorSolid: true
[12:32:10.264] [DEBUG] [PATHFINDER] Blocked at: BlockPos{x=-75, y=85, z=-107} | Feet: Air | FloorSolid: false
[12:32:10.264] [DEBUG] [PATHFINDER] Blocked at: BlockPos{x=-75, y=85, z=-105} | Feet: Air | FloorSolid: false
[12:32:10.264] [DEBUG] [PATHFINDER] Blocked at: BlockPos{x=-74, y=85, z=-106} | Feet: Air | FloorSolid: false
[12:32:10.264] [DEBUG] [PATHFINDER] Blocked at: BlockPos{x=-76, y=85, z=-106} | Feet: Air | FloorSolid: false
[12:32:10.264] [DEBUG] [PATHFINDER] Blocked at: BlockPos{x=-75, y=83, z=-107} | Feet: Light Gray Concrete | FloorSolid: true
[12:32:10.264] [DEBUG] [PATHFINDER] Blocked at: BlockPos{x=-75, y=83, z=-105} | Feet: Black Concrete | FloorSolid: true
[12:32:10.264] [DEBUG] [PATHFINDER] Blocked at: BlockPos{x=-74, y=83, z=-106} | Feet: Gray Concrete | FloorSolid: true
[12:32:10.265] [DEBUG] [PATHFINDER] Blocked at: BlockPos{x=-76, y=83, z=-106} | Feet: Gray Concrete | FloorSolid: true
[12:32:10.265] [DEBUG] [PATHFINDER] Blocked at: BlockPos{x=-76, y=85, z=-107} | Feet: Air | FloorSolid: false
[12:32:10.265] [DEBUG] [PATHFINDER] Blocked at: BlockPos{x=-76, y=85, z=-105} | Feet: Air | FloorSolid: false
[12:32:10.265] [DEBUG] [PATHFINDER] Blocked at: BlockPos{x=-75, y=85, z=-106} | Feet: Air | FloorSolid: false
[12:32:10.265] [DEBUG] [PATHFINDER] Blocked at: BlockPos{x=-77, y=85, z=-106} | Feet: Air | FloorSolid: false
[12:32:10.265] [DEBUG] [PATHFINDER] Blocked at: BlockPos{x=-76, y=83, z=-107} | Feet: Light Gray Concrete | FloorSolid: true
[12:32:10.265] [DEBUG] [PATHFINDER] Blocked at: BlockPos{x=-76, y=83, z=-105} | Feet: Black Concrete | FloorSolid: true
[12:32:10.265] [DEBUG] [PATHFINDER] Blocked at: BlockPos{x=-75, y=83, z=-106} | Feet: Gray Concrete | FloorSolid: true
[12:32:10.266] [DEBUG] [PATHFINDER] Blocked at: BlockPos{x=-77, y=83, z=-106} | Feet: Gray Concrete | FloorSolid: true
[12:32:10.266] [DEBUG] [PATHFINDER] Blocked at: BlockPos{x=-76, y=85, z=-106} | Feet: Air | FloorSolid: false
[12:32:10.266] [DEBUG] [PATHFINDER] Blocked at: BlockPos{x=-76, y=85, z=-104} | Feet: Air | FloorSolid: false
[12:32:10.266] [DEBUG] [PATHFINDER] Blocked at: BlockPos{x=-75, y=85, z=-105} | Feet: Air | FloorSolid: false
[12:32:10.266] [DEBUG] [PATHFINDER] Blocked at: BlockPos{x=-77, y=85, z=-105} | Feet: Air | FloorSolid: false
[12:32:10.266] [DEBUG] [PATHFINDER] Blocked at: BlockPos{x=-76, y=83, z=-106} | Feet: Gray Concrete | FloorSolid: true
[12:32:10.266] [DEBUG] [PATHFINDER] Blocked at: BlockPos{x=-76, y=83, z=-104} | Feet: White Concrete | FloorSolid: true
[12:32:10.266] [DEBUG] [PATHFINDER] Blocked at: BlockPos{x=-75, y=83, z=-105} | Feet: Black Concrete | FloorSolid: true
[12:32:10.266] [DEBUG] [PATHFINDER] Blocked at: BlockPos{x=-77, y=83, z=-105} | Feet: Black Concrete | FloorSolid: true
[12:32:10.267] [DEBUG] [PATHFINDER] Blocked at: BlockPos{x=-77, y=85, z=-106} | Feet: Air | FloorSolid: false
[12:32:10.267] [DEBUG] [PATHFINDER] Blocked at: BlockPos{x=-77, y=85, z=-104} | Feet: Air | FloorSolid: false
[12:32:10.267] [DEBUG] [PATHFINDER] Blocked at: BlockPos{x=-76, y=85, z=-105} | Feet: Air | FloorSolid: false
[12:32:10.267] [DEBUG] [PATHFINDER] Blocked at: BlockPos{x=-78, y=85, z=-105} | Feet: Air | FloorSolid: false
[12:32:10.267] [DEBUG] [PATHFINDER] Blocked at: BlockPos{x=-77, y=83, z=-106} | Feet: Gray Concrete | FloorSolid: true
[12:32:10.267] [DEBUG] [PATHFINDER] Blocked at: BlockPos{x=-77, y=83, z=-104} | Feet: White Concrete | FloorSolid: true
[12:32:10.267] [DEBUG] [PATHFINDER] Blocked at: BlockPos{x=-76, y=83, z=-105} | Feet: Black Concrete | FloorSolid: true
[12:32:10.268] [DEBUG] [PATHFINDER] Blocked at: BlockPos{x=-78, y=83, z=-105} | Feet: Black Concrete | FloorSolid: true
[12:32:10.268] [DEBUG] [PATHFINDER] Blocked at: BlockPos{x=-77, y=85, z=-105} | Feet: Air | FloorSolid: false
[12:32:10.268] [DEBUG] [PATHFINDER] Blocked at: BlockPos{x=-77, y=85, z=-103} | Feet: Air | FloorSolid: false
[12:32:10.268] [DEBUG] [PATHFINDER] Blocked at: BlockPos{x=-76, y=85, z=-104} | Feet: Air | FloorSolid: false
[12:32:10.268] [DEBUG] [PATHFINDER] Blocked at: BlockPos{x=-78, y=85, z=-104} | Feet: Air | FloorSolid: false
[12:32:10.268] [DEBUG] [PATHFINDER] Blocked at: BlockPos{x=-77, y=83, z=-105} | Feet: Black Concrete | FloorSolid: true
[12:32:10.268] [DEBUG] [PATHFINDER] Blocked at: BlockPos{x=-77, y=83, z=-103} | Feet: Black Concrete | FloorSolid: true
[12:32:10.268] [DEBUG] [PATHFINDER] Blocked at: BlockPos{x=-76, y=83, z=-104} | Feet: White Concrete | FloorSolid: true
[12:32:10.269] [DEBUG] [PATHFINDER] Blocked at: BlockPos{x=-78, y=83, z=-104} | Feet: White Concrete | FloorSolid: true
[12:32:11.352] [INFO] [SYSTEM] Debug enabled
[12:32:12.330] [INFO] [DEBUG] 
===== MOBILEMINER DIAGNOSTIC =====
BOT
- State: MOVING_TO_TARGET (Moving to BlockPos{x=-79, y=84, z=-103})
- Active Task: ShadowBotTask
TASK
- Pool Size: 2
- Last Completed: DiagnosticTestTask
- Last Failed: None
PLAYER
- Pos: (-48.69999998807907, 84.0, -116.50038034972515)
PERCEPTION
- Target: null
- Failures: 0
ENGINE
- Last Tick: 28µs
RECENT STATE TRANSITIONS
...->AIMING (Reached destination)
...->MOVING_TO_TARGET (Moving to BlockPos{x=-75, y=84, z=-97})
...->AIMING (Reached destination)
...->MOVING_TO_TARGET (Moving to BlockPos{x=-75, y=84, z=-99})
...->AIMING (Reached destination)
...->MOVING_TO_TARGET (Moving to BlockPos{x=-75, y=84, z=-102})
...->AIMING (Aiming at (-74.5, 84.5, -101.5))
...->MOVING_TO_TARGET (Moving to BlockPos{x=-77, y=84, z=-102})
...->AIMING (Reached destination)
...->MOVING_TO_TARGET (Moving to BlockPos{x=-79, y=84, z=-103})
============================
[12:32:13.322] [INFO] [DEBUG] 
===== MOBILEMINER DIAGNOSTIC =====
BOT
- State: MOVING_TO_TARGET (Moving to BlockPos{x=-79, y=84, z=-103})
- Active Task: ShadowBotTask
TASK
- Pool Size: 2
- Last Completed: DiagnosticTestTask
- Last Failed: None
PLAYER
- Pos: (-48.69999998807907, 84.0, -116.49600519075686)
PERCEPTION
- Target: null
- Failures: 0
ENGINE
- Last Tick: 26µs
RECENT STATE TRANSITIONS
...->AIMING (Reached destination)
...->MOVING_TO_TARGET (Moving to BlockPos{x=-75, y=84, z=-97})
...->AIMING (Reached destination)
...->MOVING_TO_TARGET (Moving to BlockPos{x=-75, y=84, z=-99})
...->AIMING (Reached destination)
...->MOVING_TO_TARGET (Moving to BlockPos{x=-75, y=84, z=-102})
...->AIMING (Aiming at (-74.5, 84.5, -101.5))
...->MOVING_TO_TARGET (Moving to BlockPos{x=-77, y=84, z=-102})
...->AIMING (Reached destination)
...->MOVING_TO_TARGET (Moving to BlockPos{x=-79, y=84, z=-103})
============================
[12:32:14.318] [INFO] [DEBUG] 
===== MOBILEMINER DIAGNOSTIC =====
BOT
- State: MOVING_TO_TARGET (Moving to BlockPos{x=-79, y=84, z=-103})
- Active Task: ShadowBotTask
TASK
- Pool Size: 2
- Last Completed: DiagnosticTestTask
- Last Failed: None
PLAYER
- Pos: (-48.69999998807907, 84.0, -116.77015363961152)
PERCEPTION
- Target: null
- Failures: 0
ENGINE
- Last Tick: 22µs
RECENT STATE TRANSITIONS
...->AIMING (Reached destination)
...->MOVING_TO_TARGET (Moving to BlockPos{x=-75, y=84, z=-97})
...->AIMING (Reached destination)
...->MOVING_TO_TARGET (Moving to BlockPos{x=-75, y=84, z=-99})
...->AIMING (Reached destination)
...->MOVING_TO_TARGET (Moving to BlockPos{x=-75, y=84, z=-102})
...->AIMING (Aiming at (-74.5, 84.5, -101.5))
...->MOVING_TO_TARGET (Moving to BlockPos{x=-77, y=84, z=-102})
...->AIMING (Reached destination)
...->MOVING_TO_TARGET (Moving to BlockPos{x=-79, y=84, z=-103})
============================
[12:32:15.322] [INFO] [DEBUG] 
===== MOBILEMINER DIAGNOSTIC =====
BOT
- State: MOVING_TO_TARGET (Moving to BlockPos{x=-79, y=84, z=-103})
- Active Task: ShadowBotTask
TASK
- Pool Size: 2
- Last Completed: DiagnosticTestTask
- Last Failed: None
PLAYER
- Pos: (-48.71959950787127, 85.00133597911214, -116.49362206456249)
PERCEPTION
- Target: null
- Failures: 0
ENGINE
- Last Tick: 24µs
RECENT STATE TRANSITIONS
...->AIMING (Reached destination)
...->MOVING_TO_TARGET (Moving to BlockPos{x=-75, y=84, z=-97})
...->AIMING (Reached destination)
...->MOVING_TO_TARGET (Moving to BlockPos{x=-75, y=84, z=-99})
...->AIMING (Reached destination)
...->MOVING_TO_TARGET (Moving to BlockPos{x=-75, y=84, z=-102})
...->AIMING (Aiming at (-74.5, 84.5, -101.5))
...->MOVING_TO_TARGET (Moving to BlockPos{x=-77, y=84, z=-102})
...->AIMING (Reached destination)
...->MOVING_TO_TARGET (Moving to BlockPos{x=-79, y=84, z=-103})
============================
[12:32:16.323] [INFO] [DEBUG] 
===== MOBILEMINER DIAGNOSTIC =====
BOT
- State: MOVING_TO_TARGET (Moving to BlockPos{x=-79, y=84, z=-103})
- Active Task: ShadowBotTask
TASK
- Pool Size: 2
- Last Completed: DiagnosticTestTask
- Last Failed: None
PLAYER
- Pos: (-51.79624074592172, 84.76636799395752, -115.61564673773724)
PERCEPTION
- Target: null
- Failures: 0
ENGINE
- Last Tick: 29µs
RECENT STATE TRANSITIONS
...->AIMING (Reached destination)
...->MOVING_TO_TARGET (Moving to BlockPos{x=-75, y=84, z=-97})
...->AIMING (Reached destination)
...->MOVING_TO_TARGET (Moving to BlockPos{x=-75, y=84, z=-99})
...->AIMING (Reached destination)
...->MOVING_TO_TARGET (Moving to BlockPos{x=-75, y=84, z=-102})
...->AIMING (Aiming at (-74.5, 84.5, -101.5))
...->MOVING_TO_TARGET (Moving to BlockPos{x=-77, y=84, z=-102})
...->AIMING (Reached destination)
...->MOVING_TO_TARGET (Moving to BlockPos{x=-79, y=84, z=-103})
============================
[12:32:17.320] [INFO] [DEBUG] 
===== MOBILEMINER DIAGNOSTIC =====
BOT
- State: MOVING_TO_TARGET (Moving to BlockPos{x=-79, y=84, z=-103})
- Active Task: ShadowBotTask
TASK
- Pool Size: 2
- Last Completed: DiagnosticTestTask
- Last Failed: None
PLAYER
- Pos: (-55.575797592082225, 84.0, -113.83569100651879)
PERCEPTION
- Target: null
- Failures: 0
ENGINE
- Last Tick: 41µs
RECENT STATE TRANSITIONS
...->AIMING (Reached destination)
...->MOVING_TO_TARGET (Moving to BlockPos{x=-75, y=84, z=-97})
...->AIMING (Reached destination)
...->MOVING_TO_TARGET (Moving to BlockPos{x=-75, y=84, z=-99})
...->AIMING (Reached destination)
...->MOVING_TO_TARGET (Moving to BlockPos{x=-75, y=84, z=-102})
...->AIMING (Aiming at (-74.5, 84.5, -101.5))
...->MOVING_TO_TARGET (Moving to BlockPos{x=-77, y=84, z=-102})
...->AIMING (Reached destination)
...->MOVING_TO_TARGET (Moving to BlockPos{x=-79, y=84, z=-103})
============================
[12:32:18.318] [INFO] [DEBUG] 
===== MOBILEMINER DIAGNOSTIC =====
BOT
- State: MOVING_TO_TARGET (Moving to BlockPos{x=-79, y=84, z=-103})
- Active Task: ShadowBotTask
TASK
- Pool Size: 2
- Last Completed: DiagnosticTestTask
- Last Failed: None
PLAYER
- Pos: (-59.48125954179127, 84.0, -111.9957414348344)
PERCEPTION
- Target: null
- Failures: 0
ENGINE
- Last Tick: 22µs
RECENT STATE TRANSITIONS
...->AIMING (Reached destination)
...->MOVING_TO_TARGET (Moving to BlockPos{x=-75, y=84, z=-97})
...->AIMING (Reached destination)
...->MOVING_TO_TARGET (Moving to BlockPos{x=-75, y=84, z=-99})
...->AIMING (Reached destination)
...->MOVING_TO_TARGET (Moving to BlockPos{x=-75, y=84, z=-102})
...->AIMING (Aiming at (-74.5, 84.5, -101.5))
...->MOVING_TO_TARGET (Moving to BlockPos{x=-77, y=84, z=-102})
...->AIMING (Reached destination)
...->MOVING_TO_TARGET (Moving to BlockPos{x=-79, y=84, z=-103})
============================
[12:32:19.322] [INFO] [DEBUG] 
===== MOBILEMINER DIAGNOSTIC =====
BOT
- State: MOVING_TO_TARGET (Moving to BlockPos{x=-79, y=84, z=-103})
- Active Task: ShadowBotTask
TASK
- Pool Size: 2
- Last Completed: DiagnosticTestTask
- Last Failed: None
PLAYER
- Pos: (-63.38710664750241, 84.0, -110.15661096552401)
PERCEPTION
- Target: null
- Failures: 0
ENGINE
- Last Tick: 24µs
RECENT STATE TRANSITIONS
...->AIMING (Reached destination)
...->MOVING_TO_TARGET (Moving to BlockPos{x=-75, y=84, z=-97})
...->AIMING (Reached destination)
...->MOVING_TO_TARGET (Moving to BlockPos{x=-75, y=84, z=-99})
...->AIMING (Reached destination)
...->MOVING_TO_TARGET (Moving to BlockPos{x=-75, y=84, z=-102})
...->AIMING (Aiming at (-74.5, 84.5, -101.5))
...->MOVING_TO_TARGET (Moving to BlockPos{x=-77, y=84, z=-102})
...->AIMING (Reached destination)
...->MOVING_TO_TARGET (Moving to BlockPos{x=-79, y=84, z=-103})
============================
[12:32:20.318] [INFO] [DEBUG] 
===== MOBILEMINER DIAGNOSTIC =====
BOT
- State: MOVING_TO_TARGET (Moving to BlockPos{x=-79, y=84, z=-103})
- Active Task: ShadowBotTask
TASK
- Pool Size: 2
- Last Completed: DiagnosticTestTask
- Last Failed: None
PLAYER
- Pos: (-67.24684911992102, 84.0, -108.24004769404327)
PERCEPTION
- Target: null
- Failures: 0
ENGINE
- Last Tick: 35µs
RECENT STATE TRANSITIONS
...->AIMING (Reached destination)
...->MOVING_TO_TARGET (Moving to BlockPos{x=-75, y=84, z=-97})
...->AIMING (Reached destination)
...->MOVING_TO_TARGET (Moving to BlockPos{x=-75, y=84, z=-99})
...->AIMING (Reached destination)
...->MOVING_TO_TARGET (Moving to BlockPos{x=-75, y=84, z=-102})
...->AIMING (Aiming at (-74.5, 84.5, -101.5))
...->MOVING_TO_TARGET (Moving to BlockPos{x=-77, y=84, z=-102})
...->AIMING (Reached destination)
...->MOVING_TO_TARGET (Moving to BlockPos{x=-79, y=84, z=-103})
============================
[12:32:21.324] [INFO] [DEBUG] 
===== MOBILEMINER DIAGNOSTIC =====
BOT
- State: MOVING_TO_TARGET (Moving to BlockPos{x=-79, y=84, z=-103})
- Active Task: ShadowBotTask
TASK
- Pool Size: 2
- Last Completed: DiagnosticTestTask
- Last Failed: None
PLAYER
- Pos: (-71.16519943000968, 84.0, -106.42771459907416)
PERCEPTION
- Target: null
- Failures: 0
ENGINE
- Last Tick: 40µs
RECENT STATE TRANSITIONS
...->AIMING (Reached destination)
...->MOVING_TO_TARGET (Moving to BlockPos{x=-75, y=84, z=-97})
...->AIMING (Reached destination)
...->MOVING_TO_TARGET (Moving to BlockPos{x=-75, y=84, z=-99})
...->AIMING (Reached destination)
...->MOVING_TO_TARGET (Moving to BlockPos{x=-75, y=84, z=-102})
...->AIMING (Aiming at (-74.5, 84.5, -101.5))
...->MOVING_TO_TARGET (Moving to BlockPos{x=-77, y=84, z=-102})
...->AIMING (Reached destination)
...->MOVING_TO_TARGET (Moving to BlockPos{x=-79, y=84, z=-103})
============================
[12:32:22.325] [INFO] [DEBUG] 
===== MOBILEMINER DIAGNOSTIC =====
BOT
- State: MOVING_TO_TARGET (Moving to BlockPos{x=-79, y=84, z=-103})
- Active Task: ShadowBotTask
TASK
- Pool Size: 2
- Last Completed: DiagnosticTestTask
- Last Failed: None
PLAYER
- Pos: (-75.08392837688356, 84.0, -104.61619634864509)
PERCEPTION
- Target: null
- Failures: 0
ENGINE
- Last Tick: 28µs
RECENT STATE TRANSITIONS
...->AIMING (Reached destination)
...->MOVING_TO_TARGET (Moving to BlockPos{x=-75, y=84, z=-97})
...->AIMING (Reached destination)
...->MOVING_TO_TARGET (Moving to BlockPos{x=-75, y=84, z=-99})
...->AIMING (Reached destination)
...->MOVING_TO_TARGET (Moving to BlockPos{x=-75, y=84, z=-102})
...->AIMING (Aiming at (-74.5, 84.5, -101.5))
...->MOVING_TO_TARGET (Moving to BlockPos{x=-77, y=84, z=-102})
...->AIMING (Reached destination)
...->MOVING_TO_TARGET (Moving to BlockPos{x=-79, y=84, z=-103})
============================
[12:32:22.967] [DEBUG] [PATHFINDER] Blocked at: BlockPos{x=-78, y=85, z=-105} | Feet: Air | FloorSolid: false
[12:32:22.968] [DEBUG] [PATHFINDER] Blocked at: BlockPos{x=-78, y=85, z=-103} | Feet: Air | FloorSolid: false
[12:32:22.968] [DEBUG] [PATHFINDER] Blocked at: BlockPos{x=-77, y=85, z=-104} | Feet: Air | FloorSolid: false
[12:32:22.968] [DEBUG] [PATHFINDER] Blocked at: BlockPos{x=-79, y=85, z=-104} | Feet: Air | FloorSolid: false
[12:32:22.968] [DEBUG] [PATHFINDER] Blocked at: BlockPos{x=-78, y=83, z=-105} | Feet: Black Concrete | FloorSolid: true
[12:32:22.969] [DEBUG] [PATHFINDER] Blocked at: BlockPos{x=-78, y=83, z=-103} | Feet: Black Concrete | FloorSolid: true
[12:32:22.969] [DEBUG] [PATHFINDER] Blocked at: BlockPos{x=-77, y=83, z=-104} | Feet: White Concrete | FloorSolid: true
[12:32:22.969] [DEBUG] [PATHFINDER] Blocked at: BlockPos{x=-79, y=83, z=-104} | Feet: White Concrete | FloorSolid: true
[12:32:22.969] [DEBUG] [PATHFINDER] Blocked at: BlockPos{x=-77, y=85, z=-105} | Feet: Air | FloorSolid: false
[12:32:22.970] [DEBUG] [PATHFINDER] Blocked at: BlockPos{x=-77, y=85, z=-103} | Feet: Air | FloorSolid: false
[12:32:22.970] [DEBUG] [PATHFINDER] Blocked at: BlockPos{x=-76, y=85, z=-104} | Feet: Air | FloorSolid: false
[12:32:22.970] [DEBUG] [PATHFINDER] Blocked at: BlockPos{x=-78, y=85, z=-104} | Feet: Air | FloorSolid: false
[12:32:22.970] [DEBUG] [PATHFINDER] Blocked at: BlockPos{x=-77, y=83, z=-105} | Feet: Black Concrete | FloorSolid: true
[12:32:22.970] [DEBUG] [PATHFINDER] Blocked at: BlockPos{x=-77, y=83, z=-103} | Feet: Black Concrete | FloorSolid: true
[12:32:22.971] [DEBUG] [PATHFINDER] Blocked at: BlockPos{x=-76, y=83, z=-104} | Feet: White Concrete | FloorSolid: true
[12:32:22.971] [DEBUG] [PATHFINDER] Blocked at: BlockPos{x=-78, y=83, z=-104} | Feet: White Concrete | FloorSolid: true
[12:32:22.971] [DEBUG] [PATHFINDER] Blocked at: BlockPos{x=-76, y=85, z=-105} | Feet: Air | FloorSolid: false
[12:32:22.971] [DEBUG] [PATHFINDER] Blocked at: BlockPos{x=-76, y=85, z=-103} | Feet: Air | FloorSolid: false
[12:32:22.972] [DEBUG] [PATHFINDER] Blocked at: BlockPos{x=-75, y=85, z=-104} | Feet: Air | FloorSolid: false
[12:32:22.972] [DEBUG] [PATHFINDER] Blocked at: BlockPos{x=-77, y=85, z=-104} | Feet: Air | FloorSolid: false
[12:32:22.972] [DEBUG] [PATHFINDER] Blocked at: BlockPos{x=-76, y=83, z=-105} | Feet: Black Concrete | FloorSolid: true
[12:32:22.972] [DEBUG] [PATHFINDER] Blocked at: BlockPos{x=-76, y=83, z=-103} | Feet: Black Concrete | FloorSolid: true
[12:32:22.973] [DEBUG] [PATHFINDER] Blocked at: BlockPos{x=-75, y=83, z=-104} | Feet: White Concrete | FloorSolid: true
[12:32:22.973] [DEBUG] [PATHFINDER] Blocked at: BlockPos{x=-77, y=83, z=-104} | Feet: White Concrete | FloorSolid: true
[12:32:22.973] [DEBUG] [PATHFINDER] Blocked at: BlockPos{x=-75, y=85, z=-105} | Feet: Air | FloorSolid: false
[12:32:22.974] [DEBUG] [PATHFINDER] Blocked at: BlockPos{x=-75, y=85, z=-103} | Feet: Air | FloorSolid: false
[12:32:22.974] [DEBUG] [PATHFINDER] Blocked at: BlockPos{x=-74, y=85, z=-104} | Feet: Air | FloorSolid: false
[12:32:22.974] [DEBUG] [PATHFINDER] Blocked at: BlockPos{x=-76, y=85, z=-104} | Feet: Air | FloorSolid: false
[12:32:22.974] [DEBUG] [PATHFINDER] Blocked at: BlockPos{x=-75, y=83, z=-105} | Feet: Black Concrete | FloorSolid: true
[12:32:22.974] [DEBUG] [PATHFINDER] Blocked at: BlockPos{x=-75, y=83, z=-103} | Feet: Black Concrete | FloorSolid: true
[12:32:22.975] [DEBUG] [PATHFINDER] Blocked at: BlockPos{x=-74, y=83, z=-104} | Feet: White Concrete | FloorSolid: true
[12:32:22.975] [DEBUG] [PATHFINDER] Blocked at: BlockPos{x=-76, y=83, z=-104} | Feet: White Concrete | FloorSolid: true
[12:32:22.975] [DEBUG] [PATHFINDER] Blocked at: BlockPos{x=-74, y=85, z=-105} | Feet: Air | FloorSolid: false
[12:32:22.975] [DEBUG] [PATHFINDER] Blocked at: BlockPos{x=-74, y=85, z=-103} | Feet: Air | FloorSolid: false
[12:32:22.976] [DEBUG] [PATHFINDER] Blocked at: BlockPos{x=-73, y=85, z=-104} | Feet: Air | FloorSolid: false
[12:32:22.976] [DEBUG] [PATHFINDER] Blocked at: BlockPos{x=-75, y=85, z=-104} | Feet: Air | FloorSolid: false
[12:32:22.976] [DEBUG] [PATHFINDER] Blocked at: BlockPos{x=-74, y=83, z=-105} | Feet: Black Concrete | FloorSolid: true
[12:32:22.976] [DEBUG] [PATHFINDER] Blocked at: BlockPos{x=-74, y=83, z=-103} | Feet: White Concrete | FloorSolid: true
[12:32:22.976] [DEBUG] [PATHFINDER] Blocked at: BlockPos{x=-73, y=83, z=-104} | Feet: White Concrete | FloorSolid: true
[12:32:22.977] [DEBUG] [PATHFINDER] Blocked at: BlockPos{x=-75, y=83, z=-104} | Feet: White Concrete | FloorSolid: true
[12:32:22.977] [DEBUG] [PATHFINDER] Blocked at: BlockPos{x=-73, y=85, z=-105} | Feet: Air | FloorSolid: false
[12:32:22.977] [DEBUG] [PATHFINDER] Blocked at: BlockPos{x=-73, y=85, z=-103} | Feet: Air | FloorSolid: false
[12:32:22.977] [DEBUG] [PATHFINDER] Blocked at: BlockPos{x=-72, y=85, z=-104} | Feet: Air | FloorSolid: false
[12:32:22.978] [DEBUG] [PATHFINDER] Blocked at: BlockPos{x=-74, y=85, z=-104} | Feet: Air | FloorSolid: false
[12:32:22.978] [DEBUG] [PATHFINDER] Blocked at: BlockPos{x=-73, y=83, z=-105} | Feet: Black Concrete | FloorSolid: true
[12:32:22.978] [DEBUG] [PATHFINDER] Blocked at: BlockPos{x=-73, y=83, z=-103} | Feet: White Concrete | FloorSolid: true
[12:32:22.978] [DEBUG] [PATHFINDER] Blocked at: BlockPos{x=-72, y=83, z=-104} | Feet: White Concrete | FloorSolid: true
[12:32:22.979] [DEBUG] [PATHFINDER] Blocked at: BlockPos{x=-74, y=83, z=-104} | Feet: White Concrete | FloorSolid: true
[12:32:22.979] [DEBUG] [PATHFINDER] Blocked at: BlockPos{x=-73, y=85, z=-106} | Feet: Air | FloorSolid: false
[12:32:22.979] [DEBUG] [PATHFINDER] Blocked at: BlockPos{x=-73, y=85, z=-104} | Feet: Air | FloorSolid: false
[12:32:22.979] [DEBUG] [PATHFINDER] Blocked at: BlockPos{x=-72, y=85, z=-105} | Feet: Air | FloorSolid: false
[12:32:22.979] [DEBUG] [PATHFINDER] Blocked at: BlockPos{x=-74, y=85, z=-105} | Feet: Air | FloorSolid: false
[12:32:22.980] [DEBUG] [PATHFINDER] Blocked at: BlockPos{x=-73, y=83, z=-106} | Feet: Gray Concrete | FloorSolid: true
[12:32:22.980] [DEBUG] [PATHFINDER] Blocked at: BlockPos{x=-73, y=83, z=-104} | Feet: White Concrete | FloorSolid: true
[12:32:22.980] [DEBUG] [PATHFINDER] Blocked at: BlockPos{x=-72, y=83, z=-105} | Feet: Black Concrete | FloorSolid: true
[12:32:22.981] [DEBUG] [PATHFINDER] Blocked at: BlockPos{x=-74, y=83, z=-105} | Feet: Black Concrete | FloorSolid: true
[12:32:22.981] [DEBUG] [PATHFINDER] Blocked at: BlockPos{x=-72, y=85, z=-106} | Feet: Air | FloorSolid: false
[12:32:22.981] [DEBUG] [PATHFINDER] Blocked at: BlockPos{x=-72, y=85, z=-104} | Feet: Air | FloorSolid: false
[12:32:22.981] [DEBUG] [PATHFINDER] Blocked at: BlockPos{x=-71, y=85, z=-105} | Feet: Air | FloorSolid: false
[12:32:22.982] [DEBUG] [PATHFINDER] Blocked at: BlockPos{x=-73, y=85, z=-105} | Feet: Air | FloorSolid: false
[12:32:22.982] [DEBUG] [PATHFINDER] Blocked at: BlockPos{x=-72, y=83, z=-106} | Feet: Gray Concrete | FloorSolid: true
[12:32:22.982] [DEBUG] [PATHFINDER] Blocked at: BlockPos{x=-72, y=83, z=-104} | Feet: White Concrete | FloorSolid: true
[12:32:22.982] [DEBUG] [PATHFINDER] Blocked at: BlockPos{x=-71, y=83, z=-105} | Feet: Black Concrete | FloorSolid: true
[12:32:22.983] [DEBUG] [PATHFINDER] Blocked at: BlockPos{x=-73, y=83, z=-105} | Feet: Black Concrete | FloorSolid: true
[12:32:22.983] [DEBUG] [PATHFINDER] Blocked at: BlockPos{x=-72, y=85, z=-107} | Feet: Air | FloorSolid: false
[12:32:22.983] [DEBUG] [PATHFINDER] Blocked at: BlockPos{x=-72, y=85, z=-105} | Feet: Air | FloorSolid: false
[12:32:22.983] [DEBUG] [PATHFINDER] Blocked at: BlockPos{x=-71, y=85, z=-106} | Feet: Air | FloorSolid: false
[12:32:22.984] [DEBUG] [PATHFINDER] Blocked at: BlockPos{x=-73, y=85, z=-106} | Feet: Air | FloorSolid: false
[12:32:22.984] [DEBUG] [PATHFINDER] Blocked at: BlockPos{x=-72, y=83, z=-107} | Feet: Light Gray Concrete | FloorSolid: true
[12:32:22.984] [DEBUG] [PATHFINDER] Blocked at: BlockPos{x=-72, y=83, z=-105} | Feet: Black Concrete | FloorSolid: true
[12:32:22.984] [DEBUG] [PATHFINDER] Blocked at: BlockPos{x=-71, y=83, z=-106} | Feet: Gray Concrete | FloorSolid: true
[12:32:22.984] [DEBUG] [PATHFINDER] Blocked at: BlockPos{x=-73, y=83, z=-106} | Feet: Gray Concrete | FloorSolid: true
[12:32:22.985] [DEBUG] [PATHFINDER] Blocked at: BlockPos{x=-71, y=85, z=-107} | Feet: Air | FloorSolid: false
[12:32:22.985] [DEBUG] [PATHFINDER] Blocked at: BlockPos{x=-71, y=85, z=-105} | Feet: Air | FloorSolid: false
[12:32:22.985] [DEBUG] [PATHFINDER] Blocked at: BlockPos{x=-70, y=85, z=-106} | Feet: Air | FloorSolid: false
[12:32:22.985] [DEBUG] [PATHFINDER] Blocked at: BlockPos{x=-72, y=85, z=-106} | Feet: Air | FloorSolid: false
[12:32:22.986] [DEBUG] [PATHFINDER] Blocked at: BlockPos{x=-71, y=83, z=-107} | Feet: Light Gray Concrete | FloorSolid: true
[12:32:22.986] [DEBUG] [PATHFINDER] Blocked at: BlockPos{x=-71, y=83, z=-105} | Feet: Black Concrete | FloorSolid: true
[12:32:22.986] [DEBUG] [PATHFINDER] Blocked at: BlockPos{x=-70, y=83, z=-106} | Feet: Gray Concrete | FloorSolid: true
[12:32:22.986] [DEBUG] [PATHFINDER] Blocked at: BlockPos{x=-72, y=83, z=-106} | Feet: Gray Concrete | FloorSolid: true
[12:32:22.986] [DEBUG] [PATHFINDER] Blocked at: BlockPos{x=-71, y=85, z=-108} | Feet: Air | FloorSolid: false
[12:32:22.987] [DEBUG] [PATHFINDER] Blocked at: BlockPos{x=-71, y=85, z=-106} | Feet: Air | FloorSolid: false
[12:32:22.987] [DEBUG] [PATHFINDER] Blocked at: BlockPos{x=-70, y=85, z=-107} | Feet: Air | FloorSolid: false
[12:32:22.987] [DEBUG] [PATHFINDER] Blocked at: BlockPos{x=-72, y=85, z=-107} | Feet: Air | FloorSolid: false
[12:32:22.987] [DEBUG] [PATHFINDER] Blocked at: BlockPos{x=-71, y=83, z=-108} | Feet: Black Concrete | FloorSolid: true
[12:32:22.987] [DEBUG] [PATHFINDER] Blocked at: BlockPos{x=-71, y=83, z=-106} | Feet: Gray Concrete | FloorSolid: true
[12:32:22.987] [DEBUG] [PATHFINDER] Blocked at: BlockPos{x=-70, y=83, z=-107} | Feet: Light Gray Concrete | FloorSolid: true
[12:32:22.987] [DEBUG] [PATHFINDER] Blocked at: BlockPos{x=-72, y=83, z=-107} | Feet: Light Gray Concrete | FloorSolid: true
[12:32:22.988] [DEBUG] [PATHFINDER] Blocked at: BlockPos{x=-70, y=85, z=-108} | Feet: Air | FloorSolid: false
[12:32:22.988] [DEBUG] [PATHFINDER] Blocked at: BlockPos{x=-70, y=85, z=-106} | Feet: Air | FloorSolid: false
[12:32:22.988] [DEBUG] [PATHFINDER] Blocked at: BlockPos{x=-69, y=85, z=-107} | Feet: Spruce Fence | FloorSolid: false
[12:32:22.988] [DEBUG] [PATHFINDER] Blocked at: BlockPos{x=-71, y=85, z=-107} | Feet: Air | FloorSolid: false
[12:32:22.988] [DEBUG] [PATHFINDER] Blocked at: BlockPos{x=-70, y=83, z=-108} | Feet: Black Concrete | FloorSolid: true
[12:32:22.988] [DEBUG] [PATHFINDER] Blocked at: BlockPos{x=-70, y=83, z=-106} | Feet: Gray Concrete | FloorSolid: true
[12:32:22.989] [DEBUG] [PATHFINDER] Blocked at: BlockPos{x=-69, y=83, z=-107} | Feet: Light Gray Concrete | FloorSolid: true
[12:32:22.989] [DEBUG] [PATHFINDER] Blocked at: BlockPos{x=-71, y=83, z=-107} | Feet: Light Gray Concrete | FloorSolid: true
[12:32:22.989] [DEBUG] [PATHFINDER] Blocked at: BlockPos{x=-70, y=85, z=-109} | Feet: Air | FloorSolid: false
[12:32:22.989] [DEBUG] [PATHFINDER] Blocked at: BlockPos{x=-70, y=85, z=-107} | Feet: Air | FloorSolid: false
[12:32:22.989] [DEBUG] [PATHFINDER] Blocked at: BlockPos{x=-69, y=85, z=-108} | Feet: Air | FloorSolid: false
[12:32:22.990] [DEBUG] [PATHFINDER] Blocked at: BlockPos{x=-71, y=85, z=-108} | Feet: Air | FloorSolid: false
[12:32:22.990] [DEBUG] [PATHFINDER] Blocked at: BlockPos{x=-70, y=83, z=-109} | Feet: Black Concrete | FloorSolid: true
[12:32:22.990] [DEBUG] [PATHFINDER] Blocked at: BlockPos{x=-70, y=83, z=-107} | Feet: Light Gray Concrete | FloorSolid: true
[12:32:22.990] [DEBUG] [PATHFINDER] Blocked at: BlockPos{x=-69, y=83, z=-108} | Feet: Black Concrete | FloorSolid: true
[12:32:22.990] [DEBUG] [PATHFINDER] Blocked at: BlockPos{x=-71, y=83, z=-108} | Feet: Black Concrete | FloorSolid: true
[12:32:22.990] [DEBUG] [PATHFINDER] Blocked at: BlockPos{x=-69, y=85, z=-109} | Feet: Air | FloorSolid: false
[12:32:22.991] [DEBUG] [PATHFINDER] Blocked at: BlockPos{x=-69, y=85, z=-107} | Feet: Spruce Fence | FloorSolid: false
[12:32:22.991] [DEBUG] [PATHFINDER] Blocked at: BlockPos{x=-68, y=85, z=-108} | Feet: Air | FloorSolid: false
[12:32:22.991] [DEBUG] [PATHFINDER] Blocked at: BlockPos{x=-70, y=85, z=-108} | Feet: Air | FloorSolid: false
[12:32:22.991] [DEBUG] [PATHFINDER] Blocked at: BlockPos{x=-69, y=83, z=-109} | Feet: Black Concrete | FloorSolid: true
[12:32:22.991] [DEBUG] [PATHFINDER] Blocked at: BlockPos{x=-69, y=83, z=-107} | Feet: Light Gray Concrete | FloorSolid: true
[12:32:22.992] [DEBUG] [PATHFINDER] Blocked at: BlockPos{x=-68, y=83, z=-108} | Feet: Black Concrete | FloorSolid: true
[12:32:22.992] [DEBUG] [PATHFINDER] Blocked at: BlockPos{x=-70, y=83, z=-108} | Feet: Black Concrete | FloorSolid: true
[12:32:22.992] [DEBUG] [PATHFINDER] Blocked at: BlockPos{x=-69, y=85, z=-110} | Feet: Air | FloorSolid: false
[12:32:22.992] [DEBUG] [PATHFINDER] Blocked at: BlockPos{x=-69, y=85, z=-108} | Feet: Air | FloorSolid: false
[12:32:22.992] [DEBUG] [PATHFINDER] Blocked at: BlockPos{x=-68, y=85, z=-109} | Feet: Air | FloorSolid: false
[12:32:22.992] [DEBUG] [PATHFINDER] Blocked at: BlockPos{x=-70, y=85, z=-109} | Feet: Air | FloorSolid: false
[12:32:22.992] [DEBUG] [PATHFINDER] Blocked at: BlockPos{x=-69, y=83, z=-110} | Feet: Light Gray Concrete | FloorSolid: true
[12:32:22.993] [DEBUG] [PATHFINDER] Blocked at: BlockPos{x=-69, y=83, z=-108} | Feet: Black Concrete | FloorSolid: true
[12:32:22.993] [DEBUG] [PATHFINDER] Blocked at: BlockPos{x=-68, y=83, z=-109} | Feet: Black Concrete | FloorSolid: true
[12:32:22.993] [DEBUG] [PATHFINDER] Blocked at: BlockPos{x=-70, y=83, z=-109} | Feet: Black Concrete | FloorSolid: true
[12:32:22.993] [DEBUG] [PATHFINDER] Blocked at: BlockPos{x=-68, y=85, z=-110} | Feet: Air | FloorSolid: false
[12:32:22.993] [DEBUG] [PATHFINDER] Blocked at: BlockPos{x=-68, y=85, z=-108} | Feet: Air | FloorSolid: false
[12:32:22.993] [DEBUG] [PATHFINDER] Blocked at: BlockPos{x=-67, y=85, z=-109} | Feet: Air | FloorSolid: false
[12:32:22.994] [DEBUG] [PATHFINDER] Blocked at: BlockPos{x=-69, y=85, z=-109} | Feet: Air | FloorSolid: false
[12:32:22.994] [DEBUG] [PATHFINDER] Blocked at: BlockPos{x=-68, y=83, z=-110} | Feet: Light Gray Concrete | FloorSolid: true
[12:32:22.994] [DEBUG] [PATHFINDER] Blocked at: BlockPos{x=-68, y=83, z=-108} | Feet: Black Concrete | FloorSolid: true
[12:32:22.994] [DEBUG] [PATHFINDER] Blocked at: BlockPos{x=-67, y=83, z=-109} | Feet: Black Concrete | FloorSolid: true
[12:32:22.994] [DEBUG] [PATHFINDER] Blocked at: BlockPos{x=-69, y=83, z=-109} | Feet: Black Concrete | FloorSolid: true
[12:32:22.994] [DEBUG] [PATHFINDER] Blocked at: BlockPos{x=-68, y=85, z=-111} | Feet: Air | FloorSolid: false
[12:32:22.994] [DEBUG] [PATHFINDER] Blocked at: BlockPos{x=-68, y=85, z=-109} | Feet: Air | FloorSolid: false
[12:32:22.995] [DEBUG] [PATHFINDER] Blocked at: BlockPos{x=-67, y=85, z=-110} | Feet: Air | FloorSolid: false
[12:32:22.995] [DEBUG] [PATHFINDER] Blocked at: BlockPos{x=-69, y=85, z=-110} | Feet: Air | FloorSolid: false
[12:32:22.995] [DEBUG] [PATHFINDER] Blocked at: BlockPos{x=-68, y=83, z=-111} | Feet: Gray Concrete | FloorSolid: true
[12:32:22.995] [DEBUG] [PATHFINDER] Blocked at: BlockPos{x=-68, y=83, z=-109} | Feet: Black Concrete | FloorSolid: true
[12:32:22.995] [DEBUG] [PATHFINDER] Blocked at: BlockPos{x=-67, y=83, z=-110} | Feet: Light Gray Concrete | FloorSolid: true
[12:32:22.995] [DEBUG] [PATHFINDER] Blocked at: BlockPos{x=-69, y=83, z=-110} | Feet: Light Gray Concrete | FloorSolid: true
[12:32:22.996] [DEBUG] [PATHFINDER] Blocked at: BlockPos{x=-67, y=85, z=-111} | Feet: Air | FloorSolid: false
[12:32:22.996] [DEBUG] [PATHFINDER] Blocked at: BlockPos{x=-67, y=85, z=-109} | Feet: Air | FloorSolid: false
[12:32:22.996] [DEBUG] [PATHFINDER] Blocked at: BlockPos{x=-66, y=85, z=-110} | Feet: Air | FloorSolid: false
[12:32:22.996] [DEBUG] [PATHFINDER] Blocked at: BlockPos{x=-68, y=85, z=-110} | Feet: Air | FloorSolid: false
[12:32:22.996] [DEBUG] [PATHFINDER] Blocked at: BlockPos{x=-67, y=83, z=-111} | Feet: Gray Concrete | FloorSolid: true
[12:32:22.996] [DEBUG] [PATHFINDER] Blocked at: BlockPos{x=-67, y=83, z=-109} | Feet: Black Concrete | FloorSolid: true
[12:32:22.996] [DEBUG] [PATHFINDER] Blocked at: BlockPos{x=-66, y=83, z=-110} | Feet: Light Gray Concrete | FloorSolid: true
[12:32:22.997] [DEBUG] [PATHFINDER] Blocked at: BlockPos{x=-68, y=83, z=-110} | Feet: Light Gray Concrete | FloorSolid: true
[12:32:22.997] [DEBUG] [PATHFINDER] Blocked at: BlockPos{x=-67, y=85, z=-112} | Feet: Air | FloorSolid: false
[12:32:22.997] [DEBUG] [PATHFINDER] Blocked at: BlockPos{x=-67, y=85, z=-110} | Feet: Air | FloorSolid: false
[12:32:22.997] [DEBUG] [PATHFINDER] Blocked at: BlockPos{x=-66, y=85, z=-111} | Feet: Air | FloorSolid: false
[12:32:22.997] [DEBUG] [PATHFINDER] Blocked at: BlockPos{x=-68, y=85, z=-111} | Feet: Air | FloorSolid: false
[12:32:22.997] [DEBUG] [PATHFINDER] Blocked at: BlockPos{x=-67, y=83, z=-112} | Feet: Black Concrete | FloorSolid: true
[12:32:22.998] [DEBUG] [PATHFINDER] Blocked at: BlockPos{x=-67, y=83, z=-110} | Feet: Light Gray Concrete | FloorSolid: true
[12:32:22.998] [DEBUG] [PATHFINDER] Blocked at: BlockPos{x=-66, y=83, z=-111} | Feet: Gray Concrete | FloorSolid: true
[12:32:22.998] [DEBUG] [PATHFINDER] Blocked at: BlockPos{x=-68, y=83, z=-111} | Feet: Gray Concrete | FloorSolid: true
[12:32:22.998] [DEBUG] [PATHFINDER] Blocked at: BlockPos{x=-66, y=85, z=-112} | Feet: Air | FloorSolid: false
[12:32:22.998] [DEBUG] [PATHFINDER] Blocked at: BlockPos{x=-66, y=85, z=-110} | Feet: Air | FloorSolid: false
[12:32:22.998] [DEBUG] [PATHFINDER] Blocked at: BlockPos{x=-65, y=85, z=-111} | Feet: Air | FloorSolid: false
[12:32:22.999] [DEBUG] [PATHFINDER] Blocked at: BlockPos{x=-67, y=85, z=-111} | Feet: Air | FloorSolid: false
[12:32:22.999] [DEBUG] [PATHFINDER] Blocked at: BlockPos{x=-66, y=83, z=-112} | Feet: Black Concrete | FloorSolid: true
[12:32:22.999] [DEBUG] [PATHFINDER] Blocked at: BlockPos{x=-66, y=83, z=-110} | Feet: Light Gray Concrete | FloorSolid: true
[12:32:22.999] [DEBUG] [PATHFINDER] Blocked at: BlockPos{x=-65, y=83, z=-111} | Feet: Gray Concrete | FloorSolid: true
[12:32:22.999] [DEBUG] [PATHFINDER] Blocked at: BlockPos{x=-67, y=83, z=-111} | Feet: Gray Concrete | FloorSolid: true
[12:32:22.999] [DEBUG] [PATHFINDER] Blocked at: BlockPos{x=-66, y=85, z=-113} | Feet: Air | FloorSolid: false
[12:32:22.999] [DEBUG] [PATHFINDER] Blocked at: BlockPos{x=-66, y=85, z=-111} | Feet: Air | FloorSolid: false
[12:32:23.000] [DEBUG] [PATHFINDER] Blocked at: BlockPos{x=-65, y=85, z=-112} | Feet: Air | FloorSolid: false
[12:32:23.000] [DEBUG] [PATHFINDER] Blocked at: BlockPos{x=-67, y=85, z=-112} | Feet: Air | FloorSolid: false
[12:32:23.000] [DEBUG] [PATHFINDER] Blocked at: BlockPos{x=-66, y=83, z=-113} | Feet: White Concrete | FloorSolid: true
[12:32:23.000] [DEBUG] [PATHFINDER] Blocked at: BlockPos{x=-66, y=83, z=-111} | Feet: Gray Concrete | FloorSolid: true
[12:32:23.000] [DEBUG] [PATHFINDER] Blocked at: BlockPos{x=-65, y=83, z=-112} | Feet: Black Concrete | FloorSolid: true
[12:32:23.000] [DEBUG] [PATHFINDER] Blocked at: BlockPos{x=-67, y=83, z=-112} | Feet: Black Concrete | FloorSolid: true
[12:32:23.001] [DEBUG] [PATHFINDER] Blocked at: BlockPos{x=-65, y=85, z=-113} | Feet: Air | FloorSolid: false
[12:32:23.001] [DEBUG] [PATHFINDER] Blocked at: BlockPos{x=-65, y=85, z=-111} | Feet: Air | FloorSolid: false
[12:32:23.001] [DEBUG] [PATHFINDER] Blocked at: BlockPos{x=-64, y=85, z=-112} | Feet: Air | FloorSolid: false
[12:32:23.001] [DEBUG] [PATHFINDER] Blocked at: BlockPos{x=-66, y=85, z=-112} | Feet: Air | FloorSolid: false
[12:32:23.001] [DEBUG] [PATHFINDER] Blocked at: BlockPos{x=-65, y=83, z=-113} | Feet: White Concrete | FloorSolid: true
[12:32:23.002] [DEBUG] [PATHFINDER] Blocked at: BlockPos{x=-65, y=83, z=-111} | Feet: Gray Concrete | FloorSolid: true
[12:32:23.002] [DEBUG] [PATHFINDER] Blocked at: BlockPos{x=-64, y=83, z=-112} | Feet: Black Concrete | FloorSolid: true
[12:32:23.002] [DEBUG] [PATHFINDER] Blocked at: BlockPos{x=-66, y=83, z=-112} | Feet: Black Concrete | FloorSolid: true
[12:32:23.002] [DEBUG] [PATHFINDER] Blocked at: BlockPos{x=-65, y=85, z=-114} | Feet: Air | FloorSolid: false
[12:32:23.002] [DEBUG] [PATHFINDER] Blocked at: BlockPos{x=-65, y=85, z=-112} | Feet: Air | FloorSolid: false
[12:32:23.002] [DEBUG] [PATHFINDER] Blocked at: BlockPos{x=-64, y=85, z=-113} | Feet: Air | FloorSolid: false
[12:32:23.002] [DEBUG] [PATHFINDER] Blocked at: BlockPos{x=-66, y=85, z=-113} | Feet: Air | FloorSolid: false
[12:32:23.003] [DEBUG] [PATHFINDER] Blocked at: BlockPos{x=-65, y=83, z=-114} | Feet: White Concrete | FloorSolid: true
[12:32:23.003] [DEBUG] [PATHFINDER] Blocked at: BlockPos{x=-65, y=83, z=-112} | Feet: Black Concrete | FloorSolid: true
[12:32:23.003] [DEBUG] [PATHFINDER] Blocked at: BlockPos{x=-64, y=83, z=-113} | Feet: White Concrete | FloorSolid: true
[12:32:23.003] [DEBUG] [PATHFINDER] Blocked at: BlockPos{x=-66, y=83, z=-113} | Feet: White Concrete | FloorSolid: true
[12:32:23.003] [DEBUG] [PATHFINDER] Blocked at: BlockPos{x=-64, y=85, z=-114} | Feet: Air | FloorSolid: false
[12:32:23.003] [DEBUG] [PATHFINDER] Blocked at: BlockPos{x=-64, y=85, z=-112} | Feet: Air | FloorSolid: false
[12:32:23.004] [DEBUG] [PATHFINDER] Blocked at: BlockPos{x=-63, y=85, z=-113} | Feet: Air | FloorSolid: false
[12:32:23.004] [DEBUG] [PATHFINDER] Blocked at: BlockPos{x=-65, y=85, z=-113} | Feet: Air | FloorSolid: false
[12:32:23.004] [DEBUG] [PATHFINDER] Blocked at: BlockPos{x=-64, y=83, z=-114} | Feet: White Concrete | FloorSolid: true
[12:32:23.004] [DEBUG] [PATHFINDER] Blocked at: BlockPos{x=-64, y=83, z=-112} | Feet: Black Concrete | FloorSolid: true
[12:32:23.004] [DEBUG] [PATHFINDER] Blocked at: BlockPos{x=-63, y=83, z=-113} | Feet: White Concrete | FloorSolid: true
[12:32:23.004] [DEBUG] [PATHFINDER] Blocked at: BlockPos{x=-65, y=83, z=-113} | Feet: White Concrete | FloorSolid: true
[12:32:23.005] [DEBUG] [PATHFINDER] Blocked at: BlockPos{x=-64, y=85, z=-115} | Feet: Air | FloorSolid: false
[12:32:23.005] [DEBUG] [PATHFINDER] Blocked at: BlockPos{x=-64, y=85, z=-113} | Feet: Air | FloorSolid: false
[12:32:23.005] [DEBUG] [PATHFINDER] Blocked at: BlockPos{x=-63, y=85, z=-114} | Feet: Air | FloorSolid: false
[12:32:23.005] [DEBUG] [PATHFINDER] Blocked at: BlockPos{x=-65, y=85, z=-114} | Feet: Air | FloorSolid: false
[12:32:23.005] [DEBUG] [PATHFINDER] Blocked at: BlockPos{x=-64, y=83, z=-115} | Feet: White Concrete | FloorSolid: true
[12:32:23.005] [DEBUG] [PATHFINDER] Blocked at: BlockPos{x=-64, y=83, z=-113} | Feet: White Concrete | FloorSolid: true
[12:32:23.006] [DEBUG] [PATHFINDER] Blocked at: BlockPos{x=-63, y=83, z=-114} | Feet: White Concrete | FloorSolid: true
[12:32:23.006] [DEBUG] [PATHFINDER] Blocked at: BlockPos{x=-65, y=83, z=-114} | Feet: White Concrete | FloorSolid: true
[12:32:23.330] [INFO] [DEBUG] 
===== MOBILEMINER DIAGNOSTIC =====
BOT
- State: MOVING_TO_TARGET (Moving to BlockPos{x=-62, y=84, z=-115})
- Active Task: ShadowBotTask
TASK
- Pool Size: 2
- Last Completed: DiagnosticTestTask
- Last Failed: None
PLAYER
- Pos: (-78.47460202558577, 84.0, -103.44786410791528)
PERCEPTION
- Target: null
- Failures: 0
ENGINE
- Last Tick: 43µs
RECENT STATE TRANSITIONS
...->AIMING (Reached destination)
...->MOVING_TO_TARGET (Moving to BlockPos{x=-75, y=84, z=-99})
...->AIMING (Reached destination)
...->MOVING_TO_TARGET (Moving to BlockPos{x=-75, y=84, z=-102})
...->AIMING (Aiming at (-74.5, 84.5, -101.5))
...->MOVING_TO_TARGET (Moving to BlockPos{x=-77, y=84, z=-102})
...->AIMING (Reached destination)
...->MOVING_TO_TARGET (Moving to BlockPos{x=-79, y=84, z=-103})
...->AIMING (Reached destination)
...->MOVING_TO_TARGET (Moving to BlockPos{x=-62, y=84, z=-115})
============================
[12:32:24.318] [INFO] [DEBUG] 
===== MOBILEMINER DIAGNOSTIC =====
BOT
- State: MOVING_TO_TARGET (Moving to BlockPos{x=-62, y=84, z=-115})
- Active Task: ShadowBotTask
TASK
- Pool Size: 2
- Last Completed: DiagnosticTestTask
- Last Failed: None
PLAYER
- Pos: (-76.31719624579517, 84.0, -105.89100580151322)
PERCEPTION
- Target: null
- Failures: 0
ENGINE
- Last Tick: 23µs
RECENT STATE TRANSITIONS
...->AIMING (Reached destination)
...->MOVING_TO_TARGET (Moving to BlockPos{x=-75, y=84, z=-99})
...->AIMING (Reached destination)
...->MOVING_TO_TARGET (Moving to BlockPos{x=-75, y=84, z=-102})
...->AIMING (Aiming at (-74.5, 84.5, -101.5))
...->MOVING_TO_TARGET (Moving to BlockPos{x=-77, y=84, z=-102})
...->AIMING (Reached destination)
...->MOVING_TO_TARGET (Moving to BlockPos{x=-79, y=84, z=-103})
...->AIMING (Reached destination)
...->MOVING_TO_TARGET (Moving to BlockPos{x=-62, y=84, z=-115})
============================
[12:32:25.319] [INFO] [DEBUG] 
===== MOBILEMINER DIAGNOSTIC =====
BOT
- State: MOVING_TO_TARGET (Moving to BlockPos{x=-62, y=84, z=-115})
- Active Task: ShadowBotTask
TASK
- Pool Size: 2
- Last Completed: DiagnosticTestTask
- Last Failed: None
PLAYER
- Pos: (-72.53524103073768, 84.0, -107.9730022617995)
PERCEPTION
- Target: null
- Failures: 0
ENGINE
- Last Tick: 26µs
RECENT STATE TRANSITIONS
...->AIMING (Reached destination)
...->MOVING_TO_TARGET (Moving to BlockPos{x=-75, y=84, z=-99})
...->AIMING (Reached destination)
...->MOVING_TO_TARGET (Moving to BlockPos{x=-75, y=84, z=-102})
...->AIMING (Aiming at (-74.5, 84.5, -101.5))
...->MOVING_TO_TARGET (Moving to BlockPos{x=-77, y=84, z=-102})
...->AIMING (Reached destination)
...->MOVING_TO_TARGET (Moving to BlockPos{x=-79, y=84, z=-103})
...->AIMING (Reached destination)
...->MOVING_TO_TARGET (Moving to BlockPos{x=-62, y=84, z=-115})
============================
[12:32:26.322] [INFO] [DEBUG] 
===== MOBILEMINER DIAGNOSTIC =====
BOT
- State: MOVING_TO_TARGET (Moving to BlockPos{x=-62, y=84, z=-115})
- Active Task: ShadowBotTask
TASK
- Pool Size: 2
- Last Completed: DiagnosticTestTask
- Last Failed: None
PLAYER
- Pos: (-68.75350335345563, 84.0, -110.05542626509957)
PERCEPTION
- Target: null
- Failures: 0
ENGINE
- Last Tick: 23µs
RECENT STATE TRANSITIONS
...->AIMING (Reached destination)
...->MOVING_TO_TARGET (Moving to BlockPos{x=-75, y=84, z=-99})
...->AIMING (Reached destination)
...->MOVING_TO_TARGET (Moving to BlockPos{x=-75, y=84, z=-102})
...->AIMING (Aiming at (-74.5, 84.5, -101.5))
...->MOVING_TO_TARGET (Moving to BlockPos{x=-77, y=84, z=-102})
...->AIMING (Reached destination)
...->MOVING_TO_TARGET (Moving to BlockPos{x=-79, y=84, z=-103})
...->AIMING (Reached destination)
...->MOVING_TO_TARGET (Moving to BlockPos{x=-62, y=84, z=-115})
============================
[12:32:27.325] [INFO] [DEBUG] 
===== MOBILEMINER DIAGNOSTIC =====
BOT
- State: MOVING_TO_TARGET (Moving to BlockPos{x=-62, y=84, z=-115})
- Active Task: ShadowBotTask
TASK
- Pool Size: 2
- Last Completed: DiagnosticTestTask
- Last Failed: None
PLAYER
- Pos: (-64.97156009400682, 84.0, -112.1374779382781)
PERCEPTION
- Target: null
- Failures: 0
ENGINE
- Last Tick: 23µs
RECENT STATE TRANSITIONS
...->AIMING (Reached destination)
...->MOVING_TO_TARGET (Moving to BlockPos{x=-75, y=84, z=-99})
...->AIMING (Reached destination)
...->MOVING_TO_TARGET (Moving to BlockPos{x=-75, y=84, z=-102})
...->AIMING (Aiming at (-74.5, 84.5, -101.5))
...->MOVING_TO_TARGET (Moving to BlockPos{x=-77, y=84, z=-102})
...->AIMING (Reached destination)
...->MOVING_TO_TARGET (Moving to BlockPos{x=-79, y=84, z=-103})
...->AIMING (Reached destination)
...->MOVING_TO_TARGET (Moving to BlockPos{x=-62, y=84, z=-115})
============================
[12:32:28.327] [INFO] [DEBUG] 
===== MOBILEMINER DIAGNOSTIC =====
BOT
- State: AIMING (Aiming at (-61.5, 84.5, -114.5))
- Active Task: ShadowBotTask
TASK
- Pool Size: 2
- Last Completed: DiagnosticTestTask
- Last Failed: None
PLAYER
- Pos: (-63.613408876784874, 84.0, -112.88649453132032)
PERCEPTION
- Target: null
- Failures: 0
ENGINE
- Last Tick: 7µs
RECENT STATE TRANSITIONS
...->MOVING_TO_TARGET (Moving to BlockPos{x=-75, y=84, z=-99})
...->AIMING (Reached destination)
...->MOVING_TO_TARGET (Moving to BlockPos{x=-75, y=84, z=-102})
...->AIMING (Aiming at (-74.5, 84.5, -101.5))
...->MOVING_TO_TARGET (Moving to BlockPos{x=-77, y=84, z=-102})
...->AIMING (Reached destination)
...->MOVING_TO_TARGET (Moving to BlockPos{x=-79, y=84, z=-103})
...->AIMING (Reached destination)
...->MOVING_TO_TARGET (Moving to BlockPos{x=-62, y=84, z=-115})
...->AIMING (Aiming at (-61.5, 84.5, -114.5))
============================
[12:32:29.359] [INFO] [DEBUG] 
===== MOBILEMINER DIAGNOSTIC =====
BOT
- State: AIMING (Aiming at (-61.5, 84.5, -114.5))
- Active Task: ShadowBotTask
TASK
- Pool Size: 2
- Last Completed: DiagnosticTestTask
- Last Failed: None
PLAYER
- Pos: (-63.613408876784874, 84.0, -112.88649453132032)
PERCEPTION
- Target: null
- Failures: 0
ENGINE
- Last Tick: 5µs
RECENT STATE TRANSITIONS
...->MOVING_TO_TARGET (Moving to BlockPos{x=-75, y=84, z=-99})
...->AIMING (Reached destination)
...->MOVING_TO_TARGET (Moving to BlockPos{x=-75, y=84, z=-102})
...->AIMING (Aiming at (-74.5, 84.5, -101.5))
...->MOVING_TO_TARGET (Moving to BlockPos{x=-77, y=84, z=-102})
...->AIMING (Reached destination)
...->MOVING_TO_TARGET (Moving to BlockPos{x=-79, y=84, z=-103})
...->AIMING (Reached destination)
...->MOVING_TO_TARGET (Moving to BlockPos{x=-62, y=84, z=-115})
...->AIMING (Aiming at (-61.5, 84.5, -114.5))
============================
[12:32:30.330] [INFO] [DEBUG] 
===== MOBILEMINER DIAGNOSTIC =====
BOT
- State: RECOVERING (Aiming failed: Aiming timed out)
- Active Task: ShadowBotTask
TASK
- Pool Size: 2
- Last Completed: DiagnosticTestTask
- Last Failed: AimingTask (Aiming timed out)
PLAYER
- Pos: (-62.842473789999076, 84.0, -111.85033454540367)
PERCEPTION
- Target: null
- Failures: 0
ENGINE
- Last Tick: 28µs
RECENT STATE TRANSITIONS
...->AIMING (Reached destination)
...->MOVING_TO_TARGET (Moving to BlockPos{x=-75, y=84, z=-102})
...->AIMING (Aiming at (-74.5, 84.5, -101.5))
...->MOVING_TO_TARGET (Moving to BlockPos{x=-77, y=84, z=-102})
...->AIMING (Reached destination)
...->MOVING_TO_TARGET (Moving to BlockPos{x=-79, y=84, z=-103})
...->AIMING (Reached destination)
...->MOVING_TO_TARGET (Moving to BlockPos{x=-62, y=84, z=-115})
...->AIMING (Aiming at (-61.5, 84.5, -114.5))
...->RECOVERING (Aiming failed: Aiming timed out)
============================
[12:32:30.521] [DEBUG] [PATHFINDER] Blocked at: BlockPos{x=-63, y=85, z=-113} | Feet: Air | FloorSolid: false
[12:32:30.522] [DEBUG] [PATHFINDER] Blocked at: BlockPos{x=-63, y=85, z=-111} | Feet: Air | FloorSolid: false
[12:32:30.522] [DEBUG] [PATHFINDER] Blocked at: BlockPos{x=-62, y=85, z=-112} | Feet: Air | FloorSolid: false
[12:32:30.522] [DEBUG] [PATHFINDER] Blocked at: BlockPos{x=-64, y=85, z=-112} | Feet: Air | FloorSolid: false
[12:32:30.522] [DEBUG] [PATHFINDER] Blocked at: BlockPos{x=-63, y=83, z=-113} | Feet: White Concrete | FloorSolid: true
[12:32:30.522] [DEBUG] [PATHFINDER] Blocked at: BlockPos{x=-63, y=83, z=-111} | Feet: Gray Concrete | FloorSolid: true
[12:32:30.523] [DEBUG] [PATHFINDER] Blocked at: BlockPos{x=-62, y=83, z=-112} | Feet: Black Concrete | FloorSolid: true
[12:32:30.523] [DEBUG] [PATHFINDER] Blocked at: BlockPos{x=-64, y=83, z=-112} | Feet: Black Concrete | FloorSolid: true
[12:32:30.523] [DEBUG] [PATHFINDER] Blocked at: BlockPos{x=-63, y=85, z=-114} | Feet: Air | FloorSolid: false
[12:32:30.523] [DEBUG] [PATHFINDER] Blocked at: BlockPos{x=-63, y=85, z=-112} | Feet: Air | FloorSolid: false
[12:32:30.523] [DEBUG] [PATHFINDER] Blocked at: BlockPos{x=-62, y=85, z=-113} | Feet: Air | FloorSolid: false
[12:32:30.523] [DEBUG] [PATHFINDER] Blocked at: BlockPos{x=-64, y=85, z=-113} | Feet: Air | FloorSolid: false
[12:32:30.523] [DEBUG] [PATHFINDER] Blocked at: BlockPos{x=-63, y=83, z=-114} | Feet: White Concrete | FloorSolid: true
[12:32:30.523] [DEBUG] [PATHFINDER] Blocked at: BlockPos{x=-63, y=83, z=-112} | Feet: Black Concrete | FloorSolid: true
[12:32:30.524] [DEBUG] [PATHFINDER] Blocked at: BlockPos{x=-62, y=83, z=-113} | Feet: White Concrete | FloorSolid: true
[12:32:30.524] [DEBUG] [PATHFINDER] Blocked at: BlockPos{x=-64, y=83, z=-113} | Feet: White Concrete | FloorSolid: true
[12:32:31.317] [INFO] [DEBUG] 
===== MOBILEMINER DIAGNOSTIC =====
BOT
- State: AIMING (Aiming at (-61.5, 84.5, -114.5))
- Active Task: ShadowBotTask
TASK
- Pool Size: 2
- Last Completed: DiagnosticTestTask
- Last Failed: AimingTask (Aiming timed out)
PLAYER
- Pos: (-61.961943881970406, 84.0, -111.72514623839251)
PERCEPTION
- Target: null
- Failures: 0
ENGINE
- Last Tick: 5µs
RECENT STATE TRANSITIONS
...->AIMING (Aiming at (-74.5, 84.5, -101.5))
...->MOVING_TO_TARGET (Moving to BlockPos{x=-77, y=84, z=-102})
...->AIMING (Reached destination)
...->MOVING_TO_TARGET (Moving to BlockPos{x=-79, y=84, z=-103})
...->AIMING (Reached destination)
...->MOVING_TO_TARGET (Moving to BlockPos{x=-62, y=84, z=-115})
...->AIMING (Aiming at (-61.5, 84.5, -114.5))
...->RECOVERING (Aiming failed: Aiming timed out)
...->MOVING_TO_TARGET (Moving to BlockPos{x=-62, y=84, z=-115})
...->AIMING (Aiming at (-61.5, 84.5, -114.5))
============================
[12:32:32.073] [DEBUG] [PATHFINDER] Blocked at: BlockPos{x=-62, y=85, z=-113} | Feet: Air | FloorSolid: false
[12:32:32.074] [DEBUG] [PATHFINDER] Blocked at: BlockPos{x=-62, y=85, z=-111} | Feet: Air | FloorSolid: false
[12:32:32.074] [DEBUG] [PATHFINDER] Blocked at: BlockPos{x=-61, y=85, z=-112} | Feet: Air | FloorSolid: false
[12:32:32.074] [DEBUG] [PATHFINDER] Blocked at: BlockPos{x=-63, y=85, z=-112} | Feet: Air | FloorSolid: false
[12:32:32.074] [DEBUG] [PATHFINDER] Blocked at: BlockPos{x=-62, y=83, z=-113} | Feet: White Concrete | FloorSolid: true
[12:32:32.074] [DEBUG] [PATHFINDER] Blocked at: BlockPos{x=-62, y=83, z=-111} | Feet: Gray Concrete | FloorSolid: true
[12:32:32.074] [DEBUG] [PATHFINDER] Blocked at: BlockPos{x=-61, y=83, z=-112} | Feet: Black Concrete | FloorSolid: true
[12:32:32.074] [DEBUG] [PATHFINDER] Blocked at: BlockPos{x=-63, y=83, z=-112} | Feet: Black Concrete | FloorSolid: true
[12:32:32.075] [DEBUG] [PATHFINDER] Blocked at: BlockPos{x=-62, y=85, z=-114} | Feet: Air | FloorSolid: false
[12:32:32.075] [DEBUG] [PATHFINDER] Blocked at: BlockPos{x=-62, y=85, z=-112} | Feet: Air | FloorSolid: false
[12:32:32.075] [DEBUG] [PATHFINDER] Blocked at: BlockPos{x=-61, y=85, z=-113} | Feet: Air | FloorSolid: false
[12:32:32.075] [DEBUG] [PATHFINDER] Blocked at: BlockPos{x=-63, y=85, z=-113} | Feet: Air | FloorSolid: false
[12:32:32.075] [DEBUG] [PATHFINDER] Blocked at: BlockPos{x=-62, y=83, z=-114} | Feet: White Concrete | FloorSolid: true
[12:32:32.075] [DEBUG] [PATHFINDER] Blocked at: BlockPos{x=-62, y=83, z=-112} | Feet: Black Concrete | FloorSolid: true
[12:32:32.075] [DEBUG] [PATHFINDER] Blocked at: BlockPos{x=-61, y=83, z=-113} | Feet: White Concrete | FloorSolid: true
[12:32:32.075] [DEBUG] [PATHFINDER] Blocked at: BlockPos{x=-63, y=83, z=-113} | Feet: White Concrete | FloorSolid: true
[12:32:32.320] [INFO] [DEBUG] 
===== MOBILEMINER DIAGNOSTIC =====
BOT
- State: AIMING (Aiming at (-61.5, 84.5, -114.5))
- Active Task: ShadowBotTask
TASK
- Pool Size: 2
- Last Completed: DiagnosticTestTask
- Last Failed: AimingTask (Aiming timed out)
PLAYER
- Pos: (-60.542021414467825, 84.0, -111.89088574273799)
PERCEPTION
- Target: null
- Failures: 0
ENGINE
- Last Tick: 4µs
RECENT STATE TRANSITIONS
...->AIMING (Reached destination)
...->MOVING_TO_TARGET (Moving to BlockPos{x=-79, y=84, z=-103})
...->AIMING (Reached destination)
...->MOVING_TO_TARGET (Moving to BlockPos{x=-62, y=84, z=-115})
...->AIMING (Aiming at (-61.5, 84.5, -114.5))
...->RECOVERING (Aiming failed: Aiming timed out)
...->MOVING_TO_TARGET (Moving to BlockPos{x=-62, y=84, z=-115})
...->AIMING (Aiming at (-61.5, 84.5, -114.5))
...->MOVING_TO_TARGET (Moving to BlockPos{x=-62, y=84, z=-115})
...->AIMING (Aiming at (-61.5, 84.5, -114.5))
============================
[12:32:32.630] [DEBUG] [PATHFINDER] Blocked at: BlockPos{x=-60, y=85, z=-114} | Feet: Air | FloorSolid: false
[12:32:32.630] [DEBUG] [PATHFINDER] Blocked at: BlockPos{x=-60, y=85, z=-112} | Feet: Air | FloorSolid: false
[12:32:32.630] [DEBUG] [PATHFINDER] Blocked at: BlockPos{x=-59, y=85, z=-113} | Feet: Air | FloorSolid: false
[12:32:32.631] [DEBUG] [PATHFINDER] Blocked at: BlockPos{x=-61, y=85, z=-113} | Feet: Air | FloorSolid: false
[12:32:32.631] [DEBUG] [PATHFINDER] Blocked at: BlockPos{x=-60, y=83, z=-114} | Feet: Black Concrete | FloorSolid: true
[12:32:32.631] [DEBUG] [PATHFINDER] Blocked at: BlockPos{x=-60, y=83, z=-112} | Feet: Black Concrete | FloorSolid: true
[12:32:32.631] [DEBUG] [PATHFINDER] Blocked at: BlockPos{x=-59, y=83, z=-113} | Feet: Gray Concrete | FloorSolid: true
[12:32:32.631] [DEBUG] [PATHFINDER] Blocked at: BlockPos{x=-61, y=83, z=-113} | Feet: White Concrete | FloorSolid: true
[12:32:32.631] [DEBUG] [PATHFINDER] Blocked at: BlockPos{x=-60, y=85, z=-115} | Feet: Air | FloorSolid: false
[12:32:32.631] [DEBUG] [PATHFINDER] Blocked at: BlockPos{x=-60, y=85, z=-113} | Feet: Air | FloorSolid: false
[12:32:32.631] [DEBUG] [PATHFINDER] Blocked at: BlockPos{x=-59, y=85, z=-114} | Feet: Air | FloorSolid: false
[12:32:32.632] [DEBUG] [PATHFINDER] Blocked at: BlockPos{x=-61, y=85, z=-114} | Feet: Air | FloorSolid: false
[12:32:32.632] [DEBUG] [PATHFINDER] Blocked at: BlockPos{x=-60, y=83, z=-115} | Feet: Black Concrete | FloorSolid: true
[12:32:32.632] [DEBUG] [PATHFINDER] Blocked at: BlockPos{x=-60, y=83, z=-113} | Feet: Black Concrete | FloorSolid: true
[12:32:32.632] [DEBUG] [PATHFINDER] Blocked at: BlockPos{x=-59, y=83, z=-114} | Feet: Gray Concrete | FloorSolid: true
[12:32:32.632] [DEBUG] [PATHFINDER] Blocked at: BlockPos{x=-61, y=83, z=-114} | Feet: White Concrete | FloorSolid: true
[12:32:33.321] [INFO] [DEBUG] 
===== MOBILEMINER DIAGNOSTIC =====
BOT
- State: AIMING (Aiming at (-61.5, 84.5, -114.5))
- Active Task: ShadowBotTask
TASK
- Pool Size: 2
- Last Completed: DiagnosticTestTask
- Last Failed: AimingTask (Aiming timed out)
PLAYER
- Pos: (-59.64912243583637, 84.0, -112.36937027821944)
PERCEPTION
- Target: null
- Failures: 0
ENGINE
- Last Tick: 5µs
RECENT STATE TRANSITIONS
...->AIMING (Reached destination)
...->MOVING_TO_TARGET (Moving to BlockPos{x=-62, y=84, z=-115})
...->AIMING (Aiming at (-61.5, 84.5, -114.5))
...->RECOVERING (Aiming failed: Aiming timed out)
...->MOVING_TO_TARGET (Moving to BlockPos{x=-62, y=84, z=-115})
...->AIMING (Aiming at (-61.5, 84.5, -114.5))
...->MOVING_TO_TARGET (Moving to BlockPos{x=-62, y=84, z=-115})
...->AIMING (Aiming at (-61.5, 84.5, -114.5))
...->MOVING_TO_TARGET (Moving to BlockPos{x=-62, y=84, z=-115})
...->AIMING (Aiming at (-61.5, 84.5, -114.5))
============================
[12:32:33.622] [DEBUG] [PATHFINDER] Blocked at: BlockPos{x=-59, y=85, z=-115} | Feet: Air | FloorSolid: false
[12:32:33.623] [DEBUG] [PATHFINDER] Blocked at: BlockPos{x=-59, y=85, z=-113} | Feet: Air | FloorSolid: false
[12:32:33.623] [DEBUG] [PATHFINDER] Blocked at: BlockPos{x=-58, y=85, z=-114} | Feet: Air | FloorSolid: false
[12:32:33.623] [DEBUG] [PATHFINDER] Blocked at: BlockPos{x=-60, y=85, z=-114} | Feet: Air | FloorSolid: false
[12:32:33.623] [DEBUG] [PATHFINDER] Blocked at: BlockPos{x=-59, y=83, z=-115} | Feet: Gray Concrete | FloorSolid: true
[12:32:33.623] [DEBUG] [PATHFINDER] Blocked at: BlockPos{x=-59, y=83, z=-113} | Feet: Gray Concrete | FloorSolid: true
[12:32:33.623] [DEBUG] [PATHFINDER] Blocked at: BlockPos{x=-58, y=83, z=-114} | Feet: Light Gray Concrete | FloorSolid: true
[12:32:33.623] [DEBUG] [PATHFINDER] Blocked at: BlockPos{x=-60, y=83, z=-114} | Feet: Black Concrete | FloorSolid: true
[12:32:33.624] [DEBUG] [PATHFINDER] Blocked at: BlockPos{x=-60, y=85, z=-115} | Feet: Air | FloorSolid: false
[12:32:33.624] [DEBUG] [PATHFINDER] Blocked at: BlockPos{x=-60, y=85, z=-113} | Feet: Air | FloorSolid: false
[12:32:33.624] [DEBUG] [PATHFINDER] Blocked at: BlockPos{x=-59, y=85, z=-114} | Feet: Air | FloorSolid: false
[12:32:33.624] [DEBUG] [PATHFINDER] Blocked at: BlockPos{x=-61, y=85, z=-114} | Feet: Air | FloorSolid: false
[12:32:33.624] [DEBUG] [PATHFINDER] Blocked at: BlockPos{x=-60, y=83, z=-115} | Feet: Black Concrete | FloorSolid: true
[12:32:33.624] [DEBUG] [PATHFINDER] Blocked at: BlockPos{x=-60, y=83, z=-113} | Feet: Black Concrete | FloorSolid: true
[12:32:33.624] [DEBUG] [PATHFINDER] Blocked at: BlockPos{x=-59, y=83, z=-114} | Feet: Gray Concrete | FloorSolid: true
[12:32:33.624] [DEBUG] [PATHFINDER] Blocked at: BlockPos{x=-61, y=83, z=-114} | Feet: White Concrete | FloorSolid: true
[12:32:34.319] [INFO] [DEBUG] 
===== MOBILEMINER DIAGNOSTIC =====
BOT
- State: AIMING (Aiming at (-61.5, 84.5, -114.5))
- Active Task: ShadowBotTask
TASK
- Pool Size: 2
- Last Completed: DiagnosticTestTask
- Last Failed: AimingTask (Aiming timed out)
PLAYER
- Pos: (-58.79228202902018, 84.0, -113.95685414898874)
PERCEPTION
- Target: null
- Failures: 0
ENGINE
- Last Tick: 7µs
RECENT STATE TRANSITIONS
...->AIMING (Aiming at (-61.5, 84.5, -114.5))
...->RECOVERING (Aiming failed: Aiming timed out)
...->MOVING_TO_TARGET (Moving to BlockPos{x=-62, y=84, z=-115})
...->AIMING (Aiming at (-61.5, 84.5, -114.5))
...->MOVING_TO_TARGET (Moving to BlockPos{x=-62, y=84, z=-115})
...->AIMING (Aiming at (-61.5, 84.5, -114.5))
...->MOVING_TO_TARGET (Moving to BlockPos{x=-62, y=84, z=-115})
...->AIMING (Aiming at (-61.5, 84.5, -114.5))
...->MOVING_TO_TARGET (Moving to BlockPos{x=-62, y=84, z=-115})
...->AIMING (Aiming at (-61.5, 84.5, -114.5))
============================
[12:32:34.676] [DEBUG] [PATHFINDER] Blocked at: BlockPos{x=-59, y=85, z=-115} | Feet: Air | FloorSolid: false
[12:32:34.676] [DEBUG] [PATHFINDER] Blocked at: BlockPos{x=-59, y=85, z=-113} | Feet: Air | FloorSolid: false
[12:32:34.677] [DEBUG] [PATHFINDER] Blocked at: BlockPos{x=-58, y=85, z=-114} | Feet: Air | FloorSolid: false
[12:32:34.677] [DEBUG] [PATHFINDER] Blocked at: BlockPos{x=-60, y=85, z=-114} | Feet: Air | FloorSolid: false
[12:32:34.677] [DEBUG] [PATHFINDER] Blocked at: BlockPos{x=-59, y=86, z=-115} | Feet: Air | FloorSolid: false
[12:32:34.678] [DEBUG] [PATHFINDER] Blocked at: BlockPos{x=-59, y=86, z=-113} | Feet: Air | FloorSolid: false
[12:32:34.678] [DEBUG] [PATHFINDER] Blocked at: BlockPos{x=-58, y=86, z=-114} | Feet: Air | FloorSolid: false
[12:32:34.678] [DEBUG] [PATHFINDER] Blocked at: BlockPos{x=-60, y=86, z=-114} | Feet: Air | FloorSolid: false
[12:32:34.678] [DEBUG] [PATHFINDER] Blocked at: BlockPos{x=-60, y=85, z=-115} | Feet: Air | FloorSolid: false
[12:32:34.678] [DEBUG] [PATHFINDER] Blocked at: BlockPos{x=-60, y=85, z=-113} | Feet: Air | FloorSolid: false
[12:32:34.679] [DEBUG] [PATHFINDER] Blocked at: BlockPos{x=-59, y=85, z=-114} | Feet: Air | FloorSolid: false
[12:32:34.679] [DEBUG] [PATHFINDER] Blocked at: BlockPos{x=-61, y=85, z=-114} | Feet: Air | FloorSolid: false
[12:32:34.679] [DEBUG] [PATHFINDER] Blocked at: BlockPos{x=-60, y=83, z=-115} | Feet: Black Concrete | FloorSolid: true
[12:32:34.679] [DEBUG] [PATHFINDER] Blocked at: BlockPos{x=-60, y=83, z=-113} | Feet: Black Concrete | FloorSolid: true
[12:32:34.679] [DEBUG] [PATHFINDER] Blocked at: BlockPos{x=-59, y=83, z=-114} | Feet: Gray Concrete | FloorSolid: true
[12:32:34.680] [DEBUG] [PATHFINDER] Blocked at: BlockPos{x=-61, y=83, z=-114} | Feet: White Concrete | FloorSolid: true
[12:32:35.319] [INFO] [DEBUG] 
===== MOBILEMINER DIAGNOSTIC =====
BOT
- State: AIMING (Aiming at (-61.5, 84.5, -114.5))
- Active Task: ShadowBotTask
TASK
- Pool Size: 2
- Last Completed: DiagnosticTestTask
- Last Failed: AimingTask (Aiming timed out)
PLAYER
- Pos: (-58.91016894120288, 85.25220334025373, -113.92541983622266)
PERCEPTION
- Target: null
- Failures: 0
ENGINE
- Last Tick: 7µs
RECENT STATE TRANSITIONS
...->MOVING_TO_TARGET (Moving to BlockPos{x=-62, y=84, z=-115})
...->AIMING (Aiming at (-61.5, 84.5, -114.5))
...->MOVING_TO_TARGET (Moving to BlockPos{x=-62, y=84, z=-115})
...->AIMING (Aiming at (-61.5, 84.5, -114.5))
...->MOVING_TO_TARGET (Moving to BlockPos{x=-62, y=84, z=-115})
...->AIMING (Aiming at (-61.5, 84.5, -114.5))
...->MOVING_TO_TARGET (Moving to BlockPos{x=-62, y=84, z=-115})
...->AIMING (Aiming at (-61.5, 84.5, -114.5))
...->MOVING_TO_TARGET (Moving to BlockPos{x=-62, y=84, z=-115})
...->AIMING (Aiming at (-61.5, 84.5, -114.5))
============================
[12:32:36.319] [INFO] [DEBUG] 
===== MOBILEMINER DIAGNOSTIC =====
BOT
- State: AIMING (Aiming at (-61.5, 84.5, -114.5))
- Active Task: ShadowBotTask
TASK
- Pool Size: 2
- Last Completed: DiagnosticTestTask
- Last Failed: AimingTask (Aiming timed out)
PLAYER
- Pos: (-59.04383063958379, 84.1212968405392, -113.94626078761989)
PERCEPTION
- Target: null
- Failures: 0
ENGINE
- Last Tick: 5µs
RECENT STATE TRANSITIONS
...->MOVING_TO_TARGET (Moving to BlockPos{x=-62, y=84, z=-115})
...->AIMING (Aiming at (-61.5, 84.5, -114.5))
...->MOVING_TO_TARGET (Moving to BlockPos{x=-62, y=84, z=-115})
...->AIMING (Aiming at (-61.5, 84.5, -114.5))
...->MOVING_TO_TARGET (Moving to BlockPos{x=-62, y=84, z=-115})
...->AIMING (Aiming at (-61.5, 84.5, -114.5))
...->MOVING_TO_TARGET (Moving to BlockPos{x=-62, y=84, z=-115})
...->AIMING (Aiming at (-61.5, 84.5, -114.5))
...->MOVING_TO_TARGET (Moving to BlockPos{x=-62, y=84, z=-115})
...->AIMING (Aiming at (-61.5, 84.5, -114.5))
============================
[12:32:37.337] [INFO] [DEBUG] 
===== MOBILEMINER DIAGNOSTIC =====
BOT
- State: RECOVERING (Aiming failed: Aiming timed out)
- Active Task: ShadowBotTask
TASK
- Pool Size: 2
- Last Completed: DiagnosticTestTask
- Last Failed: AimingTask (Aiming timed out)
PLAYER
- Pos: (-61.19440033878653, 84.0, -114.38841515008323)
PERCEPTION
- Target: null
- Failures: 0
ENGINE
- Last Tick: 15µs
RECENT STATE TRANSITIONS
...->AIMING (Aiming at (-61.5, 84.5, -114.5))
...->MOVING_TO_TARGET (Moving to BlockPos{x=-62, y=84, z=-115})
...->AIMING (Aiming at (-61.5, 84.5, -114.5))
...->MOVING_TO_TARGET (Moving to BlockPos{x=-62, y=84, z=-115})
...->AIMING (Aiming at (-61.5, 84.5, -114.5))
...->MOVING_TO_TARGET (Moving to BlockPos{x=-62, y=84, z=-115})
...->AIMING (Aiming at (-61.5, 84.5, -114.5))
...->MOVING_TO_TARGET (Moving to BlockPos{x=-62, y=84, z=-115})
...->AIMING (Aiming at (-61.5, 84.5, -114.5))
...->RECOVERING (Aiming failed: Aiming timed out)
============================
[12:32:38.326] [INFO] [DEBUG] 
===== MOBILEMINER DIAGNOSTIC =====
BOT
- State: RECOVERING (Aiming failed: Aiming timed out)
- Active Task: ShadowBotTask
TASK
- Pool Size: 2
- Last Completed: DiagnosticTestTask
- Last Failed: AimingTask (Aiming timed out)
PLAYER
- Pos: (-61.22149484319793, 85.25220334025373, -114.39398574532073)
PERCEPTION
- Target: null
- Failures: 0
ENGINE
- Last Tick: 19µs
RECENT STATE TRANSITIONS
...->AIMING (Aiming at (-61.5, 84.5, -114.5))
...->MOVING_TO_TARGET (Moving to BlockPos{x=-62, y=84, z=-115})
...->AIMING (Aiming at (-61.5, 84.5, -114.5))
...->MOVING_TO_TARGET (Moving to BlockPos{x=-62, y=84, z=-115})
...->AIMING (Aiming at (-61.5, 84.5, -114.5))
...->MOVING_TO_TARGET (Moving to BlockPos{x=-62, y=84, z=-115})
...->AIMING (Aiming at (-61.5, 84.5, -114.5))
...->MOVING_TO_TARGET (Moving to BlockPos{x=-62, y=84, z=-115})
...->AIMING (Aiming at (-61.5, 84.5, -114.5))
...->RECOVERING (Aiming failed: Aiming timed out)
============================
[12:32:39.328] [DEBUG] [PATHFINDER] Blocked at: BlockPos{x=-59, y=85, z=-115} | Feet: Air | FloorSolid: false
[12:32:39.329] [DEBUG] [PATHFINDER] Blocked at: BlockPos{x=-59, y=85, z=-113} | Feet: Air | FloorSolid: false
[12:32:39.329] [DEBUG] [PATHFINDER] Blocked at: BlockPos{x=-58, y=85, z=-114} | Feet: Air | FloorSolid: false
[12:32:39.329] [DEBUG] [PATHFINDER] Blocked at: BlockPos{x=-60, y=85, z=-114} | Feet: Air | FloorSolid: false
[12:32:39.329] [DEBUG] [PATHFINDER] Blocked at: BlockPos{x=-59, y=83, z=-115} | Feet: Gray Concrete | FloorSolid: true
[12:32:39.329] [DEBUG] [PATHFINDER] Blocked at: BlockPos{x=-59, y=83, z=-113} | Feet: Gray Concrete | FloorSolid: true
[12:32:39.330] [DEBUG] [PATHFINDER] Blocked at: BlockPos{x=-58, y=83, z=-114} | Feet: Light Gray Concrete | FloorSolid: true
[12:32:39.330] [DEBUG] [PATHFINDER] Blocked at: BlockPos{x=-60, y=83, z=-114} | Feet: Black Concrete | FloorSolid: true
[12:32:39.330] [DEBUG] [PATHFINDER] Blocked at: BlockPos{x=-60, y=85, z=-115} | Feet: Air | FloorSolid: false
[12:32:39.330] [DEBUG] [PATHFINDER] Blocked at: BlockPos{x=-60, y=85, z=-113} | Feet: Air | FloorSolid: false
[12:32:39.330] [DEBUG] [PATHFINDER] Blocked at: BlockPos{x=-59, y=85, z=-114} | Feet: Air | FloorSolid: false
[12:32:39.330] [DEBUG] [PATHFINDER] Blocked at: BlockPos{x=-61, y=85, z=-114} | Feet: Air | FloorSolid: false
[12:32:39.331] [DEBUG] [PATHFINDER] Blocked at: BlockPos{x=-60, y=83, z=-115} | Feet: Black Concrete | FloorSolid: true
[12:32:39.331] [DEBUG] [PATHFINDER] Blocked at: BlockPos{x=-60, y=83, z=-113} | Feet: Black Concrete | FloorSolid: true
[12:32:39.331] [DEBUG] [PATHFINDER] Blocked at: BlockPos{x=-59, y=83, z=-114} | Feet: Gray Concrete | FloorSolid: true
[12:32:39.331] [DEBUG] [PATHFINDER] Blocked at: BlockPos{x=-61, y=83, z=-114} | Feet: White Concrete | FloorSolid: true
[12:32:39.331] [INFO] [DEBUG] 
===== MOBILEMINER DIAGNOSTIC =====
BOT
- State: MOVING_TO_TARGET (Moving to BlockPos{x=-62, y=84, z=-115})
- Active Task: ShadowBotTask
TASK
- Pool Size: 2
- Last Completed: DiagnosticTestTask
- Last Failed: AimingTask (Aiming timed out)
PLAYER
- Pos: (-58.47957117993899, 84.0, -113.83024976889507)
PERCEPTION
- Target: null
- Failures: 0
ENGINE
- Last Tick: 3040µs
RECENT STATE TRANSITIONS
...->MOVING_TO_TARGET (Moving to BlockPos{x=-62, y=84, z=-115})
...->AIMING (Aiming at (-61.5, 84.5, -114.5))
...->MOVING_TO_TARGET (Moving to BlockPos{x=-62, y=84, z=-115})
...->AIMING (Aiming at (-61.5, 84.5, -114.5))
...->MOVING_TO_TARGET (Moving to BlockPos{x=-62, y=84, z=-115})
...->AIMING (Aiming at (-61.5, 84.5, -114.5))
...->MOVING_TO_TARGET (Moving to BlockPos{x=-62, y=84, z=-115})
...->AIMING (Aiming at (-61.5, 84.5, -114.5))
...->RECOVERING (Aiming failed: Aiming timed out)
...->MOVING_TO_TARGET (Moving to BlockPos{x=-62, y=84, z=-115})
============================
[12:32:40.329] [INFO] [DEBUG] 
===== MOBILEMINER DIAGNOSTIC =====
BOT
- State: AIMING (Aiming at (-61.5, 84.5, -114.5))
- Active Task: ShadowBotTask
TASK
- Pool Size: 2
- Last Completed: DiagnosticTestTask
- Last Failed: AimingTask (Aiming timed out)
PLAYER
- Pos: (-58.90697404328076, 84.0, -113.51288151033755)
PERCEPTION
- Target: null
- Failures: 0
ENGINE
- Last Tick: 6µs
RECENT STATE TRANSITIONS
...->AIMING (Aiming at (-61.5, 84.5, -114.5))
...->MOVING_TO_TARGET (Moving to BlockPos{x=-62, y=84, z=-115})
...->AIMING (Aiming at (-61.5, 84.5, -114.5))
...->MOVING_TO_TARGET (Moving to BlockPos{x=-62, y=84, z=-115})
...->AIMING (Aiming at (-61.5, 84.5, -114.5))
...->MOVING_TO_TARGET (Moving to BlockPos{x=-62, y=84, z=-115})
...->AIMING (Aiming at (-61.5, 84.5, -114.5))
...->RECOVERING (Aiming failed: Aiming timed out)
...->MOVING_TO_TARGET (Moving to BlockPos{x=-62, y=84, z=-115})
...->AIMING (Aiming at (-61.5, 84.5, -114.5))
============================
[12:32:40.968] [DEBUG] [PATHFINDER] Blocked at: BlockPos{x=-59, y=85, z=-115} | Feet: Air | FloorSolid: false
[12:32:40.968] [DEBUG] [PATHFINDER] Blocked at: BlockPos{x=-59, y=85, z=-113} | Feet: Air | FloorSolid: false
[12:32:40.968] [DEBUG] [PATHFINDER] Blocked at: BlockPos{x=-58, y=85, z=-114} | Feet: Air | FloorSolid: false
[12:32:40.969] [DEBUG] [PATHFINDER] Blocked at: BlockPos{x=-60, y=85, z=-114} | Feet: Air | FloorSolid: false
[12:32:40.969] [DEBUG] [PATHFINDER] Blocked at: BlockPos{x=-59, y=86, z=-115} | Feet: Air | FloorSolid: false
[12:32:40.969] [DEBUG] [PATHFINDER] Blocked at: BlockPos{x=-59, y=86, z=-113} | Feet: Air | FloorSolid: false
[12:32:40.969] [DEBUG] [PATHFINDER] Blocked at: BlockPos{x=-58, y=86, z=-114} | Feet: Air | FloorSolid: false
[12:32:40.970] [DEBUG] [PATHFINDER] Blocked at: BlockPos{x=-60, y=86, z=-114} | Feet: Air | FloorSolid: false
[12:32:40.970] [DEBUG] [PATHFINDER] Blocked at: BlockPos{x=-60, y=85, z=-115} | Feet: Air | FloorSolid: false
[12:32:40.970] [DEBUG] [PATHFINDER] Blocked at: BlockPos{x=-60, y=85, z=-113} | Feet: Air | FloorSolid: false
[12:32:40.970] [DEBUG] [PATHFINDER] Blocked at: BlockPos{x=-59, y=85, z=-114} | Feet: Air | FloorSolid: false
[12:32:40.970] [DEBUG] [PATHFINDER] Blocked at: BlockPos{x=-61, y=85, z=-114} | Feet: Air | FloorSolid: false
[12:32:40.970] [DEBUG] [PATHFINDER] Blocked at: BlockPos{x=-60, y=83, z=-115} | Feet: Black Concrete | FloorSolid: true
[12:32:40.971] [DEBUG] [PATHFINDER] Blocked at: BlockPos{x=-60, y=83, z=-113} | Feet: Black Concrete | FloorSolid: true
[12:32:40.971] [DEBUG] [PATHFINDER] Blocked at: BlockPos{x=-59, y=83, z=-114} | Feet: Gray Concrete | FloorSolid: true
[12:32:40.971] [DEBUG] [PATHFINDER] Blocked at: BlockPos{x=-61, y=83, z=-114} | Feet: White Concrete | FloorSolid: true
[12:32:41.330] [INFO] [DEBUG] 
===== MOBILEMINER DIAGNOSTIC =====
BOT
- State: AIMING (Aiming at (-61.5, 84.5, -114.5))
- Active Task: ShadowBotTask
TASK
- Pool Size: 2
- Last Completed: DiagnosticTestTask
- Last Failed: AimingTask (Aiming timed out)
PLAYER
- Pos: (-58.925907532101036, 84.0, -113.51182513803886)
PERCEPTION
- Target: null
- Failures: 0
ENGINE
- Last Tick: 7µs
RECENT STATE TRANSITIONS
...->AIMING (Aiming at (-61.5, 84.5, -114.5))
...->MOVING_TO_TARGET (Moving to BlockPos{x=-62, y=84, z=-115})
...->AIMING (Aiming at (-61.5, 84.5, -114.5))
...->MOVING_TO_TARGET (Moving to BlockPos{x=-62, y=84, z=-115})
...->AIMING (Aiming at (-61.5, 84.5, -114.5))
...->RECOVERING (Aiming failed: Aiming timed out)
...->MOVING_TO_TARGET (Moving to BlockPos{x=-62, y=84, z=-115})
...->AIMING (Aiming at (-61.5, 84.5, -114.5))
...->MOVING_TO_TARGET (Moving to BlockPos{x=-62, y=84, z=-115})
...->AIMING (Aiming at (-61.5, 84.5, -114.5))
============================
[12:32:41.575] [DEBUG] [PATHFINDER] Blocked at: BlockPos{x=-59, y=85, z=-115} | Feet: Air | FloorSolid: false
[12:32:41.575] [DEBUG] [PATHFINDER] Blocked at: BlockPos{x=-59, y=85, z=-113} | Feet: Air | FloorSolid: false
[12:32:41.576] [DEBUG] [PATHFINDER] Blocked at: BlockPos{x=-58, y=85, z=-114} | Feet: Air | FloorSolid: false
[12:32:41.576] [DEBUG] [PATHFINDER] Blocked at: BlockPos{x=-60, y=85, z=-114} | Feet: Air | FloorSolid: false
[12:32:41.576] [DEBUG] [PATHFINDER] Blocked at: BlockPos{x=-59, y=86, z=-115} | Feet: Air | FloorSolid: false
[12:32:41.576] [DEBUG] [PATHFINDER] Blocked at: BlockPos{x=-59, y=86, z=-113} | Feet: Air | FloorSolid: false
[12:32:41.576] [DEBUG] [PATHFINDER] Blocked at: BlockPos{x=-58, y=86, z=-114} | Feet: Air | FloorSolid: false
[12:32:41.577] [DEBUG] [PATHFINDER] Blocked at: BlockPos{x=-60, y=86, z=-114} | Feet: Air | FloorSolid: false
[12:32:41.577] [DEBUG] [PATHFINDER] Blocked at: BlockPos{x=-60, y=85, z=-115} | Feet: Air | FloorSolid: false
[12:32:41.577] [DEBUG] [PATHFINDER] Blocked at: BlockPos{x=-60, y=85, z=-113} | Feet: Air | FloorSolid: false
[12:32:41.577] [DEBUG] [PATHFINDER] Blocked at: BlockPos{x=-59, y=85, z=-114} | Feet: Air | FloorSolid: false
[12:32:41.577] [DEBUG] [PATHFINDER] Blocked at: BlockPos{x=-61, y=85, z=-114} | Feet: Air | FloorSolid: false
[12:32:41.578] [DEBUG] [PATHFINDER] Blocked at: BlockPos{x=-60, y=83, z=-115} | Feet: Black Concrete | FloorSolid: true
[12:32:41.578] [DEBUG] [PATHFINDER] Blocked at: BlockPos{x=-60, y=83, z=-113} | Feet: Black Concrete | FloorSolid: true
[12:32:41.578] [DEBUG] [PATHFINDER] Blocked at: BlockPos{x=-59, y=83, z=-114} | Feet: Gray Concrete | FloorSolid: true
[12:32:41.578] [DEBUG] [PATHFINDER] Blocked at: BlockPos{x=-61, y=83, z=-114} | Feet: White Concrete | FloorSolid: true
[12:32:42.325] [INFO] [DEBUG] 
===== MOBILEMINER DIAGNOSTIC =====
BOT
- State: AIMING (Aiming at (-61.5, 84.5, -114.5))
- Active Task: ShadowBotTask
TASK
- Pool Size: 2
- Last Completed: DiagnosticTestTask
- Last Failed: AimingTask (Aiming timed out)
PLAYER
- Pos: (-58.925907532101036, 84.0, -113.51182513803886)
PERCEPTION
- Target: null
- Failures: 0
ENGINE
- Last Tick: 6µs
RECENT STATE TRANSITIONS
...->AIMING (Aiming at (-61.5, 84.5, -114.5))
...->MOVING_TO_TARGET (Moving to BlockPos{x=-62, y=84, z=-115})
...->AIMING (Aiming at (-61.5, 84.5, -114.5))
...->RECOVERING (Aiming failed: Aiming timed out)
...->MOVING_TO_TARGET (Moving to BlockPos{x=-62, y=84, z=-115})
...->AIMING (Aiming at (-61.5, 84.5, -114.5))
...->MOVING_TO_TARGET (Moving to BlockPos{x=-62, y=84, z=-115})
...->AIMING (Aiming at (-61.5, 84.5, -114.5))
...->MOVING_TO_TARGET (Moving to BlockPos{x=-62, y=84, z=-115})
...->AIMING (Aiming at (-61.5, 84.5, -114.5))
============================
[12:32:43.317] [INFO] [DEBUG] 
===== MOBILEMINER DIAGNOSTIC =====
BOT
- State: AIMING (Aiming at (-61.5, 84.5, -114.5))
- Active Task: ShadowBotTask
TASK
- Pool Size: 2
- Last Completed: DiagnosticTestTask
- Last Failed: AimingTask (Aiming timed out)
PLAYER
- Pos: (-58.925907532101036, 84.0, -113.51182513803886)
PERCEPTION
- Target: null
- Failures: 0
ENGINE
- Last Tick: 6µs
RECENT STATE TRANSITIONS
...->AIMING (Aiming at (-61.5, 84.5, -114.5))
...->MOVING_TO_TARGET (Moving to BlockPos{x=-62, y=84, z=-115})
...->AIMING (Aiming at (-61.5, 84.5, -114.5))
...->RECOVERING (Aiming failed: Aiming timed out)
...->MOVING_TO_TARGET (Moving to BlockPos{x=-62, y=84, z=-115})
...->AIMING (Aiming at (-61.5, 84.5, -114.5))
...->MOVING_TO_TARGET (Moving to BlockPos{x=-62, y=84, z=-115})
...->AIMING (Aiming at (-61.5, 84.5, -114.5))
...->MOVING_TO_TARGET (Moving to BlockPos{x=-62, y=84, z=-115})
...->AIMING (Aiming at (-61.5, 84.5, -114.5))
============================
[12:32:44.320] [INFO] [DEBUG] 
===== MOBILEMINER DIAGNOSTIC =====
BOT
- State: RECOVERING (Aiming failed: Aiming timed out)
- Active Task: ShadowBotTask
TASK
- Pool Size: 2
- Last Completed: DiagnosticTestTask
- Last Failed: AimingTask (Aiming timed out)
PLAYER
- Pos: (-58.925907532101036, 84.0, -113.51182513803886)
PERCEPTION
- Target: null
- Failures: 0
ENGINE
- Last Tick: 13µs
RECENT STATE TRANSITIONS
...->MOVING_TO_TARGET (Moving to BlockPos{x=-62, y=84, z=-115})
...->AIMING (Aiming at (-61.5, 84.5, -114.5))
...->RECOVERING (Aiming failed: Aiming timed out)
...->MOVING_TO_TARGET (Moving to BlockPos{x=-62, y=84, z=-115})
...->AIMING (Aiming at (-61.5, 84.5, -114.5))
...->MOVING_TO_TARGET (Moving to BlockPos{x=-62, y=84, z=-115})
...->AIMING (Aiming at (-61.5, 84.5, -114.5))
...->MOVING_TO_TARGET (Moving to BlockPos{x=-62, y=84, z=-115})
...->AIMING (Aiming at (-61.5, 84.5, -114.5))
...->RECOVERING (Aiming failed: Aiming timed out)
============================
[12:32:45.318] [INFO] [DEBUG] 
===== MOBILEMINER DIAGNOSTIC =====
BOT
- State: RECOVERING (Aiming failed: Aiming timed out)
- Active Task: ShadowBotTask
TASK
- Pool Size: 2
- Last Completed: DiagnosticTestTask
- Last Failed: AimingTask (Aiming timed out)
PLAYER
- Pos: (-58.925907532101036, 84.0, -113.51182513803886)
PERCEPTION
- Target: null
- Failures: 0
ENGINE
- Last Tick: 12µs
RECENT STATE TRANSITIONS
...->MOVING_TO_TARGET (Moving to BlockPos{x=-62, y=84, z=-115})
...->AIMING (Aiming at (-61.5, 84.5, -114.5))
...->RECOVERING (Aiming failed: Aiming timed out)
...->MOVING_TO_TARGET (Moving to BlockPos{x=-62, y=84, z=-115})
...->AIMING (Aiming at (-61.5, 84.5, -114.5))
...->MOVING_TO_TARGET (Moving to BlockPos{x=-62, y=84, z=-115})
...->AIMING (Aiming at (-61.5, 84.5, -114.5))
...->MOVING_TO_TARGET (Moving to BlockPos{x=-62, y=84, z=-115})
...->AIMING (Aiming at (-61.5, 84.5, -114.5))
...->RECOVERING (Aiming failed: Aiming timed out)
============================
[12:32:46.327] [INFO] [DEBUG] 
===== MOBILEMINER DIAGNOSTIC =====
BOT
- State: RECOVERING (Aiming failed: Aiming timed out)
- Active Task: ShadowBotTask
TASK
- Pool Size: 2
- Last Completed: DiagnosticTestTask
- Last Failed: AimingTask (Aiming timed out)
PLAYER
- Pos: (-58.925907532101036, 84.0, -113.51182513803886)
PERCEPTION
- Target: null
- Failures: 0
ENGINE
- Last Tick: 13µs
RECENT STATE TRANSITIONS
...->MOVING_TO_TARGET (Moving to BlockPos{x=-62, y=84, z=-115})
...->AIMING (Aiming at (-61.5, 84.5, -114.5))
...->RECOVERING (Aiming failed: Aiming timed out)
...->MOVING_TO_TARGET (Moving to BlockPos{x=-62, y=84, z=-115})
...->AIMING (Aiming at (-61.5, 84.5, -114.5))
...->MOVING_TO_TARGET (Moving to BlockPos{x=-62, y=84, z=-115})
...->AIMING (Aiming at (-61.5, 84.5, -114.5))
...->MOVING_TO_TARGET (Moving to BlockPos{x=-62, y=84, z=-115})
...->AIMING (Aiming at (-61.5, 84.5, -114.5))
...->RECOVERING (Aiming failed: Aiming timed out)
============================
[12:32:47.326] [INFO] [DEBUG] 
===== MOBILEMINER DIAGNOSTIC =====
BOT
- State: RECOVERING (Aiming failed: Aiming timed out)
- Active Task: ShadowBotTask
TASK
- Pool Size: 2
- Last Completed: DiagnosticTestTask
- Last Failed: AimingTask (Aiming timed out)
PLAYER
- Pos: (-58.925907532101036, 84.0, -113.51182513803886)
PERCEPTION
- Target: null
- Failures: 0
ENGINE
- Last Tick: 10µs
RECENT STATE TRANSITIONS
...->MOVING_TO_TARGET (Moving to BlockPos{x=-62, y=84, z=-115})
...->AIMING (Aiming at (-61.5, 84.5, -114.5))
...->RECOVERING (Aiming failed: Aiming timed out)
...->MOVING_TO_TARGET (Moving to BlockPos{x=-62, y=84, z=-115})
...->AIMING (Aiming at (-61.5, 84.5, -114.5))
...->MOVING_TO_TARGET (Moving to BlockPos{x=-62, y=84, z=-115})
...->AIMING (Aiming at (-61.5, 84.5, -114.5))
...->MOVING_TO_TARGET (Moving to BlockPos{x=-62, y=84, z=-115})
...->AIMING (Aiming at (-61.5, 84.5, -114.5))
...->RECOVERING (Aiming failed: Aiming timed out)
============================
[12:32:48.323] [INFO] [DEBUG] 
===== MOBILEMINER DIAGNOSTIC =====
BOT
- State: RECOVERING (Aiming failed: Aiming timed out)
- Active Task: ShadowBotTask
TASK
- Pool Size: 2
- Last Completed: DiagnosticTestTask
- Last Failed: AimingTask (Aiming timed out)
PLAYER
- Pos: (-58.925907532101036, 84.0, -113.51182513803886)
PERCEPTION
- Target: null
- Failures: 0
ENGINE
- Last Tick: 12µs
RECENT STATE TRANSITIONS
...->MOVING_TO_TARGET (Moving to BlockPos{x=-62, y=84, z=-115})
...->AIMING (Aiming at (-61.5, 84.5, -114.5))
...->RECOVERING (Aiming failed: Aiming timed out)
...->MOVING_TO_TARGET (Moving to BlockPos{x=-62, y=84, z=-115})
...->AIMING (Aiming at (-61.5, 84.5, -114.5))
...->MOVING_TO_TARGET (Moving to BlockPos{x=-62, y=84, z=-115})
...->AIMING (Aiming at (-61.5, 84.5, -114.5))
...->MOVING_TO_TARGET (Moving to BlockPos{x=-62, y=84, z=-115})
...->AIMING (Aiming at (-61.5, 84.5, -114.5))
...->RECOVERING (Aiming failed: Aiming timed out)
============================
[12:32:49.316] [INFO] [DEBUG] 
===== MOBILEMINER DIAGNOSTIC =====
BOT
- State: RECOVERING (Aiming failed: Aiming timed out)
- Active Task: ShadowBotTask
TASK
- Pool Size: 2
- Last Completed: DiagnosticTestTask
- Last Failed: AimingTask (Aiming timed out)
PLAYER
- Pos: (-58.925907532101036, 84.0, -113.51182513803886)
PERCEPTION
- Target: null
- Failures: 0
ENGINE
- Last Tick: 12µs
RECENT STATE TRANSITIONS
...->MOVING_TO_TARGET (Moving to BlockPos{x=-62, y=84, z=-115})
...->AIMING (Aiming at (-61.5, 84.5, -114.5))
...->RECOVERING (Aiming failed: Aiming timed out)
...->MOVING_TO_TARGET (Moving to BlockPos{x=-62, y=84, z=-115})
...->AIMING (Aiming at (-61.5, 84.5, -114.5))
...->MOVING_TO_TARGET (Moving to BlockPos{x=-62, y=84, z=-115})
...->AIMING (Aiming at (-61.5, 84.5, -114.5))
...->MOVING_TO_TARGET (Moving to BlockPos{x=-62, y=84, z=-115})
...->AIMING (Aiming at (-61.5, 84.5, -114.5))
...->RECOVERING (Aiming failed: Aiming timed out)
============================
[12:32:50.324] [INFO] [DEBUG] 
===== MOBILEMINER DIAGNOSTIC =====
BOT
- State: RECOVERING (Aiming failed: Aiming timed out)
- Active Task: ShadowBotTask
TASK
- Pool Size: 2
- Last Completed: DiagnosticTestTask
- Last Failed: AimingTask (Aiming timed out)
PLAYER
- Pos: (-58.925907532101036, 84.0, -113.51182513803886)
PERCEPTION
- Target: null
- Failures: 0
ENGINE
- Last Tick: 2µs
RECENT STATE TRANSITIONS
...->MOVING_TO_TARGET (Moving to BlockPos{x=-62, y=84, z=-115})
...->AIMING (Aiming at (-61.5, 84.5, -114.5))
...->RECOVERING (Aiming failed: Aiming timed out)
...->MOVING_TO_TARGET (Moving to BlockPos{x=-62, y=84, z=-115})
...->AIMING (Aiming at (-61.5, 84.5, -114.5))
...->MOVING_TO_TARGET (Moving to BlockPos{x=-62, y=84, z=-115})
...->AIMING (Aiming at (-61.5, 84.5, -114.5))
...->MOVING_TO_TARGET (Moving to BlockPos{x=-62, y=84, z=-115})
...->AIMING (Aiming at (-61.5, 84.5, -114.5))
...->RECOVERING (Aiming failed: Aiming timed out)
============================
[12:32:51.319] [INFO] [DEBUG] 
===== MOBILEMINER DIAGNOSTIC =====
BOT
- State: RECOVERING (Aiming failed: Aiming timed out)
- Active Task: ShadowBotTask
TASK
- Pool Size: 2
- Last Completed: DiagnosticTestTask
- Last Failed: AimingTask (Aiming timed out)
PLAYER
- Pos: (-61.894838581300455, 84.1212968405392, -110.09827916514531)
PERCEPTION
- Target: null
- Failures: 0
ENGINE
- Last Tick: 2µs
RECENT STATE TRANSITIONS
...->MOVING_TO_TARGET (Moving to BlockPos{x=-62, y=84, z=-115})
...->AIMING (Aiming at (-61.5, 84.5, -114.5))
...->RECOVERING (Aiming failed: Aiming timed out)
...->MOVING_TO_TARGET (Moving to BlockPos{x=-62, y=84, z=-115})
...->AIMING (Aiming at (-61.5, 84.5, -114.5))
...->MOVING_TO_TARGET (Moving to BlockPos{x=-62, y=84, z=-115})
...->AIMING (Aiming at (-61.5, 84.5, -114.5))
...->MOVING_TO_TARGET (Moving to BlockPos{x=-62, y=84, z=-115})
...->AIMING (Aiming at (-61.5, 84.5, -114.5))
...->RECOVERING (Aiming failed: Aiming timed out)
============================
[12:32:52.320] [INFO] [DEBUG] 
===== MOBILEMINER DIAGNOSTIC =====
BOT
- State: RECOVERING (Aiming failed: Aiming timed out)
- Active Task: ShadowBotTask
TASK
- Pool Size: 2
- Last Completed: DiagnosticTestTask
- Last Failed: AimingTask (Aiming timed out)
PLAYER
- Pos: (-67.39774307312192, 85.17675927506424, -105.75804695927322)
PERCEPTION
- Target: null
- Failures: 0
ENGINE
- Last Tick: 4µs
RECENT STATE TRANSITIONS
...->MOVING_TO_TARGET (Moving to BlockPos{x=-62, y=84, z=-115})
...->AIMING (Aiming at (-61.5, 84.5, -114.5))
...->RECOVERING (Aiming failed: Aiming timed out)
...->MOVING_TO_TARGET (Moving to BlockPos{x=-62, y=84, z=-115})
...->AIMING (Aiming at (-61.5, 84.5, -114.5))
...->MOVING_TO_TARGET (Moving to BlockPos{x=-62, y=84, z=-115})
...->AIMING (Aiming at (-61.5, 84.5, -114.5))
...->MOVING_TO_TARGET (Moving to BlockPos{x=-62, y=84, z=-115})
...->AIMING (Aiming at (-61.5, 84.5, -114.5))
...->RECOVERING (Aiming failed: Aiming timed out)
============================
[12:32:53.319] [INFO] [DEBUG] 
===== MOBILEMINER DIAGNOSTIC =====
BOT
- State: RECOVERING (Aiming failed: Aiming timed out)
- Active Task: ShadowBotTask
TASK
- Pool Size: 2
- Last Completed: DiagnosticTestTask
- Last Failed: AimingTask (Aiming timed out)
PLAYER
- Pos: (-73.64808724569721, 85.00133597911214, -102.42736938076932)
PERCEPTION
- Target: null
- Failures: 0
ENGINE
- Last Tick: 4µs
RECENT STATE TRANSITIONS
...->MOVING_TO_TARGET (Moving to BlockPos{x=-62, y=84, z=-115})
...->AIMING (Aiming at (-61.5, 84.5, -114.5))
...->RECOVERING (Aiming failed: Aiming timed out)
...->MOVING_TO_TARGET (Moving to BlockPos{x=-62, y=84, z=-115})
...->AIMING (Aiming at (-61.5, 84.5, -114.5))
...->MOVING_TO_TARGET (Moving to BlockPos{x=-62, y=84, z=-115})
...->AIMING (Aiming at (-61.5, 84.5, -114.5))
...->MOVING_TO_TARGET (Moving to BlockPos{x=-62, y=84, z=-115})
...->AIMING (Aiming at (-61.5, 84.5, -114.5))
...->RECOVERING (Aiming failed: Aiming timed out)
============================
[12:32:54.320] [INFO] [DEBUG] 
===== MOBILEMINER DIAGNOSTIC =====
BOT
- State: RECOVERING (Aiming failed: Aiming timed out)
- Active Task: ShadowBotTask
TASK
- Pool Size: 2
- Last Completed: DiagnosticTestTask
- Last Failed: AimingTask (Aiming timed out)
PLAYER
- Pos: (-78.96395751085196, 84.1212968405392, -98.36215924829378)
PERCEPTION
- Target: null
- Failures: 0
ENGINE
- Last Tick: 3µs
RECENT STATE TRANSITIONS
...->MOVING_TO_TARGET (Moving to BlockPos{x=-62, y=84, z=-115})
...->AIMING (Aiming at (-61.5, 84.5, -114.5))
...->RECOVERING (Aiming failed: Aiming timed out)
...->MOVING_TO_TARGET (Moving to BlockPos{x=-62, y=84, z=-115})
...->AIMING (Aiming at (-61.5, 84.5, -114.5))
...->MOVING_TO_TARGET (Moving to BlockPos{x=-62, y=84, z=-115})
...->AIMING (Aiming at (-61.5, 84.5, -114.5))
...->MOVING_TO_TARGET (Moving to BlockPos{x=-62, y=84, z=-115})
...->AIMING (Aiming at (-61.5, 84.5, -114.5))
...->RECOVERING (Aiming failed: Aiming timed out)
============================
[12:32:55.316] [INFO] [DEBUG] 
===== MOBILEMINER DIAGNOSTIC =====
BOT
- State: RECOVERING (Aiming failed: Aiming timed out)
- Active Task: ShadowBotTask
TASK
- Pool Size: 2
- Last Completed: DiagnosticTestTask
- Last Failed: AimingTask (Aiming timed out)
PLAYER
- Pos: (-83.47415223568231, 85.17675927506424, -92.83174140662669)
PERCEPTION
- Target: null
- Failures: 0
ENGINE
- Last Tick: 3µs
RECENT STATE TRANSITIONS
...->MOVING_TO_TARGET (Moving to BlockPos{x=-62, y=84, z=-115})
...->AIMING (Aiming at (-61.5, 84.5, -114.5))
...->RECOVERING (Aiming failed: Aiming timed out)
...->MOVING_TO_TARGET (Moving to BlockPos{x=-62, y=84, z=-115})
...->AIMING (Aiming at (-61.5, 84.5, -114.5))
...->MOVING_TO_TARGET (Moving to BlockPos{x=-62, y=84, z=-115})
...->AIMING (Aiming at (-61.5, 84.5, -114.5))
...->MOVING_TO_TARGET (Moving to BlockPos{x=-62, y=84, z=-115})
...->AIMING (Aiming at (-61.5, 84.5, -114.5))
...->RECOVERING (Aiming failed: Aiming timed out)
============================
[12:32:56.317] [INFO] [DEBUG] 
===== MOBILEMINER DIAGNOSTIC =====
BOT
- State: RECOVERING (Aiming failed: Aiming timed out)
- Active Task: ShadowBotTask
TASK
- Pool Size: 2
- Last Completed: DiagnosticTestTask
- Last Failed: AimingTask (Aiming timed out)
PLAYER
- Pos: (-84.52717426349668, 84.0, -93.24708932898677)
PERCEPTION
- Target: null
- Failures: 0
ENGINE
- Last Tick: 3µs
RECENT STATE TRANSITIONS
...->MOVING_TO_TARGET (Moving to BlockPos{x=-62, y=84, z=-115})
...->AIMING (Aiming at (-61.5, 84.5, -114.5))
...->RECOVERING (Aiming failed: Aiming timed out)
...->MOVING_TO_TARGET (Moving to BlockPos{x=-62, y=84, z=-115})
...->AIMING (Aiming at (-61.5, 84.5, -114.5))
...->MOVING_TO_TARGET (Moving to BlockPos{x=-62, y=84, z=-115})
...->AIMING (Aiming at (-61.5, 84.5, -114.5))
...->MOVING_TO_TARGET (Moving to BlockPos{x=-62, y=84, z=-115})
...->AIMING (Aiming at (-61.5, 84.5, -114.5))
...->RECOVERING (Aiming failed: Aiming timed out)
============================
[12:32:57.328] [INFO] [DEBUG] 
===== MOBILEMINER DIAGNOSTIC =====
BOT
- State: RECOVERING (Aiming failed: Aiming timed out)
- Active Task: ShadowBotTask
TASK
- Pool Size: 2
- Last Completed: DiagnosticTestTask
- Last Failed: AimingTask (Aiming timed out)
PLAYER
- Pos: (-84.52717426349668, 84.0, -93.24708932898677)
PERCEPTION
- Target: null
- Failures: 0
ENGINE
- Last Tick: 4µs
RECENT STATE TRANSITIONS
...->MOVING_TO_TARGET (Moving to BlockPos{x=-62, y=84, z=-115})
...->AIMING (Aiming at (-61.5, 84.5, -114.5))
...->RECOVERING (Aiming failed: Aiming timed out)
...->MOVING_TO_TARGET (Moving to BlockPos{x=-62, y=84, z=-115})
...->AIMING (Aiming at (-61.5, 84.5, -114.5))
...->MOVING_TO_TARGET (Moving to BlockPos{x=-62, y=84, z=-115})
...->AIMING (Aiming at (-61.5, 84.5, -114.5))
...->MOVING_TO_TARGET (Moving to BlockPos{x=-62, y=84, z=-115})
...->AIMING (Aiming at (-61.5, 84.5, -114.5))
...->RECOVERING (Aiming failed: Aiming timed out)
============================
[12:32:58.328] [INFO] [DEBUG] 
===== MOBILEMINER DIAGNOSTIC =====
BOT
- State: RECOVERING (Aiming failed: Aiming timed out)
- Active Task: ShadowBotTask
TASK
- Pool Size: 2
- Last Completed: DiagnosticTestTask
- Last Failed: AimingTask (Aiming timed out)
PLAYER
- Pos: (-84.52717426349668, 84.0, -93.24708932898677)
PERCEPTION
- Target: null
- Failures: 0
ENGINE
- Last Tick: 3µs
RECENT STATE TRANSITIONS
...->MOVING_TO_TARGET (Moving to BlockPos{x=-62, y=84, z=-115})
...->AIMING (Aiming at (-61.5, 84.5, -114.5))
...->RECOVERING (Aiming failed: Aiming timed out)
...->MOVING_TO_TARGET (Moving to BlockPos{x=-62, y=84, z=-115})
...->AIMING (Aiming at (-61.5, 84.5, -114.5))
...->MOVING_TO_TARGET (Moving to BlockPos{x=-62, y=84, z=-115})
...->AIMING (Aiming at (-61.5, 84.5, -114.5))
...->MOVING_TO_TARGET (Moving to BlockPos{x=-62, y=84, z=-115})
...->AIMING (Aiming at (-61.5, 84.5, -114.5))
...->RECOVERING (Aiming failed: Aiming timed out)
============================
[12:32:59.327] [INFO] [DEBUG] 
===== MOBILEMINER DIAGNOSTIC =====
BOT
- State: RECOVERING (Aiming failed: Aiming timed out)
- Active Task: ShadowBotTask
TASK
- Pool Size: 2
- Last Completed: DiagnosticTestTask
- Last Failed: AimingTask (Aiming timed out)
PLAYER
- Pos: (-84.52717426349668, 84.0, -93.24708932898677)
PERCEPTION
- Target: null
- Failures: 0
ENGINE
- Last Tick: 4µs
RECENT STATE TRANSITIONS
...->MOVING_TO_TARGET (Moving to BlockPos{x=-62, y=84, z=-115})
...->AIMING (Aiming at (-61.5, 84.5, -114.5))
...->RECOVERING (Aiming failed: Aiming timed out)
...->MOVING_TO_TARGET (Moving to BlockPos{x=-62, y=84, z=-115})
...->AIMING (Aiming at (-61.5, 84.5, -114.5))
...->MOVING_TO_TARGET (Moving to BlockPos{x=-62, y=84, z=-115})
...->AIMING (Aiming at (-61.5, 84.5, -114.5))
...->MOVING_TO_TARGET (Moving to BlockPos{x=-62, y=84, z=-115})
...->AIMING (Aiming at (-61.5, 84.5, -114.5))
...->RECOVERING (Aiming failed: Aiming timed out)
============================
[12:33:00.327] [INFO] [DEBUG] 
===== MOBILEMINER DIAGNOSTIC =====
BOT
- State: RECOVERING (Aiming failed: Aiming timed out)
- Active Task: ShadowBotTask
TASK
- Pool Size: 2
- Last Completed: DiagnosticTestTask
- Last Failed: AimingTask (Aiming timed out)
PLAYER
- Pos: (-84.52717426349668, 84.0, -93.24708932898677)
PERCEPTION
- Target: null
- Failures: 0
ENGINE
- Last Tick: 4µs
RECENT STATE TRANSITIONS
...->MOVING_TO_TARGET (Moving to BlockPos{x=-62, y=84, z=-115})
...->AIMING (Aiming at (-61.5, 84.5, -114.5))
...->RECOVERING (Aiming failed: Aiming timed out)
...->MOVING_TO_TARGET (Moving to BlockPos{x=-62, y=84, z=-115})
...->AIMING (Aiming at (-61.5, 84.5, -114.5))
...->MOVING_TO_TARGET (Moving to BlockPos{x=-62, y=84, z=-115})
...->AIMING (Aiming at (-61.5, 84.5, -114.5))
...->MOVING_TO_TARGET (Moving to BlockPos{x=-62, y=84, z=-115})
...->AIMING (Aiming at (-61.5, 84.5, -114.5))
...->RECOVERING (Aiming failed: Aiming timed out)
============================
[12:33:00.369] [DEBUG] [PATHFINDER] Blocked at: BlockPos{x=-85, y=85, z=-95} | Feet: Air | FloorSolid: false
[12:33:00.369] [DEBUG] [PATHFINDER] Blocked at: BlockPos{x=-85, y=85, z=-93} | Feet: Air | FloorSolid: false
[12:33:00.369] [DEBUG] [PATHFINDER] Blocked at: BlockPos{x=-84, y=85, z=-94} | Feet: Air | FloorSolid: false
[12:33:00.370] [DEBUG] [PATHFINDER] Blocked at: BlockPos{x=-86, y=85, z=-94} | Feet: Air | FloorSolid: false
[12:33:00.370] [DEBUG] [PATHFINDER] Blocked at: BlockPos{x=-85, y=83, z=-95} | Feet: Black Concrete | FloorSolid: true
[12:33:00.370] [DEBUG] [PATHFINDER] Blocked at: BlockPos{x=-85, y=83, z=-93} | Feet: Black Concrete | FloorSolid: true
[12:33:00.370] [DEBUG] [PATHFINDER] Blocked at: BlockPos{x=-84, y=83, z=-94} | Feet: White Concrete | FloorSolid: true
[12:33:00.370] [DEBUG] [PATHFINDER] Blocked at: BlockPos{x=-86, y=83, z=-94} | Feet: White Concrete | FloorSolid: true
[12:33:00.370] [DEBUG] [PATHFINDER] Blocked at: BlockPos{x=-85, y=85, z=-96} | Feet: Air | FloorSolid: false
[12:33:00.370] [DEBUG] [PATHFINDER] Blocked at: BlockPos{x=-85, y=85, z=-94} | Feet: Air | FloorSolid: false
[12:33:00.370] [DEBUG] [PATHFINDER] Blocked at: BlockPos{x=-84, y=85, z=-95} | Feet: Air | FloorSolid: false
[12:33:00.371] [DEBUG] [PATHFINDER] Blocked at: BlockPos{x=-86, y=85, z=-95} | Feet: Air | FloorSolid: false
[12:33:00.371] [DEBUG] [PATHFINDER] Blocked at: BlockPos{x=-85, y=83, z=-96} | Feet: Black Concrete | FloorSolid: true
[12:33:00.371] [DEBUG] [PATHFINDER] Blocked at: BlockPos{x=-85, y=83, z=-94} | Feet: Black Concrete | FloorSolid: true
[12:33:00.371] [DEBUG] [PATHFINDER] Blocked at: BlockPos{x=-84, y=83, z=-95} | Feet: White Concrete | FloorSolid: true
[12:33:00.371] [DEBUG] [PATHFINDER] Blocked at: BlockPos{x=-86, y=83, z=-95} | Feet: White Concrete | FloorSolid: true
[12:33:00.371] [DEBUG] [PATHFINDER] Blocked at: BlockPos{x=-84, y=85, z=-96} | Feet: Air | FloorSolid: false
[12:33:00.371] [DEBUG] [PATHFINDER] Blocked at: BlockPos{x=-84, y=85, z=-94} | Feet: Air | FloorSolid: false
[12:33:00.372] [DEBUG] [PATHFINDER] Blocked at: BlockPos{x=-83, y=85, z=-95} | Feet: Air | FloorSolid: false
[12:33:00.372] [DEBUG] [PATHFINDER] Blocked at: BlockPos{x=-85, y=85, z=-95} | Feet: Air | FloorSolid: false
[12:33:00.372] [DEBUG] [PATHFINDER] Blocked at: BlockPos{x=-84, y=83, z=-96} | Feet: White Concrete | FloorSolid: true
[12:33:00.372] [DEBUG] [PATHFINDER] Blocked at: BlockPos{x=-84, y=83, z=-94} | Feet: White Concrete | FloorSolid: true
[12:33:00.372] [DEBUG] [PATHFINDER] Blocked at: BlockPos{x=-83, y=83, z=-95} | Feet: White Concrete | FloorSolid: true
[12:33:00.372] [DEBUG] [PATHFINDER] Blocked at: BlockPos{x=-85, y=83, z=-95} | Feet: Black Concrete | FloorSolid: true
[12:33:00.372] [DEBUG] [PATHFINDER] Blocked at: BlockPos{x=-84, y=85, z=-97} | Feet: Air | FloorSolid: false
[12:33:00.372] [DEBUG] [PATHFINDER] Blocked at: BlockPos{x=-84, y=85, z=-95} | Feet: Air | FloorSolid: false
[12:33:00.373] [DEBUG] [PATHFINDER] Blocked at: BlockPos{x=-83, y=85, z=-96} | Feet: Air | FloorSolid: false
[12:33:00.373] [DEBUG] [PATHFINDER] Blocked at: BlockPos{x=-85, y=85, z=-96} | Feet: Air | FloorSolid: false
[12:33:00.373] [DEBUG] [PATHFINDER] Blocked at: BlockPos{x=-84, y=83, z=-97} | Feet: White Concrete | FloorSolid: true
[12:33:00.373] [DEBUG] [PATHFINDER] Blocked at: BlockPos{x=-84, y=83, z=-95} | Feet: White Concrete | FloorSolid: true
[12:33:00.373] [DEBUG] [PATHFINDER] Blocked at: BlockPos{x=-83, y=83, z=-96} | Feet: White Concrete | FloorSolid: true
[12:33:00.373] [DEBUG] [PATHFINDER] Blocked at: BlockPos{x=-85, y=83, z=-96} | Feet: Black Concrete | FloorSolid: true
[12:33:00.373] [DEBUG] [PATHFINDER] Blocked at: BlockPos{x=-83, y=85, z=-97} | Feet: Air | FloorSolid: false
[12:33:00.373] [DEBUG] [PATHFINDER] Blocked at: BlockPos{x=-83, y=85, z=-95} | Feet: Air | FloorSolid: false
[12:33:00.374] [DEBUG] [PATHFINDER] Blocked at: BlockPos{x=-82, y=85, z=-96} | Feet: Air | FloorSolid: false
[12:33:00.374] [DEBUG] [PATHFINDER] Blocked at: BlockPos{x=-84, y=85, z=-96} | Feet: Air | FloorSolid: false
[12:33:00.374] [DEBUG] [PATHFINDER] Blocked at: BlockPos{x=-83, y=83, z=-97} | Feet: White Concrete | FloorSolid: true
[12:33:00.374] [DEBUG] [PATHFINDER] Blocked at: BlockPos{x=-83, y=83, z=-95} | Feet: White Concrete | FloorSolid: true
[12:33:00.374] [DEBUG] [PATHFINDER] Blocked at: BlockPos{x=-82, y=83, z=-96} | Feet: White Concrete | FloorSolid: true
[12:33:00.374] [DEBUG] [PATHFINDER] Blocked at: BlockPos{x=-84, y=83, z=-96} | Feet: White Concrete | FloorSolid: true
[12:33:00.374] [DEBUG] [PATHFINDER] Blocked at: BlockPos{x=-83, y=85, z=-98} | Feet: Air | FloorSolid: false
[12:33:00.374] [DEBUG] [PATHFINDER] Blocked at: BlockPos{x=-83, y=85, z=-96} | Feet: Air | FloorSolid: false
[12:33:00.375] [DEBUG] [PATHFINDER] Blocked at: BlockPos{x=-82, y=85, z=-97} | Feet: Air | FloorSolid: false
[12:33:00.375] [DEBUG] [PATHFINDER] Blocked at: BlockPos{x=-84, y=85, z=-97} | Feet: Air | FloorSolid: false
[12:33:00.375] [DEBUG] [PATHFINDER] Blocked at: BlockPos{x=-83, y=83, z=-98} | Feet: Black Concrete | FloorSolid: true
[12:33:00.375] [DEBUG] [PATHFINDER] Blocked at: BlockPos{x=-83, y=83, z=-96} | Feet: White Concrete | FloorSolid: true
[12:33:00.375] [DEBUG] [PATHFINDER] Blocked at: BlockPos{x=-82, y=83, z=-97} | Feet: White Concrete | FloorSolid: true
[12:33:00.375] [DEBUG] [PATHFINDER] Blocked at: BlockPos{x=-84, y=83, z=-97} | Feet: White Concrete | FloorSolid: true
[12:33:00.375] [DEBUG] [PATHFINDER] Blocked at: BlockPos{x=-82, y=85, z=-98} | Feet: Air | FloorSolid: false
[12:33:00.376] [DEBUG] [PATHFINDER] Blocked at: BlockPos{x=-82, y=85, z=-96} | Feet: Air | FloorSolid: false
[12:33:00.376] [DEBUG] [PATHFINDER] Blocked at: BlockPos{x=-81, y=85, z=-97} | Feet: Air | FloorSolid: false
[12:33:00.376] [DEBUG] [PATHFINDER] Blocked at: BlockPos{x=-83, y=85, z=-97} | Feet: Air | FloorSolid: false
[12:33:00.376] [DEBUG] [PATHFINDER] Blocked at: BlockPos{x=-82, y=83, z=-98} | Feet: Black Concrete | FloorSolid: true
[12:33:00.376] [DEBUG] [PATHFINDER] Blocked at: BlockPos{x=-82, y=83, z=-96} | Feet: White Concrete | FloorSolid: true
[12:33:00.376] [DEBUG] [PATHFINDER] Blocked at: BlockPos{x=-81, y=83, z=-97} | Feet: White Concrete | FloorSolid: true
[12:33:00.377] [DEBUG] [PATHFINDER] Blocked at: BlockPos{x=-83, y=83, z=-97} | Feet: White Concrete | FloorSolid: true
[12:33:00.377] [DEBUG] [PATHFINDER] Blocked at: BlockPos{x=-82, y=85, z=-99} | Feet: Air | FloorSolid: false
[12:33:00.377] [DEBUG] [PATHFINDER] Blocked at: BlockPos{x=-82, y=85, z=-97} | Feet: Air | FloorSolid: false
[12:33:00.378] [DEBUG] [PATHFINDER] Blocked at: BlockPos{x=-81, y=85, z=-98} | Feet: Air | FloorSolid: false
[12:33:00.378] [DEBUG] [PATHFINDER] Blocked at: BlockPos{x=-83, y=85, z=-98} | Feet: Air | FloorSolid: false
[12:33:00.378] [DEBUG] [PATHFINDER] Blocked at: BlockPos{x=-82, y=83, z=-99} | Feet: White Concrete | FloorSolid: true
[12:33:00.378] [DEBUG] [PATHFINDER] Blocked at: BlockPos{x=-82, y=83, z=-97} | Feet: White Concrete | FloorSolid: true
[12:33:00.379] [DEBUG] [PATHFINDER] Blocked at: BlockPos{x=-81, y=83, z=-98} | Feet: Black Concrete | FloorSolid: true
[12:33:00.379] [DEBUG] [PATHFINDER] Blocked at: BlockPos{x=-83, y=83, z=-98} | Feet: Black Concrete | FloorSolid: true
[12:33:01.320] [INFO] [DEBUG] 
===== MOBILEMINER DIAGNOSTIC =====
BOT
- State: MOVING_TO_TARGET (Moving to BlockPos{x=-80, y=84, z=-99})
- Active Task: ShadowBotTask
TASK
- Pool Size: 2
- Last Completed: DiagnosticTestTask
- Last Failed: AimingTask (Aiming timed out)
PLAYER
- Pos: (-82.18261327680891, 84.0, -95.72321519159539)
PERCEPTION
- Target: null
- Failures: 0
ENGINE
- Last Tick: 21µs
RECENT STATE TRANSITIONS
...->AIMING (Aiming at (-61.5, 84.5, -114.5))
...->RECOVERING (Aiming failed: Aiming timed out)
...->MOVING_TO_TARGET (Moving to BlockPos{x=-62, y=84, z=-115})
...->AIMING (Aiming at (-61.5, 84.5, -114.5))
...->MOVING_TO_TARGET (Moving to BlockPos{x=-62, y=84, z=-115})
...->AIMING (Aiming at (-61.5, 84.5, -114.5))
...->MOVING_TO_TARGET (Moving to BlockPos{x=-62, y=84, z=-115})
...->AIMING (Aiming at (-61.5, 84.5, -114.5))
...->RECOVERING (Aiming failed: Aiming timed out)
...->MOVING_TO_TARGET (Moving to BlockPos{x=-80, y=84, z=-99})
============================
[12:33:01.922] [DEBUG] [PATHFINDER] Blocked at: BlockPos{x=-81, y=85, z=-99} | Feet: Air | FloorSolid: false
[12:33:01.923] [DEBUG] [PATHFINDER] Blocked at: BlockPos{x=-81, y=85, z=-97} | Feet: Air | FloorSolid: false
[12:33:01.923] [DEBUG] [PATHFINDER] Blocked at: BlockPos{x=-80, y=85, z=-98} | Feet: Air | FloorSolid: false
[12:33:01.924] [DEBUG] [PATHFINDER] Blocked at: BlockPos{x=-82, y=85, z=-98} | Feet: Air | FloorSolid: false
[12:33:01.925] [DEBUG] [PATHFINDER] Blocked at: BlockPos{x=-81, y=83, z=-99} | Feet: White Concrete | FloorSolid: true
[12:33:01.925] [DEBUG] [PATHFINDER] Blocked at: BlockPos{x=-81, y=83, z=-97} | Feet: White Concrete | FloorSolid: true
[12:33:01.925] [DEBUG] [PATHFINDER] Blocked at: BlockPos{x=-80, y=83, z=-98} | Feet: Black Concrete | FloorSolid: true
[12:33:01.925] [DEBUG] [PATHFINDER] Blocked at: BlockPos{x=-82, y=83, z=-98} | Feet: Black Concrete | FloorSolid: true
[12:33:01.926] [DEBUG] [PATHFINDER] Blocked at: BlockPos{x=-80, y=85, z=-99} | Feet: Air | FloorSolid: false
[12:33:01.926] [DEBUG] [PATHFINDER] Blocked at: BlockPos{x=-80, y=85, z=-97} | Feet: Air | FloorSolid: false
[12:33:01.926] [DEBUG] [PATHFINDER] Blocked at: BlockPos{x=-79, y=85, z=-98} | Feet: Air | FloorSolid: false
[12:33:01.926] [DEBUG] [PATHFINDER] Blocked at: BlockPos{x=-81, y=85, z=-98} | Feet: Air | FloorSolid: false
[12:33:01.926] [DEBUG] [PATHFINDER] Blocked at: BlockPos{x=-80, y=83, z=-99} | Feet: Black Concrete | FloorSolid: true
[12:33:01.927] [DEBUG] [PATHFINDER] Blocked at: BlockPos{x=-80, y=83, z=-97} | Feet: Black Concrete | FloorSolid: true
[12:33:01.927] [DEBUG] [PATHFINDER] Blocked at: BlockPos{x=-79, y=83, z=-98} | Feet: Black Concrete | FloorSolid: true
[12:33:01.927] [DEBUG] [PATHFINDER] Blocked at: BlockPos{x=-81, y=83, z=-98} | Feet: Black Concrete | FloorSolid: true
[12:33:01.927] [DEBUG] [PATHFINDER] Blocked at: BlockPos{x=-79, y=85, z=-99} | Feet: Air | FloorSolid: false
[12:33:01.927] [DEBUG] [PATHFINDER] Blocked at: BlockPos{x=-79, y=85, z=-97} | Feet: Air | FloorSolid: false
[12:33:01.928] [DEBUG] [PATHFINDER] Blocked at: BlockPos{x=-78, y=85, z=-98} | Feet: Air | FloorSolid: false
[12:33:01.928] [DEBUG] [PATHFINDER] Blocked at: BlockPos{x=-80, y=85, z=-98} | Feet: Air | FloorSolid: false
[12:33:01.928] [DEBUG] [PATHFINDER] Blocked at: BlockPos{x=-79, y=83, z=-99} | Feet: White Concrete | FloorSolid: true
[12:33:01.928] [DEBUG] [PATHFINDER] Blocked at: BlockPos{x=-79, y=83, z=-97} | Feet: White Concrete | FloorSolid: true
[12:33:01.928] [DEBUG] [PATHFINDER] Blocked at: BlockPos{x=-78, y=83, z=-98} | Feet: Black Concrete | FloorSolid: true
[12:33:01.928] [DEBUG] [PATHFINDER] Blocked at: BlockPos{x=-80, y=83, z=-98} | Feet: Black Concrete | FloorSolid: true
[12:33:01.929] [DEBUG] [PATHFINDER] Blocked at: BlockPos{x=-78, y=85, z=-99} | Feet: Air | FloorSolid: false
[12:33:01.929] [DEBUG] [PATHFINDER] Blocked at: BlockPos{x=-78, y=85, z=-97} | Feet: Air | FloorSolid: false
[12:33:01.929] [DEBUG] [PATHFINDER] Blocked at: BlockPos{x=-77, y=85, z=-98} | Feet: Air | FloorSolid: false
[12:33:01.929] [DEBUG] [PATHFINDER] Blocked at: BlockPos{x=-79, y=85, z=-98} | Feet: Air | FloorSolid: false
[12:33:01.929] [DEBUG] [PATHFINDER] Blocked at: BlockPos{x=-78, y=83, z=-99} | Feet: White Concrete | FloorSolid: true
[12:33:01.930] [DEBUG] [PATHFINDER] Blocked at: BlockPos{x=-78, y=83, z=-97} | Feet: White Concrete | FloorSolid: true
[12:33:01.930] [DEBUG] [PATHFINDER] Blocked at: BlockPos{x=-77, y=83, z=-98} | Feet: Black Concrete | FloorSolid: true
[12:33:01.930] [DEBUG] [PATHFINDER] Blocked at: BlockPos{x=-79, y=83, z=-98} | Feet: Black Concrete | FloorSolid: true
[12:33:02.324] [INFO] [DEBUG] 
===== MOBILEMINER DIAGNOSTIC =====
BOT
- State: MOVING_TO_TARGET (Moving to BlockPos{x=-76, y=84, z=-99})
- Active Task: ShadowBotTask
TASK
- Pool Size: 2
- Last Completed: DiagnosticTestTask
- Last Failed: AimingTask (Aiming timed out)
PLAYER
- Pos: (-79.34754503071193, 84.0, -97.67320686526446)
PERCEPTION
- Target: null
- Failures: 0
ENGINE
- Last Tick: 21µs
RECENT STATE TRANSITIONS
...->MOVING_TO_TARGET (Moving to BlockPos{x=-62, y=84, z=-115})
...->AIMING (Aiming at (-61.5, 84.5, -114.5))
...->MOVING_TO_TARGET (Moving to BlockPos{x=-62, y=84, z=-115})
...->AIMING (Aiming at (-61.5, 84.5, -114.5))
...->MOVING_TO_TARGET (Moving to BlockPos{x=-62, y=84, z=-115})
...->AIMING (Aiming at (-61.5, 84.5, -114.5))
...->RECOVERING (Aiming failed: Aiming timed out)
...->MOVING_TO_TARGET (Moving to BlockPos{x=-80, y=84, z=-99})
...->AIMING (Reached destination)
...->MOVING_TO_TARGET (Moving to BlockPos{x=-76, y=84, z=-99})
============================
[12:33:02.966] [DEBUG] [PATHFINDER] Blocked at: BlockPos{x=-77, y=85, z=-99} | Feet: Air | FloorSolid: false
[12:33:02.967] [DEBUG] [PATHFINDER] Blocked at: BlockPos{x=-77, y=85, z=-97} | Feet: Air | FloorSolid: false
[12:33:02.967] [DEBUG] [PATHFINDER] Blocked at: BlockPos{x=-76, y=85, z=-98} | Feet: Air | FloorSolid: false
[12:33:02.967] [DEBUG] [PATHFINDER] Blocked at: BlockPos{x=-78, y=85, z=-98} | Feet: Air | FloorSolid: false
[12:33:02.967] [DEBUG] [PATHFINDER] Blocked at: BlockPos{x=-77, y=83, z=-99} | Feet: White Concrete | FloorSolid: true
[12:33:02.968] [DEBUG] [PATHFINDER] Blocked at: BlockPos{x=-77, y=83, z=-97} | Feet: White Concrete | FloorSolid: true
[12:33:02.968] [DEBUG] [PATHFINDER] Blocked at: BlockPos{x=-76, y=83, z=-98} | Feet: Black Concrete | FloorSolid: true
[12:33:02.968] [DEBUG] [PATHFINDER] Blocked at: BlockPos{x=-78, y=83, z=-98} | Feet: Black Concrete | FloorSolid: true
[12:33:02.968] [DEBUG] [PATHFINDER] Blocked at: BlockPos{x=-77, y=85, z=-100} | Feet: Air | FloorSolid: false
[12:33:02.968] [DEBUG] [PATHFINDER] Blocked at: BlockPos{x=-77, y=85, z=-98} | Feet: Air | FloorSolid: false
[12:33:02.968] [DEBUG] [PATHFINDER] Blocked at: BlockPos{x=-76, y=85, z=-99} | Feet: Air | FloorSolid: false
[12:33:02.968] [DEBUG] [PATHFINDER] Blocked at: BlockPos{x=-78, y=85, z=-99} | Feet: Air | FloorSolid: false
[12:33:02.968] [DEBUG] [PATHFINDER] Blocked at: BlockPos{x=-77, y=83, z=-100} | Feet: White Concrete | FloorSolid: true
[12:33:02.969] [DEBUG] [PATHFINDER] Blocked at: BlockPos{x=-77, y=83, z=-98} | Feet: Black Concrete | FloorSolid: true
[12:33:02.969] [DEBUG] [PATHFINDER] Blocked at: BlockPos{x=-76, y=83, z=-99} | Feet: White Concrete | FloorSolid: true
[12:33:02.969] [DEBUG] [PATHFINDER] Blocked at: BlockPos{x=-78, y=83, z=-99} | Feet: White Concrete | FloorSolid: true
[12:33:02.969] [DEBUG] [PATHFINDER] Blocked at: BlockPos{x=-77, y=85, z=-101} | Feet: Air | FloorSolid: false
[12:33:02.969] [DEBUG] [PATHFINDER] Blocked at: BlockPos{x=-77, y=85, z=-99} | Feet: Air | FloorSolid: false
[12:33:02.969] [DEBUG] [PATHFINDER] Blocked at: BlockPos{x=-76, y=85, z=-100} | Feet: Air | FloorSolid: false
[12:33:02.969] [DEBUG] [PATHFINDER] Blocked at: BlockPos{x=-78, y=85, z=-100} | Feet: Air | FloorSolid: false
[12:33:02.970] [DEBUG] [PATHFINDER] Blocked at: BlockPos{x=-77, y=83, z=-101} | Feet: White Concrete | FloorSolid: true
[12:33:02.970] [DEBUG] [PATHFINDER] Blocked at: BlockPos{x=-77, y=83, z=-99} | Feet: White Concrete | FloorSolid: true
[12:33:02.970] [DEBUG] [PATHFINDER] Blocked at: BlockPos{x=-76, y=83, z=-100} | Feet: White Concrete | FloorSolid: true
[12:33:02.970] [DEBUG] [PATHFINDER] Blocked at: BlockPos{x=-78, y=83, z=-100} | Feet: White Concrete | FloorSolid: true
[12:33:03.325] [INFO] [DEBUG] 
===== MOBILEMINER DIAGNOSTIC =====
BOT
- State: AIMING (Aiming at (-74.5, 84.5, -100.5))
- Active Task: ShadowBotTask
TASK
- Pool Size: 2
- Last Completed: DiagnosticTestTask
- Last Failed: AimingTask (Aiming timed out)
PLAYER
- Pos: (-76.1711878690595, 84.0, -97.94172503433349)
PERCEPTION
- Target: null
- Failures: 0
ENGINE
- Last Tick: 7µs
RECENT STATE TRANSITIONS
...->AIMING (Aiming at (-61.5, 84.5, -114.5))
...->MOVING_TO_TARGET (Moving to BlockPos{x=-62, y=84, z=-115})
...->AIMING (Aiming at (-61.5, 84.5, -114.5))
...->RECOVERING (Aiming failed: Aiming timed out)
...->MOVING_TO_TARGET (Moving to BlockPos{x=-80, y=84, z=-99})
...->AIMING (Reached destination)
...->MOVING_TO_TARGET (Moving to BlockPos{x=-76, y=84, z=-99})
...->AIMING (Reached destination)
...->MOVING_TO_TARGET (Moving to BlockPos{x=-75, y=84, z=-101})
...->AIMING (Aiming at (-74.5, 84.5, -100.5))
============================
[12:33:04.319] [INFO] [DEBUG] 
===== MOBILEMINER DIAGNOSTIC =====
BOT
- State: AIMING (Aiming at (-74.5, 84.5, -100.5))
- Active Task: ShadowBotTask
TASK
- Pool Size: 2
- Last Completed: DiagnosticTestTask
- Last Failed: AimingTask (Aiming timed out)
PLAYER
- Pos: (-76.14000437131523, 84.0, -97.99107297300885)
PERCEPTION
- Target: null
- Failures: 0
ENGINE
- Last Tick: 5µs
RECENT STATE TRANSITIONS
...->AIMING (Aiming at (-61.5, 84.5, -114.5))
...->MOVING_TO_TARGET (Moving to BlockPos{x=-62, y=84, z=-115})
...->AIMING (Aiming at (-61.5, 84.5, -114.5))
...->RECOVERING (Aiming failed: Aiming timed out)
...->MOVING_TO_TARGET (Moving to BlockPos{x=-80, y=84, z=-99})
...->AIMING (Reached destination)
...->MOVING_TO_TARGET (Moving to BlockPos{x=-76, y=84, z=-99})
...->AIMING (Reached destination)
...->MOVING_TO_TARGET (Moving to BlockPos{x=-75, y=84, z=-101})
...->AIMING (Aiming at (-74.5, 84.5, -100.5))
============================
[12:33:04.419] [DEBUG] [PATHFINDER] Blocked at: BlockPos{x=-77, y=85, z=-99} | Feet: Air | FloorSolid: false
[12:33:04.420] [DEBUG] [PATHFINDER] Blocked at: BlockPos{x=-77, y=85, z=-97} | Feet: Air | FloorSolid: false
[12:33:04.420] [DEBUG] [PATHFINDER] Blocked at: BlockPos{x=-76, y=85, z=-98} | Feet: Air | FloorSolid: false
[12:33:04.421] [DEBUG] [PATHFINDER] Blocked at: BlockPos{x=-78, y=85, z=-98} | Feet: Air | FloorSolid: false
[12:33:04.421] [DEBUG] [PATHFINDER] Blocked at: BlockPos{x=-77, y=83, z=-99} | Feet: White Concrete | FloorSolid: true
[12:33:04.421] [DEBUG] [PATHFINDER] Blocked at: BlockPos{x=-77, y=83, z=-97} | Feet: White Concrete | FloorSolid: true
[12:33:04.421] [DEBUG] [PATHFINDER] Blocked at: BlockPos{x=-76, y=83, z=-98} | Feet: Black Concrete | FloorSolid: true
[12:33:04.421] [DEBUG] [PATHFINDER] Blocked at: BlockPos{x=-78, y=83, z=-98} | Feet: Black Concrete | FloorSolid: true
[12:33:04.421] [DEBUG] [PATHFINDER] Blocked at: BlockPos{x=-77, y=85, z=-98} | Feet: Air | FloorSolid: false
[12:33:04.421] [DEBUG] [PATHFINDER] Blocked at: BlockPos{x=-77, y=85, z=-96} | Feet: Air | FloorSolid: false
[12:33:04.421] [DEBUG] [PATHFINDER] Blocked at: BlockPos{x=-76, y=85, z=-97} | Feet: Air | FloorSolid: false
[12:33:04.422] [DEBUG] [PATHFINDER] Blocked at: BlockPos{x=-78, y=85, z=-97} | Feet: Air | FloorSolid: false
[12:33:04.422] [DEBUG] [PATHFINDER] Blocked at: BlockPos{x=-77, y=83, z=-98} | Feet: Black Concrete | FloorSolid: true
[12:33:04.422] [DEBUG] [PATHFINDER] Blocked at: BlockPos{x=-77, y=83, z=-96} | Feet: White Concrete | FloorSolid: true
[12:33:04.423] [DEBUG] [PATHFINDER] Blocked at: BlockPos{x=-76, y=83, z=-97} | Feet: White Concrete | FloorSolid: true
[12:33:04.423] [DEBUG] [PATHFINDER] Blocked at: BlockPos{x=-78, y=83, z=-97} | Feet: White Concrete | FloorSolid: true
[12:33:05.322] [INFO] [DEBUG] 
===== MOBILEMINER DIAGNOSTIC =====
BOT
- State: MOVING_TO_TARGET (Moving to BlockPos{x=-75, y=84, z=-96})
- Active Task: ShadowBotTask
TASK
- Pool Size: 2
- Last Completed: DiagnosticTestTask
- Last Failed: AimingTask (Aiming timed out)
PLAYER
- Pos: (-77.42900764329738, 84.0, -98.8907979017826)
PERCEPTION
- Target: null
- Failures: 0
ENGINE
- Last Tick: 37µs
RECENT STATE TRANSITIONS
...->MOVING_TO_TARGET (Moving to BlockPos{x=-62, y=84, z=-115})
...->AIMING (Aiming at (-61.5, 84.5, -114.5))
...->RECOVERING (Aiming failed: Aiming timed out)
...->MOVING_TO_TARGET (Moving to BlockPos{x=-80, y=84, z=-99})
...->AIMING (Reached destination)
...->MOVING_TO_TARGET (Moving to BlockPos{x=-76, y=84, z=-99})
...->AIMING (Reached destination)
...->MOVING_TO_TARGET (Moving to BlockPos{x=-75, y=84, z=-101})
...->AIMING (Aiming at (-74.5, 84.5, -100.5))
...->MOVING_TO_TARGET (Moving to BlockPos{x=-75, y=84, z=-96})
============================
[12:33:06.077] [DEBUG] [PATHFINDER] Blocked at: BlockPos{x=-76, y=85, z=-98} | Feet: Air | FloorSolid: false
[12:33:06.078] [DEBUG] [PATHFINDER] Blocked at: BlockPos{x=-76, y=85, z=-96} | Feet: Air | FloorSolid: false
[12:33:06.079] [DEBUG] [PATHFINDER] Blocked at: BlockPos{x=-75, y=85, z=-97} | Feet: Air | FloorSolid: false
[12:33:06.079] [DEBUG] [PATHFINDER] Blocked at: BlockPos{x=-77, y=85, z=-97} | Feet: Air | FloorSolid: false
[12:33:06.080] [DEBUG] [PATHFINDER] Blocked at: BlockPos{x=-76, y=83, z=-98} | Feet: Black Concrete | FloorSolid: true
[12:33:06.080] [DEBUG] [PATHFINDER] Blocked at: BlockPos{x=-76, y=83, z=-96} | Feet: White Concrete | FloorSolid: true
[12:33:06.080] [DEBUG] [PATHFINDER] Blocked at: BlockPos{x=-75, y=83, z=-97} | Feet: Black Concrete | FloorSolid: true
[12:33:06.080] [DEBUG] [PATHFINDER] Blocked at: BlockPos{x=-77, y=83, z=-97} | Feet: White Concrete | FloorSolid: true
[12:33:06.081] [DEBUG] [PATHFINDER] Blocked at: BlockPos{x=-76, y=85, z=-97} | Feet: Air | FloorSolid: false
[12:33:06.081] [DEBUG] [PATHFINDER] Blocked at: BlockPos{x=-76, y=85, z=-95} | Feet: Air | FloorSolid: false
[12:33:06.081] [DEBUG] [PATHFINDER] Blocked at: BlockPos{x=-75, y=85, z=-96} | Feet: Air | FloorSolid: false
[12:33:06.082] [DEBUG] [PATHFINDER] Blocked at: BlockPos{x=-77, y=85, z=-96} | Feet: Air | FloorSolid: false
[12:33:06.082] [DEBUG] [PATHFINDER] Blocked at: BlockPos{x=-76, y=83, z=-97} | Feet: White Concrete | FloorSolid: true
[12:33:06.082] [DEBUG] [PATHFINDER] Blocked at: BlockPos{x=-76, y=83, z=-95} | Feet: White Concrete | FloorSolid: true
[12:33:06.082] [DEBUG] [PATHFINDER] Blocked at: BlockPos{x=-75, y=83, z=-96} | Feet: Black Concrete | FloorSolid: true
[12:33:06.083] [DEBUG] [PATHFINDER] Blocked at: BlockPos{x=-77, y=83, z=-96} | Feet: White Concrete | FloorSolid: true
[12:33:06.083] [DEBUG] [PATHFINDER] Blocked at: BlockPos{x=-76, y=85, z=-96} | Feet: Air | FloorSolid: false
[12:33:06.083] [DEBUG] [PATHFINDER] Blocked at: BlockPos{x=-76, y=85, z=-94} | Feet: Air | FloorSolid: false
[12:33:06.085] [DEBUG] [PATHFINDER] Blocked at: BlockPos{x=-75, y=85, z=-95} | Feet: Air | FloorSolid: false
[12:33:06.086] [DEBUG] [PATHFINDER] Blocked at: BlockPos{x=-77, y=85, z=-95} | Feet: Air | FloorSolid: false
[12:33:06.086] [DEBUG] [PATHFINDER] Blocked at: BlockPos{x=-76, y=83, z=-96} | Feet: White Concrete | FloorSolid: true
[12:33:06.086] [DEBUG] [PATHFINDER] Blocked at: BlockPos{x=-76, y=83, z=-94} | Feet: White Concrete | FloorSolid: true
[12:33:06.087] [DEBUG] [PATHFINDER] Blocked at: BlockPos{x=-75, y=83, z=-95} | Feet: Black Concrete | FloorSolid: true
[12:33:06.087] [DEBUG] [PATHFINDER] Blocked at: BlockPos{x=-77, y=83, z=-95} | Feet: White Concrete | FloorSolid: true
[12:33:06.087] [DEBUG] [PATHFINDER] Blocked at: BlockPos{x=-77, y=85, z=-96} | Feet: Air | FloorSolid: false
[12:33:06.087] [DEBUG] [PATHFINDER] Blocked at: BlockPos{x=-77, y=85, z=-94} | Feet: Air | FloorSolid: false
[12:33:06.088] [DEBUG] [PATHFINDER] Blocked at: BlockPos{x=-76, y=85, z=-95} | Feet: Air | FloorSolid: false
[12:33:06.088] [DEBUG] [PATHFINDER] Blocked at: BlockPos{x=-78, y=85, z=-95} | Feet: Air | FloorSolid: false
[12:33:06.088] [DEBUG] [PATHFINDER] Blocked at: BlockPos{x=-77, y=83, z=-96} | Feet: White Concrete | FloorSolid: true
[12:33:06.088] [DEBUG] [PATHFINDER] Blocked at: BlockPos{x=-77, y=83, z=-94} | Feet: White Concrete | FloorSolid: true
[12:33:06.088] [DEBUG] [PATHFINDER] Blocked at: BlockPos{x=-76, y=83, z=-95} | Feet: White Concrete | FloorSolid: true
[12:33:06.089] [DEBUG] [PATHFINDER] Blocked at: BlockPos{x=-78, y=83, z=-95} | Feet: White Concrete | FloorSolid: true
[12:33:06.089] [DEBUG] [PATHFINDER] Blocked at: BlockPos{x=-77, y=85, z=-95} | Feet: Air | FloorSolid: false
[12:33:06.090] [DEBUG] [PATHFINDER] Blocked at: BlockPos{x=-77, y=85, z=-93} | Feet: Air | FloorSolid: false
[12:33:06.090] [DEBUG] [PATHFINDER] Blocked at: BlockPos{x=-76, y=85, z=-94} | Feet: Air | FloorSolid: false
[12:33:06.090] [DEBUG] [PATHFINDER] Blocked at: BlockPos{x=-78, y=85, z=-94} | Feet: Air | FloorSolid: false
[12:33:06.091] [DEBUG] [PATHFINDER] Blocked at: BlockPos{x=-77, y=83, z=-95} | Feet: White Concrete | FloorSolid: true
[12:33:06.091] [DEBUG] [PATHFINDER] Blocked at: BlockPos{x=-77, y=83, z=-93} | Feet: Black Concrete | FloorSolid: true
[12:33:06.091] [DEBUG] [PATHFINDER] Blocked at: BlockPos{x=-76, y=83, z=-94} | Feet: White Concrete | FloorSolid: true
[12:33:06.092] [DEBUG] [PATHFINDER] Blocked at: BlockPos{x=-78, y=83, z=-94} | Feet: White Concrete | FloorSolid: true
[12:33:06.326] [INFO] [DEBUG] 
===== MOBILEMINER DIAGNOSTIC =====
BOT
- State: MOVING_TO_TARGET (Moving to BlockPos{x=-79, y=84, z=-93})
- Active Task: ShadowBotTask
TASK
- Pool Size: 2
- Last Completed: DiagnosticTestTask
- Last Failed: AimingTask (Aiming timed out)
PLAYER
- Pos: (-75.40458027079377, 84.0, -96.00984751350022)
PERCEPTION
- Target: null
- Failures: 0
ENGINE
- Last Tick: 41µs
RECENT STATE TRANSITIONS
...->RECOVERING (Aiming failed: Aiming timed out)
...->MOVING_TO_TARGET (Moving to BlockPos{x=-80, y=84, z=-99})
...->AIMING (Reached destination)
...->MOVING_TO_TARGET (Moving to BlockPos{x=-76, y=84, z=-99})
...->AIMING (Reached destination)
...->MOVING_TO_TARGET (Moving to BlockPos{x=-75, y=84, z=-101})
...->AIMING (Aiming at (-74.5, 84.5, -100.5))
...->MOVING_TO_TARGET (Moving to BlockPos{x=-75, y=84, z=-96})
...->AIMING (Reached destination)
...->MOVING_TO_TARGET (Moving to BlockPos{x=-79, y=84, z=-93})
============================
[12:33:07.125] [DEBUG] [PATHFINDER] Blocked at: BlockPos{x=-78, y=85, z=-95} | Feet: Air | FloorSolid: false
[12:33:07.126] [DEBUG] [PATHFINDER] Blocked at: BlockPos{x=-78, y=85, z=-93} | Feet: Air | FloorSolid: false
[12:33:07.126] [DEBUG] [PATHFINDER] Blocked at: BlockPos{x=-77, y=85, z=-94} | Feet: Air | FloorSolid: false
[12:33:07.127] [DEBUG] [PATHFINDER] Blocked at: BlockPos{x=-79, y=85, z=-94} | Feet: Air | FloorSolid: false
[12:33:07.127] [DEBUG] [PATHFINDER] Blocked at: BlockPos{x=-78, y=83, z=-95} | Feet: White Concrete | FloorSolid: true
[12:33:07.127] [DEBUG] [PATHFINDER] Blocked at: BlockPos{x=-78, y=83, z=-93} | Feet: Black Concrete | FloorSolid: true
[12:33:07.127] [DEBUG] [PATHFINDER] Blocked at: BlockPos{x=-77, y=83, z=-94} | Feet: White Concrete | FloorSolid: true
[12:33:07.127] [DEBUG] [PATHFINDER] Blocked at: BlockPos{x=-79, y=83, z=-94} | Feet: White Concrete | FloorSolid: true
[12:33:07.128] [DEBUG] [PATHFINDER] Blocked at: BlockPos{x=-79, y=85, z=-95} | Feet: Air | FloorSolid: false
[12:33:07.128] [DEBUG] [PATHFINDER] Blocked at: BlockPos{x=-79, y=85, z=-93} | Feet: Air | FloorSolid: false
[12:33:07.128] [DEBUG] [PATHFINDER] Blocked at: BlockPos{x=-78, y=85, z=-94} | Feet: Air | FloorSolid: false
[12:33:07.128] [DEBUG] [PATHFINDER] Blocked at: BlockPos{x=-80, y=85, z=-94} | Feet: Air | FloorSolid: false
[12:33:07.129] [DEBUG] [PATHFINDER] Blocked at: BlockPos{x=-79, y=83, z=-95} | Feet: White Concrete | FloorSolid: true
[12:33:07.129] [DEBUG] [PATHFINDER] Blocked at: BlockPos{x=-79, y=83, z=-93} | Feet: Black Concrete | FloorSolid: true
[12:33:07.129] [DEBUG] [PATHFINDER] Blocked at: BlockPos{x=-78, y=83, z=-94} | Feet: White Concrete | FloorSolid: true
[12:33:07.129] [DEBUG] [PATHFINDER] Blocked at: BlockPos{x=-80, y=83, z=-94} | Feet: Black Concrete | FloorSolid: true
[12:33:07.130] [DEBUG] [PATHFINDER] Blocked at: BlockPos{x=-80, y=85, z=-95} | Feet: Air | FloorSolid: false
[12:33:07.130] [DEBUG] [PATHFINDER] Blocked at: BlockPos{x=-80, y=85, z=-93} | Feet: Air | FloorSolid: false
[12:33:07.130] [DEBUG] [PATHFINDER] Blocked at: BlockPos{x=-79, y=85, z=-94} | Feet: Air | FloorSolid: false
[12:33:07.131] [DEBUG] [PATHFINDER] Blocked at: BlockPos{x=-81, y=85, z=-94} | Feet: Air | FloorSolid: false
[12:33:07.131] [DEBUG] [PATHFINDER] Blocked at: BlockPos{x=-80, y=83, z=-95} | Feet: Black Concrete | FloorSolid: true
[12:33:07.131] [DEBUG] [PATHFINDER] Blocked at: BlockPos{x=-80, y=83, z=-93} | Feet: Black Concrete | FloorSolid: true
[12:33:07.131] [DEBUG] [PATHFINDER] Blocked at: BlockPos{x=-79, y=83, z=-94} | Feet: White Concrete | FloorSolid: true
[12:33:07.132] [DEBUG] [PATHFINDER] Blocked at: BlockPos{x=-81, y=83, z=-94} | Feet: White Concrete | FloorSolid: true
[12:33:07.327] [INFO] [DEBUG] 
===== MOBILEMINER DIAGNOSTIC =====
BOT
- State: MOVING_TO_TARGET (Moving to BlockPos{x=-82, y=84, z=-93})
- Active Task: ShadowBotTask
TASK
- Pool Size: 2
- Last Completed: DiagnosticTestTask
- Last Failed: AimingTask (Aiming timed out)
PLAYER
- Pos: (-77.83081030948951, 84.0, -93.33911963329447)
PERCEPTION
- Target: null
- Failures: 0
ENGINE
- Last Tick: 29µs
RECENT STATE TRANSITIONS
...->AIMING (Reached destination)
...->MOVING_TO_TARGET (Moving to BlockPos{x=-76, y=84, z=-99})
...->AIMING (Reached destination)
...->MOVING_TO_TARGET (Moving to BlockPos{x=-75, y=84, z=-101})
...->AIMING (Aiming at (-74.5, 84.5, -100.5))
...->MOVING_TO_TARGET (Moving to BlockPos{x=-75, y=84, z=-96})
...->AIMING (Reached destination)
...->MOVING_TO_TARGET (Moving to BlockPos{x=-79, y=84, z=-93})
...->AIMING (Reached destination)
...->MOVING_TO_TARGET (Moving to BlockPos{x=-82, y=84, z=-93})
============================
[12:33:07.975] [DEBUG] [PATHFINDER] Blocked at: BlockPos{x=-81, y=85, z=-95} | Feet: Air | FloorSolid: false
[12:33:07.975] [DEBUG] [PATHFINDER] Blocked at: BlockPos{x=-81, y=85, z=-93} | Feet: Air | FloorSolid: false
[12:33:07.976] [DEBUG] [PATHFINDER] Blocked at: BlockPos{x=-80, y=85, z=-94} | Feet: Air | FloorSolid: false
[12:33:07.976] [DEBUG] [PATHFINDER] Blocked at: BlockPos{x=-82, y=85, z=-94} | Feet: Air | FloorSolid: false
[12:33:07.976] [DEBUG] [PATHFINDER] Blocked at: BlockPos{x=-81, y=83, z=-95} | Feet: White Concrete | FloorSolid: true
[12:33:07.977] [DEBUG] [PATHFINDER] Blocked at: BlockPos{x=-81, y=83, z=-93} | Feet: Black Concrete | FloorSolid: true
[12:33:07.977] [DEBUG] [PATHFINDER] Blocked at: BlockPos{x=-80, y=83, z=-94} | Feet: Black Concrete | FloorSolid: true
[12:33:07.977] [DEBUG] [PATHFINDER] Blocked at: BlockPos{x=-82, y=83, z=-94} | Feet: White Concrete | FloorSolid: true
[12:33:07.977] [DEBUG] [PATHFINDER] Blocked at: BlockPos{x=-82, y=85, z=-95} | Feet: Air | FloorSolid: false
[12:33:07.977] [DEBUG] [PATHFINDER] Blocked at: BlockPos{x=-82, y=85, z=-93} | Feet: Air | FloorSolid: false
[12:33:07.977] [DEBUG] [PATHFINDER] Blocked at: BlockPos{x=-81, y=85, z=-94} | Feet: Air | FloorSolid: false
[12:33:07.978] [DEBUG] [PATHFINDER] Blocked at: BlockPos{x=-83, y=85, z=-94} | Feet: Air | FloorSolid: false
[12:33:07.978] [DEBUG] [PATHFINDER] Blocked at: BlockPos{x=-82, y=83, z=-95} | Feet: White Concrete | FloorSolid: true
[12:33:07.978] [DEBUG] [PATHFINDER] Blocked at: BlockPos{x=-82, y=83, z=-93} | Feet: Black Concrete | FloorSolid: true
[12:33:07.978] [DEBUG] [PATHFINDER] Blocked at: BlockPos{x=-81, y=83, z=-94} | Feet: White Concrete | FloorSolid: true
[12:33:07.978] [DEBUG] [PATHFINDER] Blocked at: BlockPos{x=-83, y=83, z=-94} | Feet: White Concrete | FloorSolid: true
[12:33:08.220] [DEBUG] [PATHFINDER] Blocked at: BlockPos{x=-81, y=85, z=-95} | Feet: Air | FloorSolid: false
[12:33:08.221] [DEBUG] [PATHFINDER] Blocked at: BlockPos{x=-81, y=85, z=-93} | Feet: Air | FloorSolid: false
[12:33:08.221] [DEBUG] [PATHFINDER] Blocked at: BlockPos{x=-80, y=85, z=-94} | Feet: Air | FloorSolid: false
[12:33:08.221] [DEBUG] [PATHFINDER] Blocked at: BlockPos{x=-82, y=85, z=-94} | Feet: Air | FloorSolid: false
[12:33:08.222] [DEBUG] [PATHFINDER] Blocked at: BlockPos{x=-81, y=83, z=-95} | Feet: White Concrete | FloorSolid: true
[12:33:08.222] [DEBUG] [PATHFINDER] Blocked at: BlockPos{x=-81, y=83, z=-93} | Feet: Black Concrete | FloorSolid: true
[12:33:08.222] [DEBUG] [PATHFINDER] Blocked at: BlockPos{x=-80, y=83, z=-94} | Feet: Black Concrete | FloorSolid: true
[12:33:08.222] [DEBUG] [PATHFINDER] Blocked at: BlockPos{x=-82, y=83, z=-94} | Feet: White Concrete | FloorSolid: true
[12:33:08.223] [DEBUG] [PATHFINDER] Blocked at: BlockPos{x=-82, y=85, z=-95} | Feet: Air | FloorSolid: false
[12:33:08.223] [DEBUG] [PATHFINDER] Blocked at: BlockPos{x=-82, y=85, z=-93} | Feet: Air | FloorSolid: false
[12:33:08.223] [DEBUG] [PATHFINDER] Blocked at: BlockPos{x=-81, y=85, z=-94} | Feet: Air | FloorSolid: false
[12:33:08.223] [DEBUG] [PATHFINDER] Blocked at: BlockPos{x=-83, y=85, z=-94} | Feet: Air | FloorSolid: false
[12:33:08.223] [DEBUG] [PATHFINDER] Blocked at: BlockPos{x=-82, y=83, z=-95} | Feet: White Concrete | FloorSolid: true
[12:33:08.224] [DEBUG] [PATHFINDER] Blocked at: BlockPos{x=-82, y=83, z=-93} | Feet: Black Concrete | FloorSolid: true
[12:33:08.224] [DEBUG] [PATHFINDER] Blocked at: BlockPos{x=-81, y=83, z=-94} | Feet: White Concrete | FloorSolid: true
[12:33:08.224] [DEBUG] [PATHFINDER] Blocked at: BlockPos{x=-83, y=83, z=-94} | Feet: White Concrete | FloorSolid: true
[12:33:08.321] [INFO] [DEBUG] 
===== MOBILEMINER DIAGNOSTIC =====
BOT
- State: MOVING_TO_TARGET (Moving to BlockPos{x=-84, y=84, z=-95})
- Active Task: ShadowBotTask
TASK
- Pool Size: 2
- Last Completed: DiagnosticTestTask
- Last Failed: AimingTask (Aiming timed out)
PLAYER
- Pos: (-80.59483765865184, 84.0, -93.50799309686921)
PERCEPTION
- Target: null
- Failures: 0
ENGINE
- Last Tick: 31µs
RECENT STATE TRANSITIONS
...->AIMING (Aiming at (-74.5, 84.5, -100.5))
...->MOVING_TO_TARGET (Moving to BlockPos{x=-75, y=84, z=-96})
...->AIMING (Reached destination)
...->MOVING_TO_TARGET (Moving to BlockPos{x=-79, y=84, z=-93})
...->AIMING (Reached destination)
...->MOVING_TO_TARGET (Moving to BlockPos{x=-82, y=84, z=-93})
...->AIMING (Reached destination)
...->MOVING_TO_TARGET (Moving to BlockPos{x=-84, y=84, z=-94})
...->AIMING (Aiming at (-83.5, 84.5, -93.5))
...->MOVING_TO_TARGET (Moving to BlockPos{x=-84, y=84, z=-95})
============================
[12:33:08.818] [DEBUG] [PATHFINDER] Blocked at: BlockPos{x=-83, y=85, z=-95} | Feet: Air | FloorSolid: false
[12:33:08.818] [DEBUG] [PATHFINDER] Blocked at: BlockPos{x=-83, y=85, z=-93} | Feet: Air | FloorSolid: false
[12:33:08.819] [DEBUG] [PATHFINDER] Blocked at: BlockPos{x=-82, y=85, z=-94} | Feet: Air | FloorSolid: false
[12:33:08.819] [DEBUG] [PATHFINDER] Blocked at: BlockPos{x=-84, y=85, z=-94} | Feet: Air | FloorSolid: false
[12:33:08.819] [DEBUG] [PATHFINDER] Blocked at: BlockPos{x=-83, y=83, z=-95} | Feet: White Concrete | FloorSolid: true
[12:33:08.819] [DEBUG] [PATHFINDER] Blocked at: BlockPos{x=-83, y=83, z=-93} | Feet: Black Concrete | FloorSolid: true
[12:33:08.820] [DEBUG] [PATHFINDER] Blocked at: BlockPos{x=-82, y=83, z=-94} | Feet: White Concrete | FloorSolid: true
[12:33:08.820] [DEBUG] [PATHFINDER] Blocked at: BlockPos{x=-84, y=83, z=-94} | Feet: White Concrete | FloorSolid: true
[12:33:08.820] [DEBUG] [PATHFINDER] Blocked at: BlockPos{x=-83, y=85, z=-96} | Feet: Air | FloorSolid: false
[12:33:08.820] [DEBUG] [PATHFINDER] Blocked at: BlockPos{x=-83, y=85, z=-94} | Feet: Air | FloorSolid: false
[12:33:08.821] [DEBUG] [PATHFINDER] Blocked at: BlockPos{x=-82, y=85, z=-95} | Feet: Air | FloorSolid: false
[12:33:08.821] [DEBUG] [PATHFINDER] Blocked at: BlockPos{x=-84, y=85, z=-95} | Feet: Air | FloorSolid: false
[12:33:08.821] [DEBUG] [PATHFINDER] Blocked at: BlockPos{x=-83, y=83, z=-96} | Feet: White Concrete | FloorSolid: true
[12:33:08.821] [DEBUG] [PATHFINDER] Blocked at: BlockPos{x=-83, y=83, z=-94} | Feet: White Concrete | FloorSolid: true
[12:33:08.822] [DEBUG] [PATHFINDER] Blocked at: BlockPos{x=-82, y=83, z=-95} | Feet: White Concrete | FloorSolid: true
[12:33:08.822] [DEBUG] [PATHFINDER] Blocked at: BlockPos{x=-84, y=83, z=-95} | Feet: White Concrete | FloorSolid: true
[12:33:08.822] [DEBUG] [PATHFINDER] Blocked at: BlockPos{x=-83, y=85, z=-97} | Feet: Air | FloorSolid: false
[12:33:08.822] [DEBUG] [PATHFINDER] Blocked at: BlockPos{x=-83, y=85, z=-95} | Feet: Air | FloorSolid: false
[12:33:08.822] [DEBUG] [PATHFINDER] Blocked at: BlockPos{x=-82, y=85, z=-96} | Feet: Air | FloorSolid: false
[12:33:08.823] [DEBUG] [PATHFINDER] Blocked at: BlockPos{x=-84, y=85, z=-96} | Feet: Air | FloorSolid: false
[12:33:08.823] [DEBUG] [PATHFINDER] Blocked at: BlockPos{x=-83, y=83, z=-97} | Feet: White Concrete | FloorSolid: true
[12:33:08.823] [DEBUG] [PATHFINDER] Blocked at: BlockPos{x=-83, y=83, z=-95} | Feet: White Concrete | FloorSolid: true
[12:33:08.823] [DEBUG] [PATHFINDER] Blocked at: BlockPos{x=-82, y=83, z=-96} | Feet: White Concrete | FloorSolid: true
[12:33:08.823] [DEBUG] [PATHFINDER] Blocked at: BlockPos{x=-84, y=83, z=-96} | Feet: White Concrete | FloorSolid: true
[12:33:09.220] [DEBUG] [PATHFINDER] Blocked at: BlockPos{x=-84, y=85, z=-96} | Feet: Air | FloorSolid: false
[12:33:09.220] [DEBUG] [PATHFINDER] Blocked at: BlockPos{x=-84, y=85, z=-94} | Feet: Air | FloorSolid: false
[12:33:09.221] [DEBUG] [PATHFINDER] Blocked at: BlockPos{x=-83, y=85, z=-95} | Feet: Air | FloorSolid: false
[12:33:09.221] [DEBUG] [PATHFINDER] Blocked at: BlockPos{x=-85, y=85, z=-95} | Feet: Air | FloorSolid: false
[12:33:09.221] [DEBUG] [PATHFINDER] Blocked at: BlockPos{x=-84, y=83, z=-96} | Feet: White Concrete | FloorSolid: true
[12:33:09.222] [DEBUG] [PATHFINDER] Blocked at: BlockPos{x=-84, y=83, z=-94} | Feet: White Concrete | FloorSolid: true
[12:33:09.222] [DEBUG] [PATHFINDER] Blocked at: BlockPos{x=-83, y=83, z=-95} | Feet: White Concrete | FloorSolid: true
[12:33:09.222] [DEBUG] [PATHFINDER] Blocked at: BlockPos{x=-85, y=83, z=-95} | Feet: Black Concrete | FloorSolid: true
[12:33:09.316] [INFO] [DEBUG] 
===== MOBILEMINER DIAGNOSTIC =====
BOT
- State: MOVING_TO_TARGET (Moving to BlockPos{x=-85, y=84, z=-97})
- Active Task: ShadowBotTask
TASK
- Pool Size: 2
- Last Completed: DiagnosticTestTask
- Last Failed: AimingTask (Aiming timed out)
PLAYER
- Pos: (-83.04867147914717, 84.0, -94.3688032512407)
PERCEPTION
- Target: null
- Failures: 0
ENGINE
- Last Tick: 36µs
RECENT STATE TRANSITIONS
...->AIMING (Reached destination)
...->MOVING_TO_TARGET (Moving to BlockPos{x=-82, y=84, z=-93})
...->AIMING (Reached destination)
...->MOVING_TO_TARGET (Moving to BlockPos{x=-84, y=84, z=-94})
...->AIMING (Aiming at (-83.5, 84.5, -93.5))
...->MOVING_TO_TARGET (Moving to BlockPos{x=-84, y=84, z=-95})
...->AIMING (Reached destination)
...->MOVING_TO_TARGET (Moving to BlockPos{x=-85, y=84, z=-97})
...->AIMING (Aiming at (-84.5, 84.5, -96.5))
...->MOVING_TO_TARGET (Moving to BlockPos{x=-85, y=84, z=-97})
============================
[12:33:09.676] [DEBUG] [PATHFINDER] Blocked at: BlockPos{x=-84, y=85, z=-97} | Feet: Air | FloorSolid: false
[12:33:09.677] [DEBUG] [PATHFINDER] Blocked at: BlockPos{x=-84, y=85, z=-95} | Feet: Air | FloorSolid: false
[12:33:09.677] [DEBUG] [PATHFINDER] Blocked at: BlockPos{x=-83, y=85, z=-96} | Feet: Air | FloorSolid: false
[12:33:09.677] [DEBUG] [PATHFINDER] Blocked at: BlockPos{x=-85, y=85, z=-96} | Feet: Air | FloorSolid: false
[12:33:09.678] [DEBUG] [PATHFINDER] Blocked at: BlockPos{x=-84, y=83, z=-97} | Feet: White Concrete | FloorSolid: true
[12:33:09.678] [DEBUG] [PATHFINDER] Blocked at: BlockPos{x=-84, y=83, z=-95} | Feet: White Concrete | FloorSolid: true
[12:33:09.678] [DEBUG] [PATHFINDER] Blocked at: BlockPos{x=-83, y=83, z=-96} | Feet: White Concrete | FloorSolid: true
[12:33:09.678] [DEBUG] [PATHFINDER] Blocked at: BlockPos{x=-85, y=83, z=-96} | Feet: Black Concrete | FloorSolid: true
[12:33:09.679] [DEBUG] [PATHFINDER] Blocked at: BlockPos{x=-84, y=85, z=-98} | Feet: Air | FloorSolid: false
[12:33:09.679] [DEBUG] [PATHFINDER] Blocked at: BlockPos{x=-84, y=85, z=-96} | Feet: Air | FloorSolid: false
[12:33:09.679] [DEBUG] [PATHFINDER] Blocked at: BlockPos{x=-83, y=85, z=-97} | Feet: Air | FloorSolid: false
[12:33:09.679] [DEBUG] [PATHFINDER] Blocked at: BlockPos{x=-85, y=85, z=-97} | Feet: Air | FloorSolid: false
[12:33:09.680] [DEBUG] [PATHFINDER] Blocked at: BlockPos{x=-84, y=83, z=-98} | Feet: Black Concrete | FloorSolid: true
[12:33:09.680] [DEBUG] [PATHFINDER] Blocked at: BlockPos{x=-84, y=83, z=-96} | Feet: White Concrete | FloorSolid: true
[12:33:09.680] [DEBUG] [PATHFINDER] Blocked at: BlockPos{x=-83, y=83, z=-97} | Feet: White Concrete | FloorSolid: true
[12:33:09.680] [DEBUG] [PATHFINDER] Blocked at: BlockPos{x=-85, y=83, z=-97} | Feet: Black Concrete | FloorSolid: true
[12:33:10.268] [DEBUG] [PATHFINDER] Blocked at: BlockPos{x=-84, y=85, z=-99} | Feet: Air | FloorSolid: false
[12:33:10.269] [DEBUG] [PATHFINDER] Blocked at: BlockPos{x=-84, y=85, z=-97} | Feet: Air | FloorSolid: false
[12:33:10.270] [DEBUG] [PATHFINDER] Blocked at: BlockPos{x=-83, y=85, z=-98} | Feet: Air | FloorSolid: false
[12:33:10.270] [DEBUG] [PATHFINDER] Blocked at: BlockPos{x=-85, y=85, z=-98} | Feet: Air | FloorSolid: false
[12:33:10.270] [DEBUG] [PATHFINDER] Blocked at: BlockPos{x=-84, y=83, z=-99} | Feet: White Concrete | FloorSolid: true
[12:33:10.270] [DEBUG] [PATHFINDER] Blocked at: BlockPos{x=-84, y=83, z=-97} | Feet: White Concrete | FloorSolid: true
[12:33:10.271] [DEBUG] [PATHFINDER] Blocked at: BlockPos{x=-83, y=83, z=-98} | Feet: Black Concrete | FloorSolid: true
[12:33:10.271] [DEBUG] [PATHFINDER] Blocked at: BlockPos{x=-85, y=83, z=-98} | Feet: Black Concrete | FloorSolid: true
[12:33:10.271] [DEBUG] [PATHFINDER] Blocked at: BlockPos{x=-84, y=85, z=-100} | Feet: Air | FloorSolid: false
[12:33:10.271] [DEBUG] [PATHFINDER] Blocked at: BlockPos{x=-84, y=85, z=-98} | Feet: Air | FloorSolid: false
[12:33:10.271] [DEBUG] [PATHFINDER] Blocked at: BlockPos{x=-83, y=85, z=-99} | Feet: Air | FloorSolid: false
[12:33:10.272] [DEBUG] [PATHFINDER] Blocked at: BlockPos{x=-85, y=85, z=-99} | Feet: Air | FloorSolid: false
[12:33:10.272] [DEBUG] [PATHFINDER] Blocked at: BlockPos{x=-84, y=83, z=-100} | Feet: White Concrete | FloorSolid: true
[12:33:10.272] [DEBUG] [PATHFINDER] Blocked at: BlockPos{x=-84, y=83, z=-98} | Feet: Black Concrete | FloorSolid: true
[12:33:10.272] [DEBUG] [PATHFINDER] Blocked at: BlockPos{x=-83, y=83, z=-99} | Feet: White Concrete | FloorSolid: true
[12:33:10.272] [DEBUG] [PATHFINDER] Blocked at: BlockPos{x=-85, y=83, z=-99} | Feet: Black Concrete | FloorSolid: true
[12:33:10.336] [INFO] [DEBUG] 
===== MOBILEMINER DIAGNOSTIC =====
BOT
- State: MOVING_TO_TARGET (Moving to BlockPos{x=-85, y=84, z=-101})
- Active Task: ShadowBotTask
TASK
- Pool Size: 2
- Last Completed: DiagnosticTestTask
- Last Failed: AimingTask (Aiming timed out)
PLAYER
- Pos: (-83.4983224355961, 84.0, -97.55261491637673)
PERCEPTION
- Target: null
- Failures: 0
ENGINE
- Last Tick: 9µs
RECENT STATE TRANSITIONS
...->AIMING (Aiming at (-83.5, 84.5, -93.5))
...->MOVING_TO_TARGET (Moving to BlockPos{x=-84, y=84, z=-95})
...->AIMING (Reached destination)
...->MOVING_TO_TARGET (Moving to BlockPos{x=-85, y=84, z=-97})
...->AIMING (Aiming at (-84.5, 84.5, -96.5))
...->MOVING_TO_TARGET (Moving to BlockPos{x=-85, y=84, z=-97})
...->AIMING (Reached destination)
...->MOVING_TO_TARGET (Moving to BlockPos{x=-85, y=84, z=-99})
...->AIMING (Reached destination)
...->MOVING_TO_TARGET (Moving to BlockPos{x=-85, y=84, z=-101})
============================
[12:33:11.221] [DEBUG] [PATHFINDER] Blocked at: BlockPos{x=-84, y=85, z=-100} | Feet: Air | FloorSolid: false
[12:33:11.222] [DEBUG] [PATHFINDER] Blocked at: BlockPos{x=-84, y=85, z=-98} | Feet: Air | FloorSolid: false
[12:33:11.222] [DEBUG] [PATHFINDER] Blocked at: BlockPos{x=-83, y=85, z=-99} | Feet: Air | FloorSolid: false
[12:33:11.222] [DEBUG] [PATHFINDER] Blocked at: BlockPos{x=-85, y=85, z=-99} | Feet: Air | FloorSolid: false
[12:33:11.223] [DEBUG] [PATHFINDER] Blocked at: BlockPos{x=-84, y=83, z=-100} | Feet: White Concrete | FloorSolid: true
[12:33:11.223] [DEBUG] [PATHFINDER] Blocked at: BlockPos{x=-84, y=83, z=-98} | Feet: Black Concrete | FloorSolid: true
[12:33:11.223] [DEBUG] [PATHFINDER] Blocked at: BlockPos{x=-83, y=83, z=-99} | Feet: White Concrete | FloorSolid: true
[12:33:11.223] [DEBUG] [PATHFINDER] Blocked at: BlockPos{x=-85, y=83, z=-99} | Feet: Black Concrete | FloorSolid: true
[12:33:11.224] [DEBUG] [PATHFINDER] Blocked at: BlockPos{x=-84, y=85, z=-101} | Feet: Air | FloorSolid: false
[12:33:11.224] [DEBUG] [PATHFINDER] Blocked at: BlockPos{x=-84, y=85, z=-99} | Feet: Air | FloorSolid: false
[12:33:11.224] [DEBUG] [PATHFINDER] Blocked at: BlockPos{x=-83, y=85, z=-100} | Feet: Air | FloorSolid: false
[12:33:11.224] [DEBUG] [PATHFINDER] Blocked at: BlockPos{x=-85, y=85, z=-100} | Feet: Air | FloorSolid: false
[12:33:11.225] [DEBUG] [PATHFINDER] Blocked at: BlockPos{x=-84, y=83, z=-101} | Feet: White Concrete | FloorSolid: true
[12:33:11.225] [DEBUG] [PATHFINDER] Blocked at: BlockPos{x=-84, y=83, z=-99} | Feet: White Concrete | FloorSolid: true
[12:33:11.225] [DEBUG] [PATHFINDER] Blocked at: BlockPos{x=-83, y=83, z=-100} | Feet: White Concrete | FloorSolid: true
[12:33:11.225] [DEBUG] [PATHFINDER] Blocked at: BlockPos{x=-85, y=83, z=-100} | Feet: Black Concrete | FloorSolid: true
[12:33:11.226] [DEBUG] [PATHFINDER] Blocked at: BlockPos{x=-84, y=85, z=-102} | Feet: Air | FloorSolid: false
[12:33:11.226] [DEBUG] [PATHFINDER] Blocked at: BlockPos{x=-84, y=85, z=-100} | Feet: Air | FloorSolid: false
[12:33:11.226] [DEBUG] [PATHFINDER] Blocked at: BlockPos{x=-83, y=85, z=-101} | Feet: Air | FloorSolid: false
[12:33:11.226] [DEBUG] [PATHFINDER] Blocked at: BlockPos{x=-85, y=85, z=-101} | Feet: Air | FloorSolid: false
[12:33:11.227] [DEBUG] [PATHFINDER] Blocked at: BlockPos{x=-84, y=83, z=-102} | Feet: White Concrete | FloorSolid: true
[12:33:11.227] [DEBUG] [PATHFINDER] Blocked at: BlockPos{x=-84, y=83, z=-100} | Feet: White Concrete | FloorSolid: true
[12:33:11.227] [DEBUG] [PATHFINDER] Blocked at: BlockPos{x=-83, y=83, z=-101} | Feet: White Concrete | FloorSolid: true
[12:33:11.227] [DEBUG] [PATHFINDER] Blocked at: BlockPos{x=-85, y=83, z=-101} | Feet: Black Concrete | FloorSolid: true
[12:33:11.318] [INFO] [DEBUG] 
===== MOBILEMINER DIAGNOSTIC =====
BOT
- State: MOVING_TO_TARGET (Moving to BlockPos{x=-82, y=84, z=-102})
- Active Task: ShadowBotTask
TASK
- Pool Size: 2
- Last Completed: DiagnosticTestTask
- Last Failed: AimingTask (Aiming timed out)
PLAYER
- Pos: (-83.49752367847849, 84.0, -98.92102286367513)
PERCEPTION
- Target: null
- Failures: 0
ENGINE
- Last Tick: 26µs
RECENT STATE TRANSITIONS
...->AIMING (Reached destination)
...->MOVING_TO_TARGET (Moving to BlockPos{x=-85, y=84, z=-97})
...->AIMING (Aiming at (-84.5, 84.5, -96.5))
...->MOVING_TO_TARGET (Moving to BlockPos{x=-85, y=84, z=-97})
...->AIMING (Reached destination)
...->MOVING_TO_TARGET (Moving to BlockPos{x=-85, y=84, z=-99})
...->AIMING (Reached destination)
...->MOVING_TO_TARGET (Moving to BlockPos{x=-85, y=84, z=-101})
...->AIMING (Aiming at (-83.5, 84.5, -101.5))
...->MOVING_TO_TARGET (Moving to BlockPos{x=-82, y=84, z=-102})
============================
[12:33:12.316] [INFO] [DEBUG] 
===== MOBILEMINER DIAGNOSTIC =====
BOT
- State: AIMING (Aiming at (-80.5, 84.5, -102.5))
- Active Task: ShadowBotTask
TASK
- Pool Size: 2
- Last Completed: DiagnosticTestTask
- Last Failed: AimingTask (Aiming timed out)
PLAYER
- Pos: (-82.6915324069798, 84.0, -100.19474296579736)
PERCEPTION
- Target: null
- Failures: 0
ENGINE
- Last Tick: 9µs
RECENT STATE TRANSITIONS
...->MOVING_TO_TARGET (Moving to BlockPos{x=-85, y=84, z=-97})
...->AIMING (Aiming at (-84.5, 84.5, -96.5))
...->MOVING_TO_TARGET (Moving to BlockPos{x=-85, y=84, z=-97})
...->AIMING (Reached destination)
...->MOVING_TO_TARGET (Moving to BlockPos{x=-85, y=84, z=-99})
...->AIMING (Reached destination)
...->MOVING_TO_TARGET (Moving to BlockPos{x=-85, y=84, z=-101})
...->AIMING (Aiming at (-83.5, 84.5, -101.5))
...->MOVING_TO_TARGET (Moving to BlockPos{x=-82, y=84, z=-102})
...->AIMING (Aiming at (-80.5, 84.5, -102.5))
============================
[12:33:12.577] [DEBUG] [PATHFINDER] Blocked at: BlockPos{x=-83, y=85, z=-102} | Feet: Air | FloorSolid: false
[12:33:12.577] [DEBUG] [PATHFINDER] Blocked at: BlockPos{x=-83, y=85, z=-100} | Feet: Air | FloorSolid: false
[12:33:12.578] [DEBUG] [PATHFINDER] Blocked at: BlockPos{x=-82, y=85, z=-101} | Feet: Air | FloorSolid: false
[12:33:12.578] [DEBUG] [PATHFINDER] Blocked at: BlockPos{x=-84, y=85, z=-101} | Feet: Air | FloorSolid: false
[12:33:12.578] [DEBUG] [PATHFINDER] Blocked at: BlockPos{x=-83, y=83, z=-102} | Feet: White Concrete | FloorSolid: true
[12:33:12.578] [DEBUG] [PATHFINDER] Blocked at: BlockPos{x=-83, y=83, z=-100} | Feet: White Concrete | FloorSolid: true
[12:33:12.578] [DEBUG] [PATHFINDER] Blocked at: BlockPos{x=-82, y=83, z=-101} | Feet: White Concrete | FloorSolid: true
[12:33:12.579] [DEBUG] [PATHFINDER] Blocked at: BlockPos{x=-84, y=83, z=-101} | Feet: White Concrete | FloorSolid: true
[12:33:12.579] [DEBUG] [PATHFINDER] Blocked at: BlockPos{x=-82, y=85, z=-102} | Feet: Air | FloorSolid: false
[12:33:12.579] [DEBUG] [PATHFINDER] Blocked at: BlockPos{x=-82, y=85, z=-100} | Feet: Air | FloorSolid: false
[12:33:12.579] [DEBUG] [PATHFINDER] Blocked at: BlockPos{x=-81, y=85, z=-101} | Feet: Air | FloorSolid: false
[12:33:12.579] [DEBUG] [PATHFINDER] Blocked at: BlockPos{x=-83, y=85, z=-101} | Feet: Air | FloorSolid: false
[12:33:12.580] [DEBUG] [PATHFINDER] Blocked at: BlockPos{x=-82, y=83, z=-102} | Feet: White Concrete | FloorSolid: true
[12:33:12.580] [DEBUG] [PATHFINDER] Blocked at: BlockPos{x=-82, y=83, z=-100} | Feet: White Concrete | FloorSolid: true
[12:33:12.580] [DEBUG] [PATHFINDER] Blocked at: BlockPos{x=-81, y=83, z=-101} | Feet: White Concrete | FloorSolid: true
[12:33:12.580] [DEBUG] [PATHFINDER] Blocked at: BlockPos{x=-83, y=83, z=-101} | Feet: White Concrete | FloorSolid: true
[12:33:12.580] [DEBUG] [PATHFINDER] Blocked at: BlockPos{x=-82, y=85, z=-101} | Feet: Air | FloorSolid: false
[12:33:12.581] [DEBUG] [PATHFINDER] Blocked at: BlockPos{x=-82, y=85, z=-99} | Feet: Air | FloorSolid: false
[12:33:12.581] [DEBUG] [PATHFINDER] Blocked at: BlockPos{x=-81, y=85, z=-100} | Feet: Air | FloorSolid: false
[12:33:12.581] [DEBUG] [PATHFINDER] Blocked at: BlockPos{x=-83, y=85, z=-100} | Feet: Air | FloorSolid: false
[12:33:12.581] [DEBUG] [PATHFINDER] Blocked at: BlockPos{x=-82, y=83, z=-101} | Feet: White Concrete | FloorSolid: true
[12:33:12.581] [DEBUG] [PATHFINDER] Blocked at: BlockPos{x=-82, y=83, z=-99} | Feet: White Concrete | FloorSolid: true
[12:33:12.582] [DEBUG] [PATHFINDER] Blocked at: BlockPos{x=-81, y=83, z=-100} | Feet: White Concrete | FloorSolid: true
[12:33:12.582] [DEBUG] [PATHFINDER] Blocked at: BlockPos{x=-83, y=83, z=-100} | Feet: White Concrete | FloorSolid: true
[12:33:13.315] [INFO] [DEBUG] 
===== MOBILEMINER DIAGNOSTIC =====
BOT
- State: AIMING (Aiming at (-79.5, 84.5, -98.5))
- Active Task: ShadowBotTask
TASK
- Pool Size: 2
- Last Completed: DiagnosticTestTask
- Last Failed: AimingTask (Aiming timed out)
PLAYER
- Pos: (-81.87910773449947, 84.0, -100.03427037138968)
PERCEPTION
- Target: null
- Failures: 0
ENGINE
- Last Tick: 5µs
RECENT STATE TRANSITIONS
...->MOVING_TO_TARGET (Moving to BlockPos{x=-85, y=84, z=-97})
...->AIMING (Reached destination)
...->MOVING_TO_TARGET (Moving to BlockPos{x=-85, y=84, z=-99})
...->AIMING (Reached destination)
...->MOVING_TO_TARGET (Moving to BlockPos{x=-85, y=84, z=-101})
...->AIMING (Aiming at (-83.5, 84.5, -101.5))
...->MOVING_TO_TARGET (Moving to BlockPos{x=-82, y=84, z=-102})
...->AIMING (Aiming at (-80.5, 84.5, -102.5))
...->MOVING_TO_TARGET (Moving to BlockPos{x=-80, y=84, z=-99})
...->AIMING (Aiming at (-79.5, 84.5, -98.5))
============================
[12:33:13.980] [DEBUG] [PATHFINDER] Blocked at: BlockPos{x=-82, y=85, z=-102} | Feet: Air | FloorSolid: false
[12:33:13.980] [DEBUG] [PATHFINDER] Blocked at: BlockPos{x=-82, y=85, z=-100} | Feet: Air | FloorSolid: false
[12:33:13.981] [DEBUG] [PATHFINDER] Blocked at: BlockPos{x=-81, y=85, z=-101} | Feet: Air | FloorSolid: false
[12:33:13.981] [DEBUG] [PATHFINDER] Blocked at: BlockPos{x=-83, y=85, z=-101} | Feet: Air | FloorSolid: false
[12:33:13.981] [DEBUG] [PATHFINDER] Blocked at: BlockPos{x=-82, y=83, z=-102} | Feet: White Concrete | FloorSolid: true
[12:33:13.981] [DEBUG] [PATHFINDER] Blocked at: BlockPos{x=-82, y=83, z=-100} | Feet: White Concrete | FloorSolid: true
[12:33:13.981] [DEBUG] [PATHFINDER] Blocked at: BlockPos{x=-81, y=83, z=-101} | Feet: White Concrete | FloorSolid: true
[12:33:13.981] [DEBUG] [PATHFINDER] Blocked at: BlockPos{x=-83, y=83, z=-101} | Feet: White Concrete | FloorSolid: true
[12:33:13.982] [DEBUG] [PATHFINDER] Blocked at: BlockPos{x=-82, y=85, z=-101} | Feet: Air | FloorSolid: false
[12:33:13.982] [DEBUG] [PATHFINDER] Blocked at: BlockPos{x=-82, y=85, z=-99} | Feet: Air | FloorSolid: false
[12:33:13.982] [DEBUG] [PATHFINDER] Blocked at: BlockPos{x=-81, y=85, z=-100} | Feet: Air | FloorSolid: false
[12:33:13.982] [DEBUG] [PATHFINDER] Blocked at: BlockPos{x=-83, y=85, z=-100} | Feet: Air | FloorSolid: false
[12:33:13.982] [DEBUG] [PATHFINDER] Blocked at: BlockPos{x=-82, y=83, z=-101} | Feet: White Concrete | FloorSolid: true
[12:33:13.982] [DEBUG] [PATHFINDER] Blocked at: BlockPos{x=-82, y=83, z=-99} | Feet: White Concrete | FloorSolid: true
[12:33:13.982] [DEBUG] [PATHFINDER] Blocked at: BlockPos{x=-81, y=83, z=-100} | Feet: White Concrete | FloorSolid: true
[12:33:13.983] [DEBUG] [PATHFINDER] Blocked at: BlockPos{x=-83, y=83, z=-100} | Feet: White Concrete | FloorSolid: true
[12:33:14.328] [INFO] [DEBUG] 
===== MOBILEMINER DIAGNOSTIC =====
BOT
- State: MOVING_TO_TARGET (Moving to BlockPos{x=-80, y=84, z=-99})
- Active Task: ShadowBotTask
TASK
- Pool Size: 2
- Last Completed: DiagnosticTestTask
- Last Failed: AimingTask (Aiming timed out)
PLAYER
- Pos: (-80.90929339905232, 84.0, -99.82439554323186)
PERCEPTION
- Target: null
- Failures: 0
ENGINE
- Last Tick: 31µs
RECENT STATE TRANSITIONS
...->AIMING (Reached destination)
...->MOVING_TO_TARGET (Moving to BlockPos{x=-85, y=84, z=-99})
...->AIMING (Reached destination)
...->MOVING_TO_TARGET (Moving to BlockPos{x=-85, y=84, z=-101})
...->AIMING (Aiming at (-83.5, 84.5, -101.5))
...->MOVING_TO_TARGET (Moving to BlockPos{x=-82, y=84, z=-102})
...->AIMING (Aiming at (-80.5, 84.5, -102.5))
...->MOVING_TO_TARGET (Moving to BlockPos{x=-80, y=84, z=-99})
...->AIMING (Aiming at (-79.5, 84.5, -98.5))
...->MOVING_TO_TARGET (Moving to BlockPos{x=-80, y=84, z=-99})
============================
[12:33:14.469] [DEBUG] [PATHFINDER] Blocked at: BlockPos{x=-81, y=85, z=-101} | Feet: Air | FloorSolid: false
[12:33:14.470] [DEBUG] [PATHFINDER] Blocked at: BlockPos{x=-81, y=85, z=-99} | Feet: Air | FloorSolid: false
[12:33:14.470] [DEBUG] [PATHFINDER] Blocked at: BlockPos{x=-80, y=85, z=-100} | Feet: Air | FloorSolid: false
[12:33:14.471] [DEBUG] [PATHFINDER] Blocked at: BlockPos{x=-82, y=85, z=-100} | Feet: Air | FloorSolid: false
[12:33:14.471] [DEBUG] [PATHFINDER] Blocked at: BlockPos{x=-81, y=83, z=-101} | Feet: White Concrete | FloorSolid: true
[12:33:14.471] [DEBUG] [PATHFINDER] Blocked at: BlockPos{x=-81, y=83, z=-99} | Feet: White Concrete | FloorSolid: true
[12:33:14.471] [DEBUG] [PATHFINDER] Blocked at: BlockPos{x=-80, y=83, z=-100} | Feet: Black Concrete | FloorSolid: true
[12:33:14.472] [DEBUG] [PATHFINDER] Blocked at: BlockPos{x=-82, y=83, z=-100} | Feet: White Concrete | FloorSolid: true
[12:33:14.472] [DEBUG] [PATHFINDER] Blocked at: BlockPos{x=-80, y=85, z=-101} | Feet: Air | FloorSolid: false
[12:33:14.472] [DEBUG] [PATHFINDER] Blocked at: BlockPos{x=-80, y=85, z=-99} | Feet: Air | FloorSolid: false
[12:33:14.472] [DEBUG] [PATHFINDER] Blocked at: BlockPos{x=-79, y=85, z=-100} | Feet: Air | FloorSolid: false
[12:33:14.472] [DEBUG] [PATHFINDER] Blocked at: BlockPos{x=-81, y=85, z=-100} | Feet: Air | FloorSolid: false
[12:33:14.473] [DEBUG] [PATHFINDER] Blocked at: BlockPos{x=-80, y=83, z=-101} | Feet: Black Concrete | FloorSolid: true
[12:33:14.473] [DEBUG] [PATHFINDER] Blocked at: BlockPos{x=-80, y=83, z=-99} | Feet: Black Concrete | FloorSolid: true
[12:33:14.473] [DEBUG] [PATHFINDER] Blocked at: BlockPos{x=-79, y=83, z=-100} | Feet: White Concrete | FloorSolid: true
[12:33:14.473] [DEBUG] [PATHFINDER] Blocked at: BlockPos{x=-81, y=83, z=-100} | Feet: White Concrete | FloorSolid: true
[12:33:14.474] [DEBUG] [PATHFINDER] Blocked at: BlockPos{x=-79, y=85, z=-101} | Feet: Air | FloorSolid: false
[12:33:14.474] [DEBUG] [PATHFINDER] Blocked at: BlockPos{x=-79, y=85, z=-99} | Feet: Air | FloorSolid: false
[12:33:14.474] [DEBUG] [PATHFINDER] Blocked at: BlockPos{x=-78, y=85, z=-100} | Feet: Air | FloorSolid: false
[12:33:14.474] [DEBUG] [PATHFINDER] Blocked at: BlockPos{x=-80, y=85, z=-100} | Feet: Air | FloorSolid: false
[12:33:14.474] [DEBUG] [PATHFINDER] Blocked at: BlockPos{x=-79, y=83, z=-101} | Feet: White Concrete | FloorSolid: true
[12:33:14.475] [DEBUG] [PATHFINDER] Blocked at: BlockPos{x=-79, y=83, z=-99} | Feet: White Concrete | FloorSolid: true
[12:33:14.475] [DEBUG] [PATHFINDER] Blocked at: BlockPos{x=-78, y=83, z=-100} | Feet: White Concrete | FloorSolid: true
[12:33:14.475] [DEBUG] [PATHFINDER] Blocked at: BlockPos{x=-80, y=83, z=-100} | Feet: Black Concrete | FloorSolid: true
[12:33:14.475] [DEBUG] [PATHFINDER] Blocked at: BlockPos{x=-78, y=85, z=-101} | Feet: Air | FloorSolid: false
[12:33:14.476] [DEBUG] [PATHFINDER] Blocked at: BlockPos{x=-78, y=85, z=-99} | Feet: Air | FloorSolid: false
[12:33:14.476] [DEBUG] [PATHFINDER] Blocked at: BlockPos{x=-77, y=85, z=-100} | Feet: Air | FloorSolid: false
[12:33:14.476] [DEBUG] [PATHFINDER] Blocked at: BlockPos{x=-79, y=85, z=-100} | Feet: Air | FloorSolid: false
[12:33:14.476] [DEBUG] [PATHFINDER] Blocked at: BlockPos{x=-78, y=83, z=-101} | Feet: White Concrete | FloorSolid: true
[12:33:14.476] [DEBUG] [PATHFINDER] Blocked at: BlockPos{x=-78, y=83, z=-99} | Feet: White Concrete | FloorSolid: true
[12:33:14.477] [DEBUG] [PATHFINDER] Blocked at: BlockPos{x=-77, y=83, z=-100} | Feet: White Concrete | FloorSolid: true
[12:33:14.477] [DEBUG] [PATHFINDER] Blocked at: BlockPos{x=-79, y=83, z=-100} | Feet: White Concrete | FloorSolid: true
[12:33:15.317] [INFO] [DEBUG] 
===== MOBILEMINER DIAGNOSTIC =====
BOT
- State: MOVING_TO_TARGET (Moving to BlockPos{x=-76, y=84, z=-99})
- Active Task: ShadowBotTask
TASK
- Pool Size: 2
- Last Completed: DiagnosticTestTask
- Last Failed: AimingTask (Aiming timed out)
PLAYER
- Pos: (-77.3905211867554, 84.0, -99.46467515338168)
PERCEPTION
- Target: null
- Failures: 0
ENGINE
- Last Tick: 25µs
RECENT STATE TRANSITIONS
...->AIMING (Reached destination)
...->MOVING_TO_TARGET (Moving to BlockPos{x=-85, y=84, z=-101})
...->AIMING (Aiming at (-83.5, 84.5, -101.5))
...->MOVING_TO_TARGET (Moving to BlockPos{x=-82, y=84, z=-102})
...->AIMING (Aiming at (-80.5, 84.5, -102.5))
...->MOVING_TO_TARGET (Moving to BlockPos{x=-80, y=84, z=-99})
...->AIMING (Aiming at (-79.5, 84.5, -98.5))
...->MOVING_TO_TARGET (Moving to BlockPos{x=-80, y=84, z=-99})
...->AIMING (Reached destination)
...->MOVING_TO_TARGET (Moving to BlockPos{x=-76, y=84, z=-99})
============================
[12:33:16.315] [INFO] [DEBUG] 
===== MOBILEMINER DIAGNOSTIC =====
BOT
- State: AIMING (Aiming at (-74.5, 84.5, -101.5))
- Active Task: ShadowBotTask
TASK
- Pool Size: 2
- Last Completed: DiagnosticTestTask
- Last Failed: AimingTask (Aiming timed out)
PLAYER
- Pos: (-76.70354220761524, 84.0, -99.49234521273969)
PERCEPTION
- Target: null
- Failures: 0
ENGINE
- Last Tick: 4µs
RECENT STATE TRANSITIONS
...->MOVING_TO_TARGET (Moving to BlockPos{x=-85, y=84, z=-101})
...->AIMING (Aiming at (-83.5, 84.5, -101.5))
...->MOVING_TO_TARGET (Moving to BlockPos{x=-82, y=84, z=-102})
...->AIMING (Aiming at (-80.5, 84.5, -102.5))
...->MOVING_TO_TARGET (Moving to BlockPos{x=-80, y=84, z=-99})
...->AIMING (Aiming at (-79.5, 84.5, -98.5))
...->MOVING_TO_TARGET (Moving to BlockPos{x=-80, y=84, z=-99})
...->AIMING (Reached destination)
...->MOVING_TO_TARGET (Moving to BlockPos{x=-76, y=84, z=-99})
...->AIMING (Aiming at (-74.5, 84.5, -101.5))
============================
[12:33:16.415] [DEBUG] [PATHFINDER] Blocked at: BlockPos{x=-77, y=85, z=-101} | Feet: Air | FloorSolid: false
[12:33:16.415] [DEBUG] [PATHFINDER] Blocked at: BlockPos{x=-77, y=85, z=-99} | Feet: Air | FloorSolid: false
[12:33:16.415] [DEBUG] [PATHFINDER] Blocked at: BlockPos{x=-76, y=85, z=-100} | Feet: Air | FloorSolid: false
[12:33:16.416] [DEBUG] [PATHFINDER] Blocked at: BlockPos{x=-78, y=85, z=-100} | Feet: Air | FloorSolid: false
[12:33:16.416] [DEBUG] [PATHFINDER] Blocked at: BlockPos{x=-77, y=83, z=-101} | Feet: White Concrete | FloorSolid: true
[12:33:16.416] [DEBUG] [PATHFINDER] Blocked at: BlockPos{x=-77, y=83, z=-99} | Feet: White Concrete | FloorSolid: true
[12:33:16.416] [DEBUG] [PATHFINDER] Blocked at: BlockPos{x=-76, y=83, z=-100} | Feet: White Concrete | FloorSolid: true
[12:33:16.416] [DEBUG] [PATHFINDER] Blocked at: BlockPos{x=-78, y=83, z=-100} | Feet: White Concrete | FloorSolid: true
[12:33:16.416] [DEBUG] [PATHFINDER] Blocked at: BlockPos{x=-77, y=85, z=-100} | Feet: Air | FloorSolid: false
[12:33:16.416] [DEBUG] [PATHFINDER] Blocked at: BlockPos{x=-77, y=85, z=-98} | Feet: Air | FloorSolid: false
[12:33:16.416] [DEBUG] [PATHFINDER] Blocked at: BlockPos{x=-76, y=85, z=-99} | Feet: Air | FloorSolid: false
[12:33:16.416] [DEBUG] [PATHFINDER] Blocked at: BlockPos{x=-78, y=85, z=-99} | Feet: Air | FloorSolid: false
[12:33:16.417] [DEBUG] [PATHFINDER] Blocked at: BlockPos{x=-77, y=83, z=-100} | Feet: White Concrete | FloorSolid: true
[12:33:16.417] [DEBUG] [PATHFINDER] Blocked at: BlockPos{x=-77, y=83, z=-98} | Feet: Black Concrete | FloorSolid: true
[12:33:16.417] [DEBUG] [PATHFINDER] Blocked at: BlockPos{x=-76, y=83, z=-99} | Feet: White Concrete | FloorSolid: true
[12:33:16.417] [DEBUG] [PATHFINDER] Blocked at: BlockPos{x=-78, y=83, z=-99} | Feet: White Concrete | FloorSolid: true
[12:33:16.970] [DEBUG] [PATHFINDER] Blocked at: BlockPos{x=-76, y=85, z=-100} | Feet: Air | FloorSolid: false
[12:33:16.971] [DEBUG] [PATHFINDER] Blocked at: BlockPos{x=-76, y=85, z=-98} | Feet: Air | FloorSolid: false
[12:33:16.971] [DEBUG] [PATHFINDER] Blocked at: BlockPos{x=-75, y=85, z=-99} | Feet: Air | FloorSolid: false
[12:33:16.971] [DEBUG] [PATHFINDER] Blocked at: BlockPos{x=-77, y=85, z=-99} | Feet: Air | FloorSolid: false
[12:33:16.971] [DEBUG] [PATHFINDER] Blocked at: BlockPos{x=-76, y=83, z=-100} | Feet: White Concrete | FloorSolid: true
[12:33:16.972] [DEBUG] [PATHFINDER] Blocked at: BlockPos{x=-76, y=83, z=-98} | Feet: Black Concrete | FloorSolid: true
[12:33:16.972] [DEBUG] [PATHFINDER] Blocked at: BlockPos{x=-75, y=83, z=-99} | Feet: Black Concrete | FloorSolid: true
[12:33:16.972] [DEBUG] [PATHFINDER] Blocked at: BlockPos{x=-77, y=83, z=-99} | Feet: White Concrete | FloorSolid: true
[12:33:16.972] [DEBUG] [PATHFINDER] Blocked at: BlockPos{x=-76, y=85, z=-99} | Feet: Air | FloorSolid: false
[12:33:16.972] [DEBUG] [PATHFINDER] Blocked at: BlockPos{x=-76, y=85, z=-97} | Feet: Air | FloorSolid: false
[12:33:16.972] [DEBUG] [PATHFINDER] Blocked at: BlockPos{x=-75, y=85, z=-98} | Feet: Air | FloorSolid: false
[12:33:16.972] [DEBUG] [PATHFINDER] Blocked at: BlockPos{x=-77, y=85, z=-98} | Feet: Air | FloorSolid: false
[12:33:16.972] [DEBUG] [PATHFINDER] Blocked at: BlockPos{x=-76, y=83, z=-99} | Feet: White Concrete | FloorSolid: true
[12:33:16.973] [DEBUG] [PATHFINDER] Blocked at: BlockPos{x=-76, y=83, z=-97} | Feet: White Concrete | FloorSolid: true
[12:33:16.973] [DEBUG] [PATHFINDER] Blocked at: BlockPos{x=-75, y=83, z=-98} | Feet: Black Concrete | FloorSolid: true
[12:33:16.973] [DEBUG] [PATHFINDER] Blocked at: BlockPos{x=-77, y=83, z=-98} | Feet: Black Concrete | FloorSolid: true
[12:33:17.317] [INFO] [DEBUG] 
===== MOBILEMINER DIAGNOSTIC =====
BOT
- State: MOVING_TO_TARGET (Moving to BlockPos{x=-75, y=84, z=-96})
- Active Task: ShadowBotTask
TASK
- Pool Size: 2
- Last Completed: DiagnosticTestTask
- Last Failed: AimingTask (Aiming timed out)
PLAYER
- Pos: (-75.48225126249437, 84.0, -97.67894330545406)
PERCEPTION
- Target: null
- Failures: 0
ENGINE
- Last Tick: 37µs
RECENT STATE TRANSITIONS
...->AIMING (Aiming at (-80.5, 84.5, -102.5))
...->MOVING_TO_TARGET (Moving to BlockPos{x=-80, y=84, z=-99})
...->AIMING (Aiming at (-79.5, 84.5, -98.5))
...->MOVING_TO_TARGET (Moving to BlockPos{x=-80, y=84, z=-99})
...->AIMING (Reached destination)
...->MOVING_TO_TARGET (Moving to BlockPos{x=-76, y=84, z=-99})
...->AIMING (Aiming at (-74.5, 84.5, -101.5))
...->MOVING_TO_TARGET (Moving to BlockPos{x=-75, y=84, z=-98})
...->AIMING (Reached destination)
...->MOVING_TO_TARGET (Moving to BlockPos{x=-75, y=84, z=-96})
============================
[12:33:18.070] [DEBUG] [PATHFINDER] Blocked at: BlockPos{x=-76, y=85, z=-98} | Feet: Air | FloorSolid: false
[12:33:18.070] [DEBUG] [PATHFINDER] Blocked at: BlockPos{x=-76, y=85, z=-96} | Feet: Air | FloorSolid: false
[12:33:18.071] [DEBUG] [PATHFINDER] Blocked at: BlockPos{x=-75, y=85, z=-97} | Feet: Air | FloorSolid: false
[12:33:18.071] [DEBUG] [PATHFINDER] Blocked at: BlockPos{x=-77, y=85, z=-97} | Feet: Air | FloorSolid: false
[12:33:18.071] [DEBUG] [PATHFINDER] Blocked at: BlockPos{x=-76, y=83, z=-98} | Feet: Black Concrete | FloorSolid: true
[12:33:18.071] [DEBUG] [PATHFINDER] Blocked at: BlockPos{x=-76, y=83, z=-96} | Feet: White Concrete | FloorSolid: true
[12:33:18.071] [DEBUG] [PATHFINDER] Blocked at: BlockPos{x=-75, y=83, z=-97} | Feet: Black Concrete | FloorSolid: true
[12:33:18.071] [DEBUG] [PATHFINDER] Blocked at: BlockPos{x=-77, y=83, z=-97} | Feet: White Concrete | FloorSolid: true
[12:33:18.072] [DEBUG] [PATHFINDER] Blocked at: BlockPos{x=-76, y=85, z=-97} | Feet: Air | FloorSolid: false
[12:33:18.072] [DEBUG] [PATHFINDER] Blocked at: BlockPos{x=-76, y=85, z=-95} | Feet: Air | FloorSolid: false
[12:33:18.072] [DEBUG] [PATHFINDER] Blocked at: BlockPos{x=-75, y=85, z=-96} | Feet: Air | FloorSolid: false
[12:33:18.072] [DEBUG] [PATHFINDER] Blocked at: BlockPos{x=-77, y=85, z=-96} | Feet: Air | FloorSolid: false
[12:33:18.072] [DEBUG] [PATHFINDER] Blocked at: BlockPos{x=-76, y=83, z=-97} | Feet: White Concrete | FloorSolid: true
[12:33:18.072] [DEBUG] [PATHFINDER] Blocked at: BlockPos{x=-76, y=83, z=-95} | Feet: White Concrete | FloorSolid: true
[12:33:18.072] [DEBUG] [PATHFINDER] Blocked at: BlockPos{x=-75, y=83, z=-96} | Feet: Black Concrete | FloorSolid: true
[12:33:18.072] [DEBUG] [PATHFINDER] Blocked at: BlockPos{x=-77, y=83, z=-96} | Feet: White Concrete | FloorSolid: true
[12:33:18.324] [INFO] [DEBUG] 
===== MOBILEMINER DIAGNOSTIC =====
BOT
- State: MOVING_TO_TARGET (Moving to BlockPos{x=-77, y=84, z=-94})
- Active Task: ShadowBotTask
TASK
- Pool Size: 2
- Last Completed: DiagnosticTestTask
- Last Failed: AimingTask (Aiming timed out)
PLAYER
- Pos: (-75.50175464236357, 84.0, -95.92474477384192)
PERCEPTION
- Target: null
- Failures: 0
ENGINE
- Last Tick: 30µs
RECENT STATE TRANSITIONS
...->AIMING (Aiming at (-79.5, 84.5, -98.5))
...->MOVING_TO_TARGET (Moving to BlockPos{x=-80, y=84, z=-99})
...->AIMING (Reached destination)
...->MOVING_TO_TARGET (Moving to BlockPos{x=-76, y=84, z=-99})
...->AIMING (Aiming at (-74.5, 84.5, -101.5))
...->MOVING_TO_TARGET (Moving to BlockPos{x=-75, y=84, z=-98})
...->AIMING (Reached destination)
...->MOVING_TO_TARGET (Moving to BlockPos{x=-75, y=84, z=-96})
...->AIMING (Reached destination)
...->MOVING_TO_TARGET (Moving to BlockPos{x=-77, y=84, z=-94})
============================
[12:33:18.674] [DEBUG] [PATHFINDER] Blocked at: BlockPos{x=-76, y=85, z=-96} | Feet: Air | FloorSolid: false
[12:33:18.675] [DEBUG] [PATHFINDER] Blocked at: BlockPos{x=-76, y=85, z=-94} | Feet: Air | FloorSolid: false
[12:33:18.675] [DEBUG] [PATHFINDER] Blocked at: BlockPos{x=-75, y=85, z=-95} | Feet: Air | FloorSolid: false
[12:33:18.676] [DEBUG] [PATHFINDER] Blocked at: BlockPos{x=-77, y=85, z=-95} | Feet: Air | FloorSolid: false
[12:33:18.676] [DEBUG] [PATHFINDER] Blocked at: BlockPos{x=-76, y=83, z=-96} | Feet: White Concrete | FloorSolid: true
[12:33:18.676] [DEBUG] [PATHFINDER] Blocked at: BlockPos{x=-76, y=83, z=-94} | Feet: White Concrete | FloorSolid: true
[12:33:18.676] [DEBUG] [PATHFINDER] Blocked at: BlockPos{x=-75, y=83, z=-95} | Feet: Black Concrete | FloorSolid: true
[12:33:18.676] [DEBUG] [PATHFINDER] Blocked at: BlockPos{x=-77, y=83, z=-95} | Feet: White Concrete | FloorSolid: true
[12:33:18.677] [DEBUG] [PATHFINDER] Blocked at: BlockPos{x=-77, y=85, z=-96} | Feet: Air | FloorSolid: false
[12:33:18.677] [DEBUG] [PATHFINDER] Blocked at: BlockPos{x=-77, y=85, z=-94} | Feet: Air | FloorSolid: false
[12:33:18.677] [DEBUG] [PATHFINDER] Blocked at: BlockPos{x=-76, y=85, z=-95} | Feet: Air | FloorSolid: false
[12:33:18.677] [DEBUG] [PATHFINDER] Blocked at: BlockPos{x=-78, y=85, z=-95} | Feet: Air | FloorSolid: false
[12:33:18.678] [DEBUG] [PATHFINDER] Blocked at: BlockPos{x=-77, y=83, z=-96} | Feet: White Concrete | FloorSolid: true
[12:33:18.678] [DEBUG] [PATHFINDER] Blocked at: BlockPos{x=-77, y=83, z=-94} | Feet: White Concrete | FloorSolid: true
[12:33:18.678] [DEBUG] [PATHFINDER] Blocked at: BlockPos{x=-76, y=83, z=-95} | Feet: White Concrete | FloorSolid: true
[12:33:18.678] [DEBUG] [PATHFINDER] Blocked at: BlockPos{x=-78, y=83, z=-95} | Feet: White Concrete | FloorSolid: true
[12:33:18.679] [DEBUG] [PATHFINDER] Blocked at: BlockPos{x=-77, y=85, z=-95} | Feet: Air | FloorSolid: false
[12:33:18.679] [DEBUG] [PATHFINDER] Blocked at: BlockPos{x=-77, y=85, z=-93} | Feet: Air | FloorSolid: false
[12:33:18.679] [DEBUG] [PATHFINDER] Blocked at: BlockPos{x=-76, y=85, z=-94} | Feet: Air | FloorSolid: false
[12:33:18.679] [DEBUG] [PATHFINDER] Blocked at: BlockPos{x=-78, y=85, z=-94} | Feet: Air | FloorSolid: false
[12:33:18.679] [DEBUG] [PATHFINDER] Blocked at: BlockPos{x=-77, y=83, z=-95} | Feet: White Concrete | FloorSolid: true
[12:33:18.680] [DEBUG] [PATHFINDER] Blocked at: BlockPos{x=-77, y=83, z=-93} | Feet: Black Concrete | FloorSolid: true
[12:33:18.680] [DEBUG] [PATHFINDER] Blocked at: BlockPos{x=-76, y=83, z=-94} | Feet: White Concrete | FloorSolid: true
[12:33:18.680] [DEBUG] [PATHFINDER] Blocked at: BlockPos{x=-78, y=83, z=-94} | Feet: White Concrete | FloorSolid: true
[12:33:19.322] [INFO] [DEBUG] 
===== MOBILEMINER DIAGNOSTIC =====
BOT
- State: AIMING (Reached destination)
- Active Task: ShadowBotTask
TASK
- Pool Size: 2
- Last Completed: DiagnosticTestTask
- Last Failed: AimingTask (Aiming timed out)
PLAYER
- Pos: (-77.38551791820497, 84.0, -93.54023466383167)
PERCEPTION
- Target: null
- Failures: 0
ENGINE
- Last Tick: 41µs
RECENT STATE TRANSITIONS
...->MOVING_TO_TARGET (Moving to BlockPos{x=-76, y=84, z=-99})
...->AIMING (Aiming at (-74.5, 84.5, -101.5))
...->MOVING_TO_TARGET (Moving to BlockPos{x=-75, y=84, z=-98})
...->AIMING (Reached destination)
...->MOVING_TO_TARGET (Moving to BlockPos{x=-75, y=84, z=-96})
...->AIMING (Reached destination)
...->MOVING_TO_TARGET (Moving to BlockPos{x=-77, y=84, z=-94})
...->AIMING (Reached destination)
...->MOVING_TO_TARGET (Moving to BlockPos{x=-79, y=84, z=-93})
...->AIMING (Reached destination)
============================
[12:33:19.372] [DEBUG] [PATHFINDER] Blocked at: BlockPos{x=-78, y=85, z=-95} | Feet: Air | FloorSolid: false
[12:33:19.373] [DEBUG] [PATHFINDER] Blocked at: BlockPos{x=-78, y=85, z=-93} | Feet: Air | FloorSolid: false
[12:33:19.373] [DEBUG] [PATHFINDER] Blocked at: BlockPos{x=-77, y=85, z=-94} | Feet: Air | FloorSolid: false
[12:33:19.373] [DEBUG] [PATHFINDER] Blocked at: BlockPos{x=-79, y=85, z=-94} | Feet: Air | FloorSolid: false
[12:33:19.373] [DEBUG] [PATHFINDER] Blocked at: BlockPos{x=-78, y=83, z=-95} | Feet: White Concrete | FloorSolid: true
[12:33:19.374] [DEBUG] [PATHFINDER] Blocked at: BlockPos{x=-78, y=83, z=-93} | Feet: Black Concrete | FloorSolid: true
[12:33:19.374] [DEBUG] [PATHFINDER] Blocked at: BlockPos{x=-77, y=83, z=-94} | Feet: White Concrete | FloorSolid: true
[12:33:19.374] [DEBUG] [PATHFINDER] Blocked at: BlockPos{x=-79, y=83, z=-94} | Feet: White Concrete | FloorSolid: true
[12:33:19.374] [DEBUG] [PATHFINDER] Blocked at: BlockPos{x=-79, y=85, z=-95} | Feet: Air | FloorSolid: false
[12:33:19.375] [DEBUG] [PATHFINDER] Blocked at: BlockPos{x=-79, y=85, z=-93} | Feet: Air | FloorSolid: false
[12:33:19.375] [DEBUG] [PATHFINDER] Blocked at: BlockPos{x=-78, y=85, z=-94} | Feet: Air | FloorSolid: false
[12:33:19.375] [DEBUG] [PATHFINDER] Blocked at: BlockPos{x=-80, y=85, z=-94} | Feet: Air | FloorSolid: false
[12:33:19.375] [DEBUG] [PATHFINDER] Blocked at: BlockPos{x=-79, y=83, z=-95} | Feet: White Concrete | FloorSolid: true
[12:33:19.375] [DEBUG] [PATHFINDER] Blocked at: BlockPos{x=-79, y=83, z=-93} | Feet: Black Concrete | FloorSolid: true
[12:33:19.376] [DEBUG] [PATHFINDER] Blocked at: BlockPos{x=-78, y=83, z=-94} | Feet: White Concrete | FloorSolid: true
[12:33:19.376] [DEBUG] [PATHFINDER] Blocked at: BlockPos{x=-80, y=83, z=-94} | Feet: Black Concrete | FloorSolid: true
[12:33:19.970] [DEBUG] [PATHFINDER] Blocked at: BlockPos{x=-80, y=85, z=-95} | Feet: Air | FloorSolid: false
[12:33:19.970] [DEBUG] [PATHFINDER] Blocked at: BlockPos{x=-80, y=85, z=-93} | Feet: Air | FloorSolid: false
[12:33:19.971] [DEBUG] [PATHFINDER] Blocked at: BlockPos{x=-79, y=85, z=-94} | Feet: Air | FloorSolid: false
[12:33:19.971] [DEBUG] [PATHFINDER] Blocked at: BlockPos{x=-81, y=85, z=-94} | Feet: Air | FloorSolid: false
[12:33:19.971] [DEBUG] [PATHFINDER] Blocked at: BlockPos{x=-80, y=83, z=-95} | Feet: Black Concrete | FloorSolid: true
[12:33:19.971] [DEBUG] [PATHFINDER] Blocked at: BlockPos{x=-80, y=83, z=-93} | Feet: Black Concrete | FloorSolid: true
[12:33:19.972] [DEBUG] [PATHFINDER] Blocked at: BlockPos{x=-79, y=83, z=-94} | Feet: White Concrete | FloorSolid: true
[12:33:19.972] [DEBUG] [PATHFINDER] Blocked at: BlockPos{x=-81, y=83, z=-94} | Feet: White Concrete | FloorSolid: true
[12:33:19.972] [DEBUG] [PATHFINDER] Blocked at: BlockPos{x=-81, y=85, z=-95} | Feet: Air | FloorSolid: false
[12:33:19.973] [DEBUG] [PATHFINDER] Blocked at: BlockPos{x=-81, y=85, z=-93} | Feet: Air | FloorSolid: false
[12:33:19.973] [DEBUG] [PATHFINDER] Blocked at: BlockPos{x=-80, y=85, z=-94} | Feet: Air | FloorSolid: false
[12:33:19.973] [DEBUG] [PATHFINDER] Blocked at: BlockPos{x=-82, y=85, z=-94} | Feet: Air | FloorSolid: false
[12:33:19.973] [DEBUG] [PATHFINDER] Blocked at: BlockPos{x=-81, y=83, z=-95} | Feet: White Concrete | FloorSolid: true
[12:33:19.974] [DEBUG] [PATHFINDER] Blocked at: BlockPos{x=-81, y=83, z=-93} | Feet: Black Concrete | FloorSolid: true
[12:33:19.974] [DEBUG] [PATHFINDER] Blocked at: BlockPos{x=-80, y=83, z=-94} | Feet: Black Concrete | FloorSolid: true
[12:33:19.974] [DEBUG] [PATHFINDER] Blocked at: BlockPos{x=-82, y=83, z=-94} | Feet: White Concrete | FloorSolid: true
[12:33:20.325] [INFO] [DEBUG] 
===== MOBILEMINER DIAGNOSTIC =====
BOT
- State: MOVING_TO_TARGET (Moving to BlockPos{x=-83, y=84, z=-93})
- Active Task: ShadowBotTask
TASK
- Pool Size: 2
- Last Completed: DiagnosticTestTask
- Last Failed: AimingTask (Aiming timed out)
PLAYER
- Pos: (-80.40097737907621, 84.0, -93.5002680095719)
PERCEPTION
- Target: null
- Failures: 0
ENGINE
- Last Tick: 29µs
RECENT STATE TRANSITIONS
...->AIMING (Reached destination)
...->MOVING_TO_TARGET (Moving to BlockPos{x=-75, y=84, z=-96})
...->AIMING (Reached destination)
...->MOVING_TO_TARGET (Moving to BlockPos{x=-77, y=84, z=-94})
...->AIMING (Reached destination)
...->MOVING_TO_TARGET (Moving to BlockPos{x=-79, y=84, z=-93})
...->AIMING (Reached destination)
...->MOVING_TO_TARGET (Moving to BlockPos{x=-81, y=84, z=-93})
...->AIMING (Reached destination)
...->MOVING_TO_TARGET (Moving to BlockPos{x=-83, y=84, z=-93})
============================
[12:33:20.868] [DEBUG] [PATHFINDER] Blocked at: BlockPos{x=-81, y=85, z=-95} | Feet: Air | FloorSolid: false
[12:33:20.869] [DEBUG] [PATHFINDER] Blocked at: BlockPos{x=-81, y=85, z=-93} | Feet: Air | FloorSolid: false
[12:33:20.869] [DEBUG] [PATHFINDER] Blocked at: BlockPos{x=-80, y=85, z=-94} | Feet: Air | FloorSolid: false
[12:33:20.869] [DEBUG] [PATHFINDER] Blocked at: BlockPos{x=-82, y=85, z=-94} | Feet: Air | FloorSolid: false
[12:33:20.870] [DEBUG] [PATHFINDER] Blocked at: BlockPos{x=-81, y=83, z=-95} | Feet: White Concrete | FloorSolid: true
[12:33:20.870] [DEBUG] [PATHFINDER] Blocked at: BlockPos{x=-81, y=83, z=-93} | Feet: Black Concrete | FloorSolid: true
[12:33:20.870] [DEBUG] [PATHFINDER] Blocked at: BlockPos{x=-80, y=83, z=-94} | Feet: Black Concrete | FloorSolid: true
[12:33:20.870] [DEBUG] [PATHFINDER] Blocked at: BlockPos{x=-82, y=83, z=-94} | Feet: White Concrete | FloorSolid: true
[12:33:20.871] [DEBUG] [PATHFINDER] Blocked at: BlockPos{x=-82, y=85, z=-95} | Feet: Air | FloorSolid: false
[12:33:20.871] [DEBUG] [PATHFINDER] Blocked at: BlockPos{x=-82, y=85, z=-93} | Feet: Air | FloorSolid: false
[12:33:20.871] [DEBUG] [PATHFINDER] Blocked at: BlockPos{x=-81, y=85, z=-94} | Feet: Air | FloorSolid: false
[12:33:20.871] [DEBUG] [PATHFINDER] Blocked at: BlockPos{x=-83, y=85, z=-94} | Feet: Air | FloorSolid: false
[12:33:20.871] [DEBUG] [PATHFINDER] Blocked at: BlockPos{x=-82, y=83, z=-95} | Feet: White Concrete | FloorSolid: true
[12:33:20.872] [DEBUG] [PATHFINDER] Blocked at: BlockPos{x=-82, y=83, z=-93} | Feet: Black Concrete | FloorSolid: true
[12:33:20.872] [DEBUG] [PATHFINDER] Blocked at: BlockPos{x=-81, y=83, z=-94} | Feet: White Concrete | FloorSolid: true
[12:33:20.872] [DEBUG] [PATHFINDER] Blocked at: BlockPos{x=-83, y=83, z=-94} | Feet: White Concrete | FloorSolid: true
[12:33:21.325] [INFO] [DEBUG] 
===== MOBILEMINER DIAGNOSTIC =====
BOT
- State: MOVING_TO_TARGET (Moving to BlockPos{x=-84, y=84, z=-95})
- Active Task: ShadowBotTask
TASK
- Pool Size: 2
- Last Completed: DiagnosticTestTask
- Last Failed: AimingTask (Aiming timed out)
PLAYER
- Pos: (-82.11737715434185, 84.0, -93.49982624311858)
PERCEPTION
- Target: null
- Failures: 0
ENGINE
- Last Tick: 13µs
RECENT STATE TRANSITIONS
...->AIMING (Reached destination)
...->MOVING_TO_TARGET (Moving to BlockPos{x=-77, y=84, z=-94})
...->AIMING (Reached destination)
...->MOVING_TO_TARGET (Moving to BlockPos{x=-79, y=84, z=-93})
...->AIMING (Reached destination)
...->MOVING_TO_TARGET (Moving to BlockPos{x=-81, y=84, z=-93})
...->AIMING (Reached destination)
...->MOVING_TO_TARGET (Moving to BlockPos{x=-83, y=84, z=-93})
...->AIMING (Aiming at (-83.5, 84.5, -93.5))
...->MOVING_TO_TARGET (Moving to BlockPos{x=-84, y=84, z=-95})
============================
[12:33:21.418] [DEBUG] [PATHFINDER] Blocked at: BlockPos{x=-83, y=85, z=-95} | Feet: Air | FloorSolid: false
[12:33:21.419] [DEBUG] [PATHFINDER] Blocked at: BlockPos{x=-83, y=85, z=-93} | Feet: Air | FloorSolid: false
[12:33:21.419] [DEBUG] [PATHFINDER] Blocked at: BlockPos{x=-82, y=85, z=-94} | Feet: Air | FloorSolid: false
[12:33:21.419] [DEBUG] [PATHFINDER] Blocked at: BlockPos{x=-84, y=85, z=-94} | Feet: Air | FloorSolid: false
[12:33:21.419] [DEBUG] [PATHFINDER] Blocked at: BlockPos{x=-83, y=83, z=-95} | Feet: White Concrete | FloorSolid: true
[12:33:21.420] [DEBUG] [PATHFINDER] Blocked at: BlockPos{x=-83, y=83, z=-93} | Feet: Black Concrete | FloorSolid: true
[12:33:21.420] [DEBUG] [PATHFINDER] Blocked at: BlockPos{x=-82, y=83, z=-94} | Feet: White Concrete | FloorSolid: true
[12:33:21.420] [DEBUG] [PATHFINDER] Blocked at: BlockPos{x=-84, y=83, z=-94} | Feet: White Concrete | FloorSolid: true
[12:33:21.420] [DEBUG] [PATHFINDER] Blocked at: BlockPos{x=-83, y=85, z=-96} | Feet: Air | FloorSolid: false
[12:33:21.420] [DEBUG] [PATHFINDER] Blocked at: BlockPos{x=-83, y=85, z=-94} | Feet: Air | FloorSolid: false
[12:33:21.421] [DEBUG] [PATHFINDER] Blocked at: BlockPos{x=-82, y=85, z=-95} | Feet: Air | FloorSolid: false
[12:33:21.421] [DEBUG] [PATHFINDER] Blocked at: BlockPos{x=-84, y=85, z=-95} | Feet: Air | FloorSolid: false
[12:33:21.421] [DEBUG] [PATHFINDER] Blocked at: BlockPos{x=-83, y=83, z=-96} | Feet: White Concrete | FloorSolid: true
[12:33:21.421] [DEBUG] [PATHFINDER] Blocked at: BlockPos{x=-83, y=83, z=-94} | Feet: White Concrete | FloorSolid: true
[12:33:21.422] [DEBUG] [PATHFINDER] Blocked at: BlockPos{x=-82, y=83, z=-95} | Feet: White Concrete | FloorSolid: true
[12:33:21.422] [DEBUG] [PATHFINDER] Blocked at: BlockPos{x=-84, y=83, z=-95} | Feet: White Concrete | FloorSolid: true
[12:33:21.422] [DEBUG] [PATHFINDER] Blocked at: BlockPos{x=-83, y=85, z=-97} | Feet: Air | FloorSolid: false
[12:33:21.422] [DEBUG] [PATHFINDER] Blocked at: BlockPos{x=-83, y=85, z=-95} | Feet: Air | FloorSolid: false
[12:33:21.422] [DEBUG] [PATHFINDER] Blocked at: BlockPos{x=-82, y=85, z=-96} | Feet: Air | FloorSolid: false
[12:33:21.422] [DEBUG] [PATHFINDER] Blocked at: BlockPos{x=-84, y=85, z=-96} | Feet: Air | FloorSolid: false
[12:33:21.423] [DEBUG] [PATHFINDER] Blocked at: BlockPos{x=-83, y=83, z=-97} | Feet: White Concrete | FloorSolid: true
[12:33:21.423] [DEBUG] [PATHFINDER] Blocked at: BlockPos{x=-83, y=83, z=-95} | Feet: White Concrete | FloorSolid: true
[12:33:21.423] [DEBUG] [PATHFINDER] Blocked at: BlockPos{x=-82, y=83, z=-96} | Feet: White Concrete | FloorSolid: true
[12:33:21.423] [DEBUG] [PATHFINDER] Blocked at: BlockPos{x=-84, y=83, z=-96} | Feet: White Concrete | FloorSolid: true
[12:33:22.120] [DEBUG] [PATHFINDER] Blocked at: BlockPos{x=-84, y=85, z=-97} | Feet: Air | FloorSolid: false
[12:33:22.121] [DEBUG] [PATHFINDER] Blocked at: BlockPos{x=-84, y=85, z=-95} | Feet: Air | FloorSolid: false
[12:33:22.122] [DEBUG] [PATHFINDER] Blocked at: BlockPos{x=-83, y=85, z=-96} | Feet: Air | FloorSolid: false
[12:33:22.122] [DEBUG] [PATHFINDER] Blocked at: BlockPos{x=-85, y=85, z=-96} | Feet: Air | FloorSolid: false
[12:33:22.122] [DEBUG] [PATHFINDER] Blocked at: BlockPos{x=-84, y=83, z=-97} | Feet: White Concrete | FloorSolid: true
[12:33:22.122] [DEBUG] [PATHFINDER] Blocked at: BlockPos{x=-84, y=83, z=-95} | Feet: White Concrete | FloorSolid: true
[12:33:22.123] [DEBUG] [PATHFINDER] Blocked at: BlockPos{x=-83, y=83, z=-96} | Feet: White Concrete | FloorSolid: true
[12:33:22.123] [DEBUG] [PATHFINDER] Blocked at: BlockPos{x=-85, y=83, z=-96} | Feet: Black Concrete | FloorSolid: true
[12:33:22.123] [DEBUG] [PATHFINDER] Blocked at: BlockPos{x=-84, y=85, z=-98} | Feet: Air | FloorSolid: false
[12:33:22.123] [DEBUG] [PATHFINDER] Blocked at: BlockPos{x=-84, y=85, z=-96} | Feet: Air | FloorSolid: false
[12:33:22.123] [DEBUG] [PATHFINDER] Blocked at: BlockPos{x=-83, y=85, z=-97} | Feet: Air | FloorSolid: false
[12:33:22.124] [DEBUG] [PATHFINDER] Blocked at: BlockPos{x=-85, y=85, z=-97} | Feet: Air | FloorSolid: false
[12:33:22.124] [DEBUG] [PATHFINDER] Blocked at: BlockPos{x=-84, y=83, z=-98} | Feet: Black Concrete | FloorSolid: true
[12:33:22.124] [DEBUG] [PATHFINDER] Blocked at: BlockPos{x=-84, y=83, z=-96} | Feet: White Concrete | FloorSolid: true
[12:33:22.124] [DEBUG] [PATHFINDER] Blocked at: BlockPos{x=-83, y=83, z=-97} | Feet: White Concrete | FloorSolid: true
[12:33:22.124] [DEBUG] [PATHFINDER] Blocked at: BlockPos{x=-85, y=83, z=-97} | Feet: Black Concrete | FloorSolid: true
[12:33:22.318] [INFO] [DEBUG] 
===== MOBILEMINER DIAGNOSTIC =====
BOT
- State: MOVING_TO_TARGET (Moving to BlockPos{x=-85, y=84, z=-99})
- Active Task: ShadowBotTask
TASK
- Pool Size: 2
- Last Completed: DiagnosticTestTask
- Last Failed: AimingTask (Aiming timed out)
PLAYER
- Pos: (-83.66630304168574, 84.0, -95.87603837089547)
PERCEPTION
- Target: null
- Failures: 0
ENGINE
- Last Tick: 29µs
RECENT STATE TRANSITIONS
...->AIMING (Reached destination)
...->MOVING_TO_TARGET (Moving to BlockPos{x=-81, y=84, z=-93})
...->AIMING (Reached destination)
...->MOVING_TO_TARGET (Moving to BlockPos{x=-83, y=84, z=-93})
...->AIMING (Aiming at (-83.5, 84.5, -93.5))
...->MOVING_TO_TARGET (Moving to BlockPos{x=-84, y=84, z=-95})
...->AIMING (Reached destination)
...->MOVING_TO_TARGET (Moving to BlockPos{x=-85, y=84, z=-97})
...->AIMING (Reached destination)
...->MOVING_TO_TARGET (Moving to BlockPos{x=-85, y=84, z=-99})
============================
[12:33:22.730] [DEBUG] [PATHFINDER] Blocked at: BlockPos{x=-84, y=85, z=-99} | Feet: Air | FloorSolid: false
[12:33:22.730] [DEBUG] [PATHFINDER] Blocked at: BlockPos{x=-84, y=85, z=-97} | Feet: Air | FloorSolid: false
[12:33:22.731] [DEBUG] [PATHFINDER] Blocked at: BlockPos{x=-83, y=85, z=-98} | Feet: Air | FloorSolid: false
[12:33:22.731] [DEBUG] [PATHFINDER] Blocked at: BlockPos{x=-85, y=85, z=-98} | Feet: Air | FloorSolid: false
[12:33:22.731] [DEBUG] [PATHFINDER] Blocked at: BlockPos{x=-84, y=83, z=-99} | Feet: White Concrete | FloorSolid: true
[12:33:22.731] [DEBUG] [PATHFINDER] Blocked at: BlockPos{x=-84, y=83, z=-97} | Feet: White Concrete | FloorSolid: true
[12:33:22.731] [DEBUG] [PATHFINDER] Blocked at: BlockPos{x=-83, y=83, z=-98} | Feet: Black Concrete | FloorSolid: true
[12:33:22.731] [DEBUG] [PATHFINDER] Blocked at: BlockPos{x=-85, y=83, z=-98} | Feet: Black Concrete | FloorSolid: true
[12:33:22.731] [DEBUG] [PATHFINDER] Blocked at: BlockPos{x=-84, y=85, z=-100} | Feet: Air | FloorSolid: false
[12:33:22.732] [DEBUG] [PATHFINDER] Blocked at: BlockPos{x=-84, y=85, z=-98} | Feet: Air | FloorSolid: false
[12:33:22.732] [DEBUG] [PATHFINDER] Blocked at: BlockPos{x=-83, y=85, z=-99} | Feet: Air | FloorSolid: false
[12:33:22.732] [DEBUG] [PATHFINDER] Blocked at: BlockPos{x=-85, y=85, z=-99} | Feet: Air | FloorSolid: false
[12:33:22.732] [DEBUG] [PATHFINDER] Blocked at: BlockPos{x=-84, y=83, z=-100} | Feet: White Concrete | FloorSolid: true
[12:33:22.732] [DEBUG] [PATHFINDER] Blocked at: BlockPos{x=-84, y=83, z=-98} | Feet: Black Concrete | FloorSolid: true
[12:33:22.732] [DEBUG] [PATHFINDER] Blocked at: BlockPos{x=-83, y=83, z=-99} | Feet: White Concrete | FloorSolid: true
[12:33:22.732] [DEBUG] [PATHFINDER] Blocked at: BlockPos{x=-85, y=83, z=-99} | Feet: Black Concrete | FloorSolid: true
[12:33:22.732] [DEBUG] [PATHFINDER] Blocked at: BlockPos{x=-84, y=85, z=-101} | Feet: Air | FloorSolid: false
[12:33:22.732] [DEBUG] [PATHFINDER] Blocked at: BlockPos{x=-84, y=85, z=-99} | Feet: Air | FloorSolid: false
[12:33:22.732] [DEBUG] [PATHFINDER] Blocked at: BlockPos{x=-83, y=85, z=-100} | Feet: Air | FloorSolid: false
[12:33:22.732] [DEBUG] [PATHFINDER] Blocked at: BlockPos{x=-85, y=85, z=-100} | Feet: Air | FloorSolid: false
[12:33:22.733] [DEBUG] [PATHFINDER] Blocked at: BlockPos{x=-84, y=83, z=-101} | Feet: White Concrete | FloorSolid: true
[12:33:22.733] [DEBUG] [PATHFINDER] Blocked at: BlockPos{x=-84, y=83, z=-99} | Feet: White Concrete | FloorSolid: true
[12:33:22.733] [DEBUG] [PATHFINDER] Blocked at: BlockPos{x=-83, y=83, z=-100} | Feet: White Concrete | FloorSolid: true
[12:33:22.733] [DEBUG] [PATHFINDER] Blocked at: BlockPos{x=-85, y=83, z=-100} | Feet: Black Concrete | FloorSolid: true
[12:33:23.328] [INFO] [DEBUG] 
===== MOBILEMINER DIAGNOSTIC =====
BOT
- State: AIMING (Aiming at (-83.5, 84.5, -101.5))
- Active Task: ShadowBotTask
TASK
- Pool Size: 2
- Last Completed: DiagnosticTestTask
- Last Failed: AimingTask (Aiming timed out)
PLAYER
- Pos: (-83.49417219690848, 84.0, -98.84538435982124)
PERCEPTION
- Target: null
- Failures: 0
ENGINE
- Last Tick: 8µs
RECENT STATE TRANSITIONS
...->MOVING_TO_TARGET (Moving to BlockPos{x=-83, y=84, z=-93})
...->AIMING (Aiming at (-83.5, 84.5, -93.5))
...->MOVING_TO_TARGET (Moving to BlockPos{x=-84, y=84, z=-95})
...->AIMING (Reached destination)
...->MOVING_TO_TARGET (Moving to BlockPos{x=-85, y=84, z=-97})
...->AIMING (Reached destination)
...->MOVING_TO_TARGET (Moving to BlockPos{x=-85, y=84, z=-99})
...->AIMING (Reached destination)
...->MOVING_TO_TARGET (Moving to BlockPos{x=-85, y=84, z=-102})
...->AIMING (Aiming at (-83.5, 84.5, -101.5))
============================
[12:33:23.574] [DEBUG] [PATHFINDER] Blocked at: BlockPos{x=-84, y=85, z=-100} | Feet: Air | FloorSolid: false
[12:33:23.574] [DEBUG] [PATHFINDER] Blocked at: BlockPos{x=-84, y=85, z=-98} | Feet: Air | FloorSolid: false
[12:33:23.575] [DEBUG] [PATHFINDER] Blocked at: BlockPos{x=-83, y=85, z=-99} | Feet: Air | FloorSolid: false
[12:33:23.575] [DEBUG] [PATHFINDER] Blocked at: BlockPos{x=-85, y=85, z=-99} | Feet: Air | FloorSolid: false
[12:33:23.575] [DEBUG] [PATHFINDER] Blocked at: BlockPos{x=-84, y=83, z=-100} | Feet: White Concrete | FloorSolid: true
[12:33:23.575] [DEBUG] [PATHFINDER] Blocked at: BlockPos{x=-84, y=83, z=-98} | Feet: Black Concrete | FloorSolid: true
[12:33:23.575] [DEBUG] [PATHFINDER] Blocked at: BlockPos{x=-83, y=83, z=-99} | Feet: White Concrete | FloorSolid: true
[12:33:23.575] [DEBUG] [PATHFINDER] Blocked at: BlockPos{x=-85, y=83, z=-99} | Feet: Black Concrete | FloorSolid: true
[12:33:23.576] [DEBUG] [PATHFINDER] Blocked at: BlockPos{x=-84, y=85, z=-101} | Feet: Air | FloorSolid: false
[12:33:23.576] [DEBUG] [PATHFINDER] Blocked at: BlockPos{x=-84, y=85, z=-99} | Feet: Air | FloorSolid: false
[12:33:23.576] [DEBUG] [PATHFINDER] Blocked at: BlockPos{x=-83, y=85, z=-100} | Feet: Air | FloorSolid: false
[12:33:23.576] [DEBUG] [PATHFINDER] Blocked at: BlockPos{x=-85, y=85, z=-100} | Feet: Air | FloorSolid: false
[12:33:23.576] [DEBUG] [PATHFINDER] Blocked at: BlockPos{x=-84, y=83, z=-101} | Feet: White Concrete | FloorSolid: true
[12:33:23.576] [DEBUG] [PATHFINDER] Blocked at: BlockPos{x=-84, y=83, z=-99} | Feet: White Concrete | FloorSolid: true
[12:33:23.576] [DEBUG] [PATHFINDER] Blocked at: BlockPos{x=-83, y=83, z=-100} | Feet: White Concrete | FloorSolid: true
[12:33:23.577] [DEBUG] [PATHFINDER] Blocked at: BlockPos{x=-85, y=83, z=-100} | Feet: Black Concrete | FloorSolid: true
[12:33:24.122] [DEBUG] [PATHFINDER] Blocked at: BlockPos{x=-84, y=85, z=-102} | Feet: Air | FloorSolid: false
[12:33:24.123] [DEBUG] [PATHFINDER] Blocked at: BlockPos{x=-84, y=85, z=-100} | Feet: Air | FloorSolid: false
[12:33:24.123] [DEBUG] [PATHFINDER] Blocked at: BlockPos{x=-83, y=85, z=-101} | Feet: Air | FloorSolid: false
[12:33:24.124] [DEBUG] [PATHFINDER] Blocked at: BlockPos{x=-85, y=85, z=-101} | Feet: Air | FloorSolid: false
[12:33:24.124] [DEBUG] [PATHFINDER] Blocked at: BlockPos{x=-84, y=83, z=-102} | Feet: White Concrete | FloorSolid: true
[12:33:24.124] [DEBUG] [PATHFINDER] Blocked at: BlockPos{x=-84, y=83, z=-100} | Feet: White Concrete | FloorSolid: true
[12:33:24.124] [DEBUG] [PATHFINDER] Blocked at: BlockPos{x=-83, y=83, z=-101} | Feet: White Concrete | FloorSolid: true
[12:33:24.124] [DEBUG] [PATHFINDER] Blocked at: BlockPos{x=-85, y=83, z=-101} | Feet: Black Concrete | FloorSolid: true
[12:33:24.125] [DEBUG] [PATHFINDER] Blocked at: BlockPos{x=-83, y=85, z=-102} | Feet: Air | FloorSolid: false
[12:33:24.125] [DEBUG] [PATHFINDER] Blocked at: BlockPos{x=-83, y=85, z=-100} | Feet: Air | FloorSolid: false
[12:33:24.125] [DEBUG] [PATHFINDER] Blocked at: BlockPos{x=-82, y=85, z=-101} | Feet: Air | FloorSolid: false
[12:33:24.125] [DEBUG] [PATHFINDER] Blocked at: BlockPos{x=-84, y=85, z=-101} | Feet: Air | FloorSolid: false
[12:33:24.126] [DEBUG] [PATHFINDER] Blocked at: BlockPos{x=-83, y=83, z=-102} | Feet: White Concrete | FloorSolid: true
[12:33:24.126] [DEBUG] [PATHFINDER] Blocked at: BlockPos{x=-83, y=83, z=-100} | Feet: White Concrete | FloorSolid: true
[12:33:24.126] [DEBUG] [PATHFINDER] Blocked at: BlockPos{x=-82, y=83, z=-101} | Feet: White Concrete | FloorSolid: true
[12:33:24.126] [DEBUG] [PATHFINDER] Blocked at: BlockPos{x=-84, y=83, z=-101} | Feet: White Concrete | FloorSolid: true
[12:33:24.126] [DEBUG] [PATHFINDER] Blocked at: BlockPos{x=-83, y=85, z=-103} | Feet: Air | FloorSolid: false
[12:33:24.127] [DEBUG] [PATHFINDER] Blocked at: BlockPos{x=-83, y=85, z=-101} | Feet: Air | FloorSolid: false
[12:33:24.127] [DEBUG] [PATHFINDER] Blocked at: BlockPos{x=-82, y=85, z=-102} | Feet: Air | FloorSolid: false
[12:33:24.127] [DEBUG] [PATHFINDER] Blocked at: BlockPos{x=-84, y=85, z=-102} | Feet: Air | FloorSolid: false
[12:33:24.127] [DEBUG] [PATHFINDER] Blocked at: BlockPos{x=-83, y=83, z=-103} | Feet: Black Concrete | FloorSolid: true
[12:33:24.127] [DEBUG] [PATHFINDER] Blocked at: BlockPos{x=-83, y=83, z=-101} | Feet: White Concrete | FloorSolid: true
[12:33:24.128] [DEBUG] [PATHFINDER] Blocked at: BlockPos{x=-82, y=83, z=-102} | Feet: White Concrete | FloorSolid: true
[12:33:24.128] [DEBUG] [PATHFINDER] Blocked at: BlockPos{x=-84, y=83, z=-102} | Feet: White Concrete | FloorSolid: true
[12:33:24.324] [INFO] [DEBUG] 
===== MOBILEMINER DIAGNOSTIC =====
BOT
- State: MOVING_TO_TARGET (Moving to BlockPos{x=-81, y=84, z=-103})
- Active Task: ShadowBotTask
TASK
- Pool Size: 2
- Last Completed: DiagnosticTestTask
- Last Failed: AimingTask (Aiming timed out)
PLAYER
- Pos: (-83.32923759664453, 84.0, -100.7459037098296)
PERCEPTION
- Target: null
- Failures: 0
ENGINE
- Last Tick: 22µs
RECENT STATE TRANSITIONS
...->AIMING (Reached destination)
...->MOVING_TO_TARGET (Moving to BlockPos{x=-85, y=84, z=-97})
...->AIMING (Reached destination)
...->MOVING_TO_TARGET (Moving to BlockPos{x=-85, y=84, z=-99})
...->AIMING (Reached destination)
...->MOVING_TO_TARGET (Moving to BlockPos{x=-85, y=84, z=-102})
...->AIMING (Aiming at (-83.5, 84.5, -101.5))
...->MOVING_TO_TARGET (Moving to BlockPos{x=-83, y=84, z=-102})
...->AIMING (Reached destination)
...->MOVING_TO_TARGET (Moving to BlockPos{x=-81, y=84, z=-103})
============================
[12:33:24.966] [DEBUG] [PATHFINDER] Blocked at: BlockPos{x=-83, y=85, z=-102} | Feet: Air | FloorSolid: false
[12:33:24.966] [DEBUG] [PATHFINDER] Blocked at: BlockPos{x=-83, y=85, z=-100} | Feet: Air | FloorSolid: false
[12:33:24.967] [DEBUG] [PATHFINDER] Blocked at: BlockPos{x=-82, y=85, z=-101} | Feet: Air | FloorSolid: false
[12:33:24.967] [DEBUG] [PATHFINDER] Blocked at: BlockPos{x=-84, y=85, z=-101} | Feet: Air | FloorSolid: false
[12:33:24.967] [DEBUG] [PATHFINDER] Blocked at: BlockPos{x=-83, y=83, z=-102} | Feet: White Concrete | FloorSolid: true
[12:33:24.967] [DEBUG] [PATHFINDER] Blocked at: BlockPos{x=-83, y=83, z=-100} | Feet: White Concrete | FloorSolid: true
[12:33:24.967] [DEBUG] [PATHFINDER] Blocked at: BlockPos{x=-82, y=83, z=-101} | Feet: White Concrete | FloorSolid: true
[12:33:24.967] [DEBUG] [PATHFINDER] Blocked at: BlockPos{x=-84, y=83, z=-101} | Feet: White Concrete | FloorSolid: true
[12:33:25.319] [INFO] [DEBUG] 
===== MOBILEMINER DIAGNOSTIC =====
BOT
- State: AIMING (Aiming at (-79.5, 84.5, -98.5))
- Active Task: ShadowBotTask
TASK
- Pool Size: 2
- Last Completed: DiagnosticTestTask
- Last Failed: AimingTask (Aiming timed out)
PLAYER
- Pos: (-81.90144281760209, 84.0, -100.60634898402692)
PERCEPTION
- Target: null
- Failures: 0
ENGINE
- Last Tick: 126µs
RECENT STATE TRANSITIONS
...->MOVING_TO_TARGET (Moving to BlockPos{x=-85, y=84, z=-99})
...->AIMING (Reached destination)
...->MOVING_TO_TARGET (Moving to BlockPos{x=-85, y=84, z=-102})
...->AIMING (Aiming at (-83.5, 84.5, -101.5))
...->MOVING_TO_TARGET (Moving to BlockPos{x=-83, y=84, z=-102})
...->AIMING (Reached destination)
...->MOVING_TO_TARGET (Moving to BlockPos{x=-81, y=84, z=-103})
...->AIMING (Aiming at (-80.5, 84.5, -101.5))
...->MOVING_TO_TARGET (Moving to BlockPos{x=-81, y=84, z=-100})
...->AIMING (Aiming at (-79.5, 84.5, -98.5))
============================
[12:33:25.466] [DEBUG] [PATHFINDER] Blocked at: BlockPos{x=-82, y=85, z=-102} | Feet: Air | FloorSolid: false
[12:33:25.466] [DEBUG] [PATHFINDER] Blocked at: BlockPos{x=-82, y=85, z=-100} | Feet: Air | FloorSolid: false
[12:33:25.466] [DEBUG] [PATHFINDER] Blocked at: BlockPos{x=-81, y=85, z=-101} | Feet: Air | FloorSolid: false
[12:33:25.467] [DEBUG] [PATHFINDER] Blocked at: BlockPos{x=-83, y=85, z=-101} | Feet: Air | FloorSolid: false
[12:33:25.467] [DEBUG] [PATHFINDER] Blocked at: BlockPos{x=-82, y=83, z=-102} | Feet: White Concrete | FloorSolid: true
[12:33:25.467] [DEBUG] [PATHFINDER] Blocked at: BlockPos{x=-82, y=83, z=-100} | Feet: White Concrete | FloorSolid: true
[12:33:25.467] [DEBUG] [PATHFINDER] Blocked at: BlockPos{x=-81, y=83, z=-101} | Feet: White Concrete | FloorSolid: true
[12:33:25.467] [DEBUG] [PATHFINDER] Blocked at: BlockPos{x=-83, y=83, z=-101} | Feet: White Concrete | FloorSolid: true
[12:33:25.467] [DEBUG] [PATHFINDER] Blocked at: BlockPos{x=-82, y=85, z=-101} | Feet: Air | FloorSolid: false
[12:33:25.467] [DEBUG] [PATHFINDER] Blocked at: BlockPos{x=-82, y=85, z=-99} | Feet: Air | FloorSolid: false
[12:33:25.467] [DEBUG] [PATHFINDER] Blocked at: BlockPos{x=-81, y=85, z=-100} | Feet: Air | FloorSolid: false
[12:33:25.467] [DEBUG] [PATHFINDER] Blocked at: BlockPos{x=-83, y=85, z=-100} | Feet: Air | FloorSolid: false
[12:33:25.468] [DEBUG] [PATHFINDER] Blocked at: BlockPos{x=-82, y=83, z=-101} | Feet: White Concrete | FloorSolid: true
[12:33:25.468] [DEBUG] [PATHFINDER] Blocked at: BlockPos{x=-82, y=83, z=-99} | Feet: White Concrete | FloorSolid: true
[12:33:25.468] [DEBUG] [PATHFINDER] Blocked at: BlockPos{x=-81, y=83, z=-100} | Feet: White Concrete | FloorSolid: true
[12:33:25.468] [DEBUG] [PATHFINDER] Blocked at: BlockPos{x=-83, y=83, z=-100} | Feet: White Concrete | FloorSolid: true
[12:33:26.018] [DEBUG] [PATHFINDER] Blocked at: BlockPos{x=-81, y=85, z=-101} | Feet: Air | FloorSolid: false
[12:33:26.019] [DEBUG] [PATHFINDER] Blocked at: BlockPos{x=-81, y=85, z=-99} | Feet: Air | FloorSolid: false
[12:33:26.019] [DEBUG] [PATHFINDER] Blocked at: BlockPos{x=-80, y=85, z=-100} | Feet: Air | FloorSolid: false
[12:33:26.020] [DEBUG] [PATHFINDER] Blocked at: BlockPos{x=-82, y=85, z=-100} | Feet: Air | FloorSolid: false
[12:33:26.020] [DEBUG] [PATHFINDER] Blocked at: BlockPos{x=-81, y=83, z=-101} | Feet: White Concrete | FloorSolid: true
[12:33:26.020] [DEBUG] [PATHFINDER] Blocked at: BlockPos{x=-81, y=83, z=-99} | Feet: White Concrete | FloorSolid: true
[12:33:26.020] [DEBUG] [PATHFINDER] Blocked at: BlockPos{x=-80, y=83, z=-100} | Feet: Black Concrete | FloorSolid: true
[12:33:26.020] [DEBUG] [PATHFINDER] Blocked at: BlockPos{x=-82, y=83, z=-100} | Feet: White Concrete | FloorSolid: true
[12:33:26.021] [DEBUG] [PATHFINDER] Blocked at: BlockPos{x=-80, y=85, z=-101} | Feet: Air | FloorSolid: false
[12:33:26.021] [DEBUG] [PATHFINDER] Blocked at: BlockPos{x=-80, y=85, z=-99} | Feet: Air | FloorSolid: false
[12:33:26.021] [DEBUG] [PATHFINDER] Blocked at: BlockPos{x=-79, y=85, z=-100} | Feet: Air | FloorSolid: false
[12:33:26.021] [DEBUG] [PATHFINDER] Blocked at: BlockPos{x=-81, y=85, z=-100} | Feet: Air | FloorSolid: false
[12:33:26.021] [DEBUG] [PATHFINDER] Blocked at: BlockPos{x=-80, y=83, z=-101} | Feet: Black Concrete | FloorSolid: true
[12:33:26.022] [DEBUG] [PATHFINDER] Blocked at: BlockPos{x=-80, y=83, z=-99} | Feet: Black Concrete | FloorSolid: true
[12:33:26.022] [DEBUG] [PATHFINDER] Blocked at: BlockPos{x=-79, y=83, z=-100} | Feet: White Concrete | FloorSolid: true
[12:33:26.022] [DEBUG] [PATHFINDER] Blocked at: BlockPos{x=-81, y=83, z=-100} | Feet: White Concrete | FloorSolid: true
[12:33:26.322] [INFO] [DEBUG] 
===== MOBILEMINER DIAGNOSTIC =====
BOT
- State: MOVING_TO_TARGET (Moving to BlockPos{x=-78, y=84, z=-99})
- Active Task: ShadowBotTask
TASK
- Pool Size: 2
- Last Completed: DiagnosticTestTask
- Last Failed: AimingTask (Aiming timed out)
PLAYER
- Pos: (-79.74996707153956, 84.0, -99.42214014825704)
PERCEPTION
- Target: null
- Failures: 0
ENGINE
- Last Tick: 24µs
RECENT STATE TRANSITIONS
...->AIMING (Aiming at (-83.5, 84.5, -101.5))
...->MOVING_TO_TARGET (Moving to BlockPos{x=-83, y=84, z=-102})
...->AIMING (Reached destination)
...->MOVING_TO_TARGET (Moving to BlockPos{x=-81, y=84, z=-103})
...->AIMING (Aiming at (-80.5, 84.5, -101.5))
...->MOVING_TO_TARGET (Moving to BlockPos{x=-81, y=84, z=-100})
...->AIMING (Aiming at (-79.5, 84.5, -98.5))
...->MOVING_TO_TARGET (Moving to BlockPos{x=-80, y=84, z=-99})
...->AIMING (Reached destination)
...->MOVING_TO_TARGET (Moving to BlockPos{x=-78, y=84, z=-99})
============================
[12:33:26.619] [DEBUG] [PATHFINDER] Blocked at: BlockPos{x=-79, y=85, z=-101} | Feet: Air | FloorSolid: false
[12:33:26.619] [DEBUG] [PATHFINDER] Blocked at: BlockPos{x=-79, y=85, z=-99} | Feet: Air | FloorSolid: false
[12:33:26.620] [DEBUG] [PATHFINDER] Blocked at: BlockPos{x=-78, y=85, z=-100} | Feet: Air | FloorSolid: false
[12:33:26.620] [DEBUG] [PATHFINDER] Blocked at: BlockPos{x=-80, y=85, z=-100} | Feet: Air | FloorSolid: false
[12:33:26.620] [DEBUG] [PATHFINDER] Blocked at: BlockPos{x=-79, y=83, z=-101} | Feet: White Concrete | FloorSolid: true
[12:33:26.620] [DEBUG] [PATHFINDER] Blocked at: BlockPos{x=-79, y=83, z=-99} | Feet: White Concrete | FloorSolid: true
[12:33:26.620] [DEBUG] [PATHFINDER] Blocked at: BlockPos{x=-78, y=83, z=-100} | Feet: White Concrete | FloorSolid: true
[12:33:26.621] [DEBUG] [PATHFINDER] Blocked at: BlockPos{x=-80, y=83, z=-100} | Feet: Black Concrete | FloorSolid: true
[12:33:26.621] [DEBUG] [PATHFINDER] Blocked at: BlockPos{x=-78, y=85, z=-101} | Feet: Air | FloorSolid: false
[12:33:26.621] [DEBUG] [PATHFINDER] Blocked at: BlockPos{x=-78, y=85, z=-99} | Feet: Air | FloorSolid: false
[12:33:26.621] [DEBUG] [PATHFINDER] Blocked at: BlockPos{x=-77, y=85, z=-100} | Feet: Air | FloorSolid: false
[12:33:26.621] [DEBUG] [PATHFINDER] Blocked at: BlockPos{x=-79, y=85, z=-100} | Feet: Air | FloorSolid: false
[12:33:26.622] [DEBUG] [PATHFINDER] Blocked at: BlockPos{x=-78, y=83, z=-101} | Feet: White Concrete | FloorSolid: true
[12:33:26.622] [DEBUG] [PATHFINDER] Blocked at: BlockPos{x=-78, y=83, z=-99} | Feet: White Concrete | FloorSolid: true
[12:33:26.622] [DEBUG] [PATHFINDER] Blocked at: BlockPos{x=-77, y=83, z=-100} | Feet: White Concrete | FloorSolid: true
[12:33:26.622] [DEBUG] [PATHFINDER] Blocked at: BlockPos{x=-79, y=83, z=-100} | Feet: White Concrete | FloorSolid: true
[12:33:26.622] [DEBUG] [PATHFINDER] Blocked at: BlockPos{x=-78, y=85, z=-100} | Feet: Air | FloorSolid: false
[12:33:26.623] [DEBUG] [PATHFINDER] Blocked at: BlockPos{x=-78, y=85, z=-98} | Feet: Air | FloorSolid: false
[12:33:26.623] [DEBUG] [PATHFINDER] Blocked at: BlockPos{x=-77, y=85, z=-99} | Feet: Air | FloorSolid: false
[12:33:26.623] [DEBUG] [PATHFINDER] Blocked at: BlockPos{x=-79, y=85, z=-99} | Feet: Air | FloorSolid: false
[12:33:26.623] [DEBUG] [PATHFINDER] Blocked at: BlockPos{x=-78, y=83, z=-100} | Feet: White Concrete | FloorSolid: true
[12:33:26.623] [DEBUG] [PATHFINDER] Blocked at: BlockPos{x=-78, y=83, z=-98} | Feet: Black Concrete | FloorSolid: true
[12:33:26.623] [DEBUG] [PATHFINDER] Blocked at: BlockPos{x=-77, y=83, z=-99} | Feet: White Concrete | FloorSolid: true
[12:33:26.624] [DEBUG] [PATHFINDER] Blocked at: BlockPos{x=-79, y=83, z=-99} | Feet: White Concrete | FloorSolid: true
[12:33:27.318] [INFO] [DEBUG] 
===== MOBILEMINER DIAGNOSTIC =====
BOT
- State: AIMING (Aiming at (-75.5, 84.5, -98.5))
- Active Task: ShadowBotTask
TASK
- Pool Size: 2
- Last Completed: DiagnosticTestTask
- Last Failed: AimingTask (Aiming timed out)
PLAYER
- Pos: (-78.05402388130003, 84.0, -99.309424408368)
PERCEPTION
- Target: null
- Failures: 0
ENGINE
- Last Tick: 6µs
RECENT STATE TRANSITIONS
...->MOVING_TO_TARGET (Moving to BlockPos{x=-81, y=84, z=-103})
...->AIMING (Aiming at (-80.5, 84.5, -101.5))
...->MOVING_TO_TARGET (Moving to BlockPos{x=-81, y=84, z=-100})
...->AIMING (Aiming at (-79.5, 84.5, -98.5))
...->MOVING_TO_TARGET (Moving to BlockPos{x=-80, y=84, z=-99})
...->AIMING (Reached destination)
...->MOVING_TO_TARGET (Moving to BlockPos{x=-78, y=84, z=-99})
...->AIMING (Reached destination)
...->MOVING_TO_TARGET (Moving to BlockPos{x=-76, y=84, z=-98})
...->AIMING (Aiming at (-75.5, 84.5, -98.5))
============================
[12:33:27.477] [DEBUG] [PATHFINDER] Blocked at: BlockPos{x=-79, y=85, z=-101} | Feet: Air | FloorSolid: false
[12:33:27.477] [DEBUG] [PATHFINDER] Blocked at: BlockPos{x=-79, y=85, z=-99} | Feet: Air | FloorSolid: false
[12:33:27.477] [DEBUG] [PATHFINDER] Blocked at: BlockPos{x=-78, y=85, z=-100} | Feet: Air | FloorSolid: false
[12:33:27.477] [DEBUG] [PATHFINDER] Blocked at: BlockPos{x=-80, y=85, z=-100} | Feet: Air | FloorSolid: false
[12:33:27.477] [DEBUG] [PATHFINDER] Blocked at: BlockPos{x=-79, y=83, z=-101} | Feet: White Concrete | FloorSolid: true
[12:33:27.477] [DEBUG] [PATHFINDER] Blocked at: BlockPos{x=-79, y=83, z=-99} | Feet: White Concrete | FloorSolid: true
[12:33:27.477] [DEBUG] [PATHFINDER] Blocked at: BlockPos{x=-78, y=83, z=-100} | Feet: White Concrete | FloorSolid: true
[12:33:27.478] [DEBUG] [PATHFINDER] Blocked at: BlockPos{x=-80, y=83, z=-100} | Feet: Black Concrete | FloorSolid: true
[12:33:27.478] [DEBUG] [PATHFINDER] Blocked at: BlockPos{x=-78, y=85, z=-101} | Feet: Air | FloorSolid: false
[12:33:27.478] [DEBUG] [PATHFINDER] Blocked at: BlockPos{x=-78, y=85, z=-99} | Feet: Air | FloorSolid: false
[12:33:27.478] [DEBUG] [PATHFINDER] Blocked at: BlockPos{x=-77, y=85, z=-100} | Feet: Air | FloorSolid: false
[12:33:27.478] [DEBUG] [PATHFINDER] Blocked at: BlockPos{x=-79, y=85, z=-100} | Feet: Air | FloorSolid: false
[12:33:27.478] [DEBUG] [PATHFINDER] Blocked at: BlockPos{x=-78, y=83, z=-101} | Feet: White Concrete | FloorSolid: true
[12:33:27.478] [DEBUG] [PATHFINDER] Blocked at: BlockPos{x=-78, y=83, z=-99} | Feet: White Concrete | FloorSolid: true
[12:33:27.478] [DEBUG] [PATHFINDER] Blocked at: BlockPos{x=-77, y=83, z=-100} | Feet: White Concrete | FloorSolid: true
[12:33:27.478] [DEBUG] [PATHFINDER] Blocked at: BlockPos{x=-79, y=83, z=-100} | Feet: White Concrete | FloorSolid: true
[12:33:28.317] [INFO] [DEBUG] 
===== MOBILEMINER DIAGNOSTIC =====
BOT
- State: AIMING (Aiming at (-74.5, 84.5, -101.5))
- Active Task: ShadowBotTask
TASK
- Pool Size: 2
- Last Completed: DiagnosticTestTask
- Last Failed: AimingTask (Aiming timed out)
PLAYER
- Pos: (-76.5579672518959, 84.0, -99.4932781619816)
PERCEPTION
- Target: null
- Failures: 0
ENGINE
- Last Tick: 5µs
RECENT STATE TRANSITIONS
...->MOVING_TO_TARGET (Moving to BlockPos{x=-81, y=84, z=-100})
...->AIMING (Aiming at (-79.5, 84.5, -98.5))
...->MOVING_TO_TARGET (Moving to BlockPos{x=-80, y=84, z=-99})
...->AIMING (Reached destination)
...->MOVING_TO_TARGET (Moving to BlockPos{x=-78, y=84, z=-99})
...->AIMING (Reached destination)
...->MOVING_TO_TARGET (Moving to BlockPos{x=-76, y=84, z=-98})
...->AIMING (Aiming at (-75.5, 84.5, -98.5))
...->MOVING_TO_TARGET (Moving to BlockPos{x=-76, y=84, z=-101})
...->AIMING (Aiming at (-74.5, 84.5, -101.5))
============================
[12:33:29.319] [DEBUG] [PATHFINDER] Blocked at: BlockPos{x=-77, y=85, z=-101} | Feet: Air | FloorSolid: false
[12:33:29.319] [DEBUG] [PATHFINDER] Blocked at: BlockPos{x=-77, y=85, z=-99} | Feet: Air | FloorSolid: false
[12:33:29.319] [DEBUG] [PATHFINDER] Blocked at: BlockPos{x=-76, y=85, z=-100} | Feet: Air | FloorSolid: false
[12:33:29.319] [DEBUG] [PATHFINDER] Blocked at: BlockPos{x=-78, y=85, z=-100} | Feet: Air | FloorSolid: false
[12:33:29.320] [DEBUG] [PATHFINDER] Blocked at: BlockPos{x=-77, y=83, z=-101} | Feet: White Concrete | FloorSolid: true
[12:33:29.320] [DEBUG] [PATHFINDER] Blocked at: BlockPos{x=-77, y=83, z=-99} | Feet: White Concrete | FloorSolid: true
[12:33:29.320] [DEBUG] [PATHFINDER] Blocked at: BlockPos{x=-76, y=83, z=-100} | Feet: White Concrete | FloorSolid: true
[12:33:29.320] [DEBUG] [PATHFINDER] Blocked at: BlockPos{x=-78, y=83, z=-100} | Feet: White Concrete | FloorSolid: true
[12:33:29.320] [DEBUG] [PATHFINDER] Blocked at: BlockPos{x=-77, y=85, z=-100} | Feet: Air | FloorSolid: false
[12:33:29.320] [DEBUG] [PATHFINDER] Blocked at: BlockPos{x=-77, y=85, z=-98} | Feet: Air | FloorSolid: false
[12:33:29.320] [DEBUG] [PATHFINDER] Blocked at: BlockPos{x=-76, y=85, z=-99} | Feet: Air | FloorSolid: false
[12:33:29.320] [DEBUG] [PATHFINDER] Blocked at: BlockPos{x=-78, y=85, z=-99} | Feet: Air | FloorSolid: false
[12:33:29.320] [DEBUG] [PATHFINDER] Blocked at: BlockPos{x=-77, y=83, z=-100} | Feet: White Concrete | FloorSolid: true
[12:33:29.321] [DEBUG] [PATHFINDER] Blocked at: BlockPos{x=-77, y=83, z=-98} | Feet: Black Concrete | FloorSolid: true
[12:33:29.321] [DEBUG] [PATHFINDER] Blocked at: BlockPos{x=-76, y=83, z=-99} | Feet: White Concrete | FloorSolid: true
[12:33:29.321] [DEBUG] [PATHFINDER] Blocked at: BlockPos{x=-78, y=83, z=-99} | Feet: White Concrete | FloorSolid: true
[12:33:29.321] [INFO] [DEBUG] 
===== MOBILEMINER DIAGNOSTIC =====
BOT
- State: MOVING_TO_TARGET (Moving to BlockPos{x=-75, y=84, z=-98})
- Active Task: ShadowBotTask
TASK
- Pool Size: 2
- Last Completed: DiagnosticTestTask
- Last Failed: AimingTask (Aiming timed out)
PLAYER
- Pos: (-76.5579672518959, 84.0, -99.4932781619816)
PERCEPTION
- Target: null
- Failures: 0
ENGINE
- Last Tick: 2122µs
RECENT STATE TRANSITIONS
...->AIMING (Aiming at (-79.5, 84.5, -98.5))
...->MOVING_TO_TARGET (Moving to BlockPos{x=-80, y=84, z=-99})
...->AIMING (Reached destination)
...->MOVING_TO_TARGET (Moving to BlockPos{x=-78, y=84, z=-99})
...->AIMING (Reached destination)
...->MOVING_TO_TARGET (Moving to BlockPos{x=-76, y=84, z=-98})
...->AIMING (Aiming at (-75.5, 84.5, -98.5))
...->MOVING_TO_TARGET (Moving to BlockPos{x=-76, y=84, z=-101})
...->AIMING (Aiming at (-74.5, 84.5, -101.5))
...->MOVING_TO_TARGET (Moving to BlockPos{x=-75, y=84, z=-98})
============================
[12:33:29.870] [DEBUG] [PATHFINDER] Blocked at: BlockPos{x=-76, y=85, z=-100} | Feet: Air | FloorSolid: false
[12:33:29.870] [DEBUG] [PATHFINDER] Blocked at: BlockPos{x=-76, y=85, z=-98} | Feet: Air | FloorSolid: false
[12:33:29.870] [DEBUG] [PATHFINDER] Blocked at: BlockPos{x=-75, y=85, z=-99} | Feet: Air | FloorSolid: false
[12:33:29.871] [DEBUG] [PATHFINDER] Blocked at: BlockPos{x=-77, y=85, z=-99} | Feet: Air | FloorSolid: false
[12:33:29.871] [DEBUG] [PATHFINDER] Blocked at: BlockPos{x=-76, y=83, z=-100} | Feet: White Concrete | FloorSolid: true
[12:33:29.871] [DEBUG] [PATHFINDER] Blocked at: BlockPos{x=-76, y=83, z=-98} | Feet: Black Concrete | FloorSolid: true
[12:33:29.871] [DEBUG] [PATHFINDER] Blocked at: BlockPos{x=-75, y=83, z=-99} | Feet: Black Concrete | FloorSolid: true
[12:33:29.871] [DEBUG] [PATHFINDER] Blocked at: BlockPos{x=-77, y=83, z=-99} | Feet: White Concrete | FloorSolid: true
[12:33:29.872] [DEBUG] [PATHFINDER] Blocked at: BlockPos{x=-76, y=85, z=-99} | Feet: Air | FloorSolid: false
[12:33:29.872] [DEBUG] [PATHFINDER] Blocked at: BlockPos{x=-76, y=85, z=-97} | Feet: Air | FloorSolid: false
[12:33:29.872] [DEBUG] [PATHFINDER] Blocked at: BlockPos{x=-75, y=85, z=-98} | Feet: Air | FloorSolid: false
[12:33:29.872] [DEBUG] [PATHFINDER] Blocked at: BlockPos{x=-77, y=85, z=-98} | Feet: Air | FloorSolid: false
[12:33:29.872] [DEBUG] [PATHFINDER] Blocked at: BlockPos{x=-76, y=83, z=-99} | Feet: White Concrete | FloorSolid: true
[12:33:29.873] [DEBUG] [PATHFINDER] Blocked at: BlockPos{x=-76, y=83, z=-97} | Feet: White Concrete | FloorSolid: true
[12:33:29.873] [DEBUG] [PATHFINDER] Blocked at: BlockPos{x=-75, y=83, z=-98} | Feet: Black Concrete | FloorSolid: true
[12:33:29.873] [DEBUG] [PATHFINDER] Blocked at: BlockPos{x=-77, y=83, z=-98} | Feet: Black Concrete | FloorSolid: true
[12:33:30.320] [INFO] [DEBUG] 
===== MOBILEMINER DIAGNOSTIC =====
BOT
- State: MOVING_TO_TARGET (Moving to BlockPos{x=-75, y=84, z=-96})
- Active Task: ShadowBotTask
TASK
- Pool Size: 2
- Last Completed: DiagnosticTestTask
- Last Failed: AimingTask (Aiming timed out)
PLAYER
- Pos: (-75.47252207648052, 84.0, -97.18185471926975)
PERCEPTION
- Target: null
- Failures: 0
ENGINE
- Last Tick: 37µs
RECENT STATE TRANSITIONS
...->AIMING (Reached destination)
...->MOVING_TO_TARGET (Moving to BlockPos{x=-78, y=84, z=-99})
...->AIMING (Reached destination)
...->MOVING_TO_TARGET (Moving to BlockPos{x=-76, y=84, z=-98})
...->AIMING (Aiming at (-75.5, 84.5, -98.5))
...->MOVING_TO_TARGET (Moving to BlockPos{x=-76, y=84, z=-101})
...->AIMING (Aiming at (-74.5, 84.5, -101.5))
...->MOVING_TO_TARGET (Moving to BlockPos{x=-75, y=84, z=-98})
...->AIMING (Reached destination)
...->MOVING_TO_TARGET (Moving to BlockPos{x=-75, y=84, z=-96})
============================
[12:33:30.467] [DEBUG] [PATHFINDER] Blocked at: BlockPos{x=-76, y=85, z=-98} | Feet: Air | FloorSolid: false
[12:33:30.467] [DEBUG] [PATHFINDER] Blocked at: BlockPos{x=-76, y=85, z=-96} | Feet: Air | FloorSolid: false
[12:33:30.468] [DEBUG] [PATHFINDER] Blocked at: BlockPos{x=-75, y=85, z=-97} | Feet: Air | FloorSolid: false
[12:33:30.468] [DEBUG] [PATHFINDER] Blocked at: BlockPos{x=-77, y=85, z=-97} | Feet: Air | FloorSolid: false
[12:33:30.468] [DEBUG] [PATHFINDER] Blocked at: BlockPos{x=-76, y=83, z=-98} | Feet: Black Concrete | FloorSolid: true
[12:33:30.468] [DEBUG] [PATHFINDER] Blocked at: BlockPos{x=-76, y=83, z=-96} | Feet: White Concrete | FloorSolid: true
[12:33:30.468] [DEBUG] [PATHFINDER] Blocked at: BlockPos{x=-75, y=83, z=-97} | Feet: Black Concrete | FloorSolid: true
[12:33:30.468] [DEBUG] [PATHFINDER] Blocked at: BlockPos{x=-77, y=83, z=-97} | Feet: White Concrete | FloorSolid: true
[12:33:30.469] [DEBUG] [PATHFINDER] Blocked at: BlockPos{x=-76, y=85, z=-97} | Feet: Air | FloorSolid: false
[12:33:30.469] [DEBUG] [PATHFINDER] Blocked at: BlockPos{x=-76, y=85, z=-95} | Feet: Air | FloorSolid: false
[12:33:30.469] [DEBUG] [PATHFINDER] Blocked at: BlockPos{x=-75, y=85, z=-96} | Feet: Air | FloorSolid: false
[12:33:30.469] [DEBUG] [PATHFINDER] Blocked at: BlockPos{x=-77, y=85, z=-96} | Feet: Air | FloorSolid: false
[12:33:30.469] [DEBUG] [PATHFINDER] Blocked at: BlockPos{x=-76, y=83, z=-97} | Feet: White Concrete | FloorSolid: true
[12:33:30.469] [DEBUG] [PATHFINDER] Blocked at: BlockPos{x=-76, y=83, z=-95} | Feet: White Concrete | FloorSolid: true
[12:33:30.469] [DEBUG] [PATHFINDER] Blocked at: BlockPos{x=-75, y=83, z=-96} | Feet: Black Concrete | FloorSolid: true
[12:33:30.470] [DEBUG] [PATHFINDER] Blocked at: BlockPos{x=-77, y=83, z=-96} | Feet: White Concrete | FloorSolid: true
[12:33:30.723] [DEBUG] [PATHFINDER] Blocked at: BlockPos{x=-76, y=85, z=-98} | Feet: Air | FloorSolid: false
[12:33:30.723] [DEBUG] [PATHFINDER] Blocked at: BlockPos{x=-76, y=85, z=-96} | Feet: Air | FloorSolid: false
[12:33:30.724] [DEBUG] [PATHFINDER] Blocked at: BlockPos{x=-75, y=85, z=-97} | Feet: Air | FloorSolid: false
[12:33:30.724] [DEBUG] [PATHFINDER] Blocked at: BlockPos{x=-77, y=85, z=-97} | Feet: Air | FloorSolid: false
[12:33:30.724] [DEBUG] [PATHFINDER] Blocked at: BlockPos{x=-76, y=83, z=-98} | Feet: Black Concrete | FloorSolid: true
[12:33:30.724] [DEBUG] [PATHFINDER] Blocked at: BlockPos{x=-76, y=83, z=-96} | Feet: White Concrete | FloorSolid: true
[12:33:30.725] [DEBUG] [PATHFINDER] Blocked at: BlockPos{x=-75, y=83, z=-97} | Feet: Black Concrete | FloorSolid: true
[12:33:30.725] [DEBUG] [PATHFINDER] Blocked at: BlockPos{x=-77, y=83, z=-97} | Feet: White Concrete | FloorSolid: true
[12:33:30.725] [DEBUG] [PATHFINDER] Blocked at: BlockPos{x=-76, y=85, z=-97} | Feet: Air | FloorSolid: false
[12:33:30.725] [DEBUG] [PATHFINDER] Blocked at: BlockPos{x=-76, y=85, z=-95} | Feet: Air | FloorSolid: false
[12:33:30.725] [DEBUG] [PATHFINDER] Blocked at: BlockPos{x=-75, y=85, z=-96} | Feet: Air | FloorSolid: false
[12:33:30.725] [DEBUG] [PATHFINDER] Blocked at: BlockPos{x=-77, y=85, z=-96} | Feet: Air | FloorSolid: false
[12:33:30.726] [DEBUG] [PATHFINDER] Blocked at: BlockPos{x=-76, y=83, z=-97} | Feet: White Concrete | FloorSolid: true
[12:33:30.726] [DEBUG] [PATHFINDER] Blocked at: BlockPos{x=-76, y=83, z=-95} | Feet: White Concrete | FloorSolid: true
[12:33:30.726] [DEBUG] [PATHFINDER] Blocked at: BlockPos{x=-75, y=83, z=-96} | Feet: Black Concrete | FloorSolid: true
[12:33:30.726] [DEBUG] [PATHFINDER] Blocked at: BlockPos{x=-77, y=83, z=-96} | Feet: White Concrete | FloorSolid: true
[12:33:31.177] [DEBUG] [PATHFINDER] Blocked at: BlockPos{x=-76, y=85, z=-98} | Feet: Air | FloorSolid: false
[12:33:31.177] [DEBUG] [PATHFINDER] Blocked at: BlockPos{x=-76, y=85, z=-96} | Feet: Air | FloorSolid: false
[12:33:31.178] [DEBUG] [PATHFINDER] Blocked at: BlockPos{x=-75, y=85, z=-97} | Feet: Air | FloorSolid: false
[12:33:31.178] [DEBUG] [PATHFINDER] Blocked at: BlockPos{x=-77, y=85, z=-97} | Feet: Air | FloorSolid: false
[12:33:31.178] [DEBUG] [PATHFINDER] Blocked at: BlockPos{x=-76, y=83, z=-98} | Feet: Black Concrete | FloorSolid: true
[12:33:31.178] [DEBUG] [PATHFINDER] Blocked at: BlockPos{x=-76, y=83, z=-96} | Feet: White Concrete | FloorSolid: true
[12:33:31.179] [DEBUG] [PATHFINDER] Blocked at: BlockPos{x=-75, y=83, z=-97} | Feet: Black Concrete | FloorSolid: true
[12:33:31.179] [DEBUG] [PATHFINDER] Blocked at: BlockPos{x=-77, y=83, z=-97} | Feet: White Concrete | FloorSolid: true
[12:33:31.179] [DEBUG] [PATHFINDER] Blocked at: BlockPos{x=-76, y=85, z=-97} | Feet: Air | FloorSolid: false
[12:33:31.179] [DEBUG] [PATHFINDER] Blocked at: BlockPos{x=-76, y=85, z=-95} | Feet: Air | FloorSolid: false
[12:33:31.180] [DEBUG] [PATHFINDER] Blocked at: BlockPos{x=-75, y=85, z=-96} | Feet: Air | FloorSolid: false
[12:33:31.180] [DEBUG] [PATHFINDER] Blocked at: BlockPos{x=-77, y=85, z=-96} | Feet: Air | FloorSolid: false
[12:33:31.180] [DEBUG] [PATHFINDER] Blocked at: BlockPos{x=-76, y=83, z=-97} | Feet: White Concrete | FloorSolid: true
[12:33:31.180] [DEBUG] [PATHFINDER] Blocked at: BlockPos{x=-76, y=83, z=-95} | Feet: White Concrete | FloorSolid: true
[12:33:31.180] [DEBUG] [PATHFINDER] Blocked at: BlockPos{x=-75, y=83, z=-96} | Feet: Black Concrete | FloorSolid: true
[12:33:31.180] [DEBUG] [PATHFINDER] Blocked at: BlockPos{x=-77, y=83, z=-96} | Feet: White Concrete | FloorSolid: true
[12:33:31.181] [DEBUG] [PATHFINDER] Blocked at: BlockPos{x=-76, y=85, z=-96} | Feet: Air | FloorSolid: false
[12:33:31.181] [DEBUG] [PATHFINDER] Blocked at: BlockPos{x=-76, y=85, z=-94} | Feet: Air | FloorSolid: false
[12:33:31.181] [DEBUG] [PATHFINDER] Blocked at: BlockPos{x=-75, y=85, z=-95} | Feet: Air | FloorSolid: false
[12:33:31.181] [DEBUG] [PATHFINDER] Blocked at: BlockPos{x=-77, y=85, z=-95} | Feet: Air | FloorSolid: false
[12:33:31.181] [DEBUG] [PATHFINDER] Blocked at: BlockPos{x=-76, y=83, z=-96} | Feet: White Concrete | FloorSolid: true
[12:33:31.182] [DEBUG] [PATHFINDER] Blocked at: BlockPos{x=-76, y=83, z=-94} | Feet: White Concrete | FloorSolid: true
[12:33:31.182] [DEBUG] [PATHFINDER] Blocked at: BlockPos{x=-75, y=83, z=-95} | Feet: Black Concrete | FloorSolid: true
[12:33:31.182] [DEBUG] [PATHFINDER] Blocked at: BlockPos{x=-77, y=83, z=-95} | Feet: White Concrete | FloorSolid: true
[12:33:31.328] [INFO] [DEBUG] 
===== MOBILEMINER DIAGNOSTIC =====
BOT
- State: MOVING_TO_TARGET (Moving to BlockPos{x=-78, y=84, z=-94})
- Active Task: ShadowBotTask
TASK
- Pool Size: 2
- Last Completed: DiagnosticTestTask
- Last Failed: AimingTask (Aiming timed out)
PLAYER
- Pos: (-75.55186662412667, 84.0, -95.98848780798676)
PERCEPTION
- Target: null
- Failures: 0
ENGINE
- Last Tick: 33µs
RECENT STATE TRANSITIONS
...->AIMING (Aiming at (-74.5, 84.5, -101.5))
...->MOVING_TO_TARGET (Moving to BlockPos{x=-75, y=84, z=-98})
...->AIMING (Reached destination)
...->MOVING_TO_TARGET (Moving to BlockPos{x=-75, y=84, z=-96})
...->AIMING (Reached destination)
...->MOVING_TO_TARGET (Moving to BlockPos{x=-75, y=84, z=-94})
...->AIMING (Aiming at (-75.5, 84.5, -93.5))
...->MOVING_TO_TARGET (Moving to BlockPos{x=-76, y=84, z=-94})
...->AIMING (Aiming at (-76.5, 84.5, -93.5))
...->MOVING_TO_TARGET (Moving to BlockPos{x=-78, y=84, z=-94})
============================
[12:33:31.818] [DEBUG] [PATHFINDER] Blocked at: BlockPos{x=-77, y=85, z=-96} | Feet: Air | FloorSolid: false
[12:33:31.818] [DEBUG] [PATHFINDER] Blocked at: BlockPos{x=-77, y=85, z=-94} | Feet: Air | FloorSolid: false
[12:33:31.818] [DEBUG] [PATHFINDER] Blocked at: BlockPos{x=-76, y=85, z=-95} | Feet: Air | FloorSolid: false
[12:33:31.819] [DEBUG] [PATHFINDER] Blocked at: BlockPos{x=-78, y=85, z=-95} | Feet: Air | FloorSolid: false
[12:33:31.819] [DEBUG] [PATHFINDER] Blocked at: BlockPos{x=-77, y=83, z=-96} | Feet: White Concrete | FloorSolid: true
[12:33:31.819] [DEBUG] [PATHFINDER] Blocked at: BlockPos{x=-77, y=83, z=-94} | Feet: White Concrete | FloorSolid: true
[12:33:31.819] [DEBUG] [PATHFINDER] Blocked at: BlockPos{x=-76, y=83, z=-95} | Feet: White Concrete | FloorSolid: true
[12:33:31.819] [DEBUG] [PATHFINDER] Blocked at: BlockPos{x=-78, y=83, z=-95} | Feet: White Concrete | FloorSolid: true
[12:33:31.820] [DEBUG] [PATHFINDER] Blocked at: BlockPos{x=-77, y=85, z=-95} | Feet: Air | FloorSolid: false
[12:33:31.820] [DEBUG] [PATHFINDER] Blocked at: BlockPos{x=-77, y=85, z=-93} | Feet: Air | FloorSolid: false
[12:33:31.820] [DEBUG] [PATHFINDER] Blocked at: BlockPos{x=-76, y=85, z=-94} | Feet: Air | FloorSolid: false
[12:33:31.820] [DEBUG] [PATHFINDER] Blocked at: BlockPos{x=-78, y=85, z=-94} | Feet: Air | FloorSolid: false
[12:33:31.820] [DEBUG] [PATHFINDER] Blocked at: BlockPos{x=-77, y=83, z=-95} | Feet: White Concrete | FloorSolid: true
[12:33:31.820] [DEBUG] [PATHFINDER] Blocked at: BlockPos{x=-77, y=83, z=-93} | Feet: Black Concrete | FloorSolid: true
[12:33:31.821] [DEBUG] [PATHFINDER] Blocked at: BlockPos{x=-76, y=83, z=-94} | Feet: White Concrete | FloorSolid: true
[12:33:31.821] [DEBUG] [PATHFINDER] Blocked at: BlockPos{x=-78, y=83, z=-94} | Feet: White Concrete | FloorSolid: true
[12:33:32.321] [DEBUG] [PATHFINDER] Blocked at: BlockPos{x=-78, y=85, z=-95} | Feet: Air | FloorSolid: false
[12:33:32.322] [DEBUG] [PATHFINDER] Blocked at: BlockPos{x=-78, y=85, z=-93} | Feet: Air | FloorSolid: false
[12:33:32.322] [DEBUG] [PATHFINDER] Blocked at: BlockPos{x=-77, y=85, z=-94} | Feet: Air | FloorSolid: false
[12:33:32.322] [DEBUG] [PATHFINDER] Blocked at: BlockPos{x=-79, y=85, z=-94} | Feet: Air | FloorSolid: false
[12:33:32.322] [DEBUG] [PATHFINDER] Blocked at: BlockPos{x=-78, y=83, z=-95} | Feet: White Concrete | FloorSolid: true
[12:33:32.323] [DEBUG] [PATHFINDER] Blocked at: BlockPos{x=-78, y=83, z=-93} | Feet: Black Concrete | FloorSolid: true
[12:33:32.323] [DEBUG] [PATHFINDER] Blocked at: BlockPos{x=-77, y=83, z=-94} | Feet: White Concrete | FloorSolid: true
[12:33:32.323] [DEBUG] [PATHFINDER] Blocked at: BlockPos{x=-79, y=83, z=-94} | Feet: White Concrete | FloorSolid: true
[12:33:32.323] [DEBUG] [PATHFINDER] Blocked at: BlockPos{x=-79, y=85, z=-95} | Feet: Air | FloorSolid: false
[12:33:32.323] [DEBUG] [PATHFINDER] Blocked at: BlockPos{x=-79, y=85, z=-93} | Feet: Air | FloorSolid: false
[12:33:32.323] [DEBUG] [PATHFINDER] Blocked at: BlockPos{x=-78, y=85, z=-94} | Feet: Air | FloorSolid: false
[12:33:32.324] [DEBUG] [PATHFINDER] Blocked at: BlockPos{x=-80, y=85, z=-94} | Feet: Air | FloorSolid: false
[12:33:32.324] [DEBUG] [PATHFINDER] Blocked at: BlockPos{x=-79, y=83, z=-95} | Feet: White Concrete | FloorSolid: true
[12:33:32.324] [DEBUG] [PATHFINDER] Blocked at: BlockPos{x=-79, y=83, z=-93} | Feet: Black Concrete | FloorSolid: true
[12:33:32.324] [DEBUG] [PATHFINDER] Blocked at: BlockPos{x=-78, y=83, z=-94} | Feet: White Concrete | FloorSolid: true
[12:33:32.324] [DEBUG] [PATHFINDER] Blocked at: BlockPos{x=-80, y=83, z=-94} | Feet: Black Concrete | FloorSolid: true
[12:33:32.325] [INFO] [DEBUG] 
===== MOBILEMINER DIAGNOSTIC =====
BOT
- State: MOVING_TO_TARGET (Moving to BlockPos{x=-81, y=84, z=-93})
- Active Task: ShadowBotTask
TASK
- Pool Size: 2
- Last Completed: DiagnosticTestTask
- Last Failed: AimingTask (Aiming timed out)
PLAYER
- Pos: (-77.52448784358559, 84.0, -93.47527879260828)
PERCEPTION
- Target: null
- Failures: 0
ENGINE
- Last Tick: 3746µs
RECENT STATE TRANSITIONS
...->AIMING (Reached destination)
...->MOVING_TO_TARGET (Moving to BlockPos{x=-75, y=84, z=-94})
...->AIMING (Aiming at (-75.5, 84.5, -93.5))
...->MOVING_TO_TARGET (Moving to BlockPos{x=-76, y=84, z=-94})
...->AIMING (Aiming at (-76.5, 84.5, -93.5))
...->MOVING_TO_TARGET (Moving to BlockPos{x=-78, y=84, z=-94})
...->AIMING (Aiming at (-78.5, 84.5, -92.5))
...->MOVING_TO_TARGET (Moving to BlockPos{x=-79, y=84, z=-93})
...->AIMING (Reached destination)
...->MOVING_TO_TARGET (Moving to BlockPos{x=-81, y=84, z=-93})
============================
[12:33:32.928] [DEBUG] [PATHFINDER] Blocked at: BlockPos{x=-80, y=85, z=-95} | Feet: Air | FloorSolid: false
[12:33:32.929] [DEBUG] [PATHFINDER] Blocked at: BlockPos{x=-80, y=85, z=-93} | Feet: Air | FloorSolid: false
[12:33:32.929] [DEBUG] [PATHFINDER] Blocked at: BlockPos{x=-79, y=85, z=-94} | Feet: Air | FloorSolid: false
[12:33:32.929] [DEBUG] [PATHFINDER] Blocked at: BlockPos{x=-81, y=85, z=-94} | Feet: Air | FloorSolid: false
[12:33:32.929] [DEBUG] [PATHFINDER] Blocked at: BlockPos{x=-80, y=83, z=-95} | Feet: Black Concrete | FloorSolid: true
[12:33:32.929] [DEBUG] [PATHFINDER] Blocked at: BlockPos{x=-80, y=83, z=-93} | Feet: Black Concrete | FloorSolid: true
[12:33:32.930] [DEBUG] [PATHFINDER] Blocked at: BlockPos{x=-79, y=83, z=-94} | Feet: White Concrete | FloorSolid: true
[12:33:32.930] [DEBUG] [PATHFINDER] Blocked at: BlockPos{x=-81, y=83, z=-94} | Feet: White Concrete | FloorSolid: true
[12:33:32.930] [DEBUG] [PATHFINDER] Blocked at: BlockPos{x=-81, y=85, z=-95} | Feet: Air | FloorSolid: false
[12:33:32.930] [DEBUG] [PATHFINDER] Blocked at: BlockPos{x=-81, y=85, z=-93} | Feet: Air | FloorSolid: false
[12:33:32.930] [DEBUG] [PATHFINDER] Blocked at: BlockPos{x=-80, y=85, z=-94} | Feet: Air | FloorSolid: false
[12:33:32.931] [DEBUG] [PATHFINDER] Blocked at: BlockPos{x=-82, y=85, z=-94} | Feet: Air | FloorSolid: false
[12:33:32.931] [DEBUG] [PATHFINDER] Blocked at: BlockPos{x=-81, y=83, z=-95} | Feet: White Concrete | FloorSolid: true
[12:33:32.931] [DEBUG] [PATHFINDER] Blocked at: BlockPos{x=-81, y=83, z=-93} | Feet: Black Concrete | FloorSolid: true
[12:33:32.931] [DEBUG] [PATHFINDER] Blocked at: BlockPos{x=-80, y=83, z=-94} | Feet: Black Concrete | FloorSolid: true
[12:33:32.931] [DEBUG] [PATHFINDER] Blocked at: BlockPos{x=-82, y=83, z=-94} | Feet: White Concrete | FloorSolid: true
[12:33:32.931] [DEBUG] [PATHFINDER] Blocked at: BlockPos{x=-82, y=85, z=-95} | Feet: Air | FloorSolid: false
[12:33:32.932] [DEBUG] [PATHFINDER] Blocked at: BlockPos{x=-82, y=85, z=-93} | Feet: Air | FloorSolid: false
[12:33:32.932] [DEBUG] [PATHFINDER] Blocked at: BlockPos{x=-81, y=85, z=-94} | Feet: Air | FloorSolid: false
[12:33:32.932] [DEBUG] [PATHFINDER] Blocked at: BlockPos{x=-83, y=85, z=-94} | Feet: Air | FloorSolid: false
[12:33:32.932] [DEBUG] [PATHFINDER] Blocked at: BlockPos{x=-82, y=83, z=-95} | Feet: White Concrete | FloorSolid: true
[12:33:32.932] [DEBUG] [PATHFINDER] Blocked at: BlockPos{x=-82, y=83, z=-93} | Feet: Black Concrete | FloorSolid: true
[12:33:32.932] [DEBUG] [PATHFINDER] Blocked at: BlockPos{x=-81, y=83, z=-94} | Feet: White Concrete | FloorSolid: true
[12:33:32.933] [DEBUG] [PATHFINDER] Blocked at: BlockPos{x=-83, y=83, z=-94} | Feet: White Concrete | FloorSolid: true
[12:33:33.323] [INFO] [DEBUG] 
===== MOBILEMINER DIAGNOSTIC =====
BOT
- State: AIMING (Aiming at (-83.5, 84.5, -93.5))
- Active Task: ShadowBotTask
TASK
- Pool Size: 2
- Last Completed: DiagnosticTestTask
- Last Failed: AimingTask (Aiming timed out)
PLAYER
- Pos: (-80.58313530436153, 84.0, -93.50079823030256)
PERCEPTION
- Target: null
- Failures: 0
ENGINE
- Last Tick: 137µs
RECENT STATE TRANSITIONS
...->MOVING_TO_TARGET (Moving to BlockPos{x=-76, y=84, z=-94})
...->AIMING (Aiming at (-76.5, 84.5, -93.5))
...->MOVING_TO_TARGET (Moving to BlockPos{x=-78, y=84, z=-94})
...->AIMING (Aiming at (-78.5, 84.5, -92.5))
...->MOVING_TO_TARGET (Moving to BlockPos{x=-79, y=84, z=-93})
...->AIMING (Reached destination)
...->MOVING_TO_TARGET (Moving to BlockPos{x=-81, y=84, z=-93})
...->AIMING (Reached destination)
...->MOVING_TO_TARGET (Moving to BlockPos{x=-84, y=84, z=-93})
...->AIMING (Aiming at (-83.5, 84.5, -93.5))
============================
[12:33:33.769] [DEBUG] [PATHFINDER] Blocked at: BlockPos{x=-81, y=85, z=-95} | Feet: Air | FloorSolid: false
[12:33:33.769] [DEBUG] [PATHFINDER] Blocked at: BlockPos{x=-81, y=85, z=-93} | Feet: Air | FloorSolid: false
[12:33:33.770] [DEBUG] [PATHFINDER] Blocked at: BlockPos{x=-80, y=85, z=-94} | Feet: Air | FloorSolid: false
[12:33:33.770] [DEBUG] [PATHFINDER] Blocked at: BlockPos{x=-82, y=85, z=-94} | Feet: Air | FloorSolid: false
[12:33:33.770] [DEBUG] [PATHFINDER] Blocked at: BlockPos{x=-81, y=83, z=-95} | Feet: White Concrete | FloorSolid: true
[12:33:33.770] [DEBUG] [PATHFINDER] Blocked at: BlockPos{x=-81, y=83, z=-93} | Feet: Black Concrete | FloorSolid: true
[12:33:33.770] [DEBUG] [PATHFINDER] Blocked at: BlockPos{x=-80, y=83, z=-94} | Feet: Black Concrete | FloorSolid: true
[12:33:33.771] [DEBUG] [PATHFINDER] Blocked at: BlockPos{x=-82, y=83, z=-94} | Feet: White Concrete | FloorSolid: true
[12:33:33.771] [DEBUG] [PATHFINDER] Blocked at: BlockPos{x=-82, y=85, z=-95} | Feet: Air | FloorSolid: false
[12:33:33.771] [DEBUG] [PATHFINDER] Blocked at: BlockPos{x=-82, y=85, z=-93} | Feet: Air | FloorSolid: false
[12:33:33.771] [DEBUG] [PATHFINDER] Blocked at: BlockPos{x=-81, y=85, z=-94} | Feet: Air | FloorSolid: false
[12:33:33.771] [DEBUG] [PATHFINDER] Blocked at: BlockPos{x=-83, y=85, z=-94} | Feet: Air | FloorSolid: false
[12:33:33.772] [DEBUG] [PATHFINDER] Blocked at: BlockPos{x=-82, y=83, z=-95} | Feet: White Concrete | FloorSolid: true
[12:33:33.772] [DEBUG] [PATHFINDER] Blocked at: BlockPos{x=-82, y=83, z=-93} | Feet: Black Concrete | FloorSolid: true
[12:33:33.772] [DEBUG] [PATHFINDER] Blocked at: BlockPos{x=-81, y=83, z=-94} | Feet: White Concrete | FloorSolid: true
[12:33:33.772] [DEBUG] [PATHFINDER] Blocked at: BlockPos{x=-83, y=83, z=-94} | Feet: White Concrete | FloorSolid: true
[12:33:34.319] [DEBUG] [PATHFINDER] Blocked at: BlockPos{x=-83, y=85, z=-95} | Feet: Air | FloorSolid: false
[12:33:34.319] [DEBUG] [PATHFINDER] Blocked at: BlockPos{x=-83, y=85, z=-93} | Feet: Air | FloorSolid: false
[12:33:34.320] [DEBUG] [PATHFINDER] Blocked at: BlockPos{x=-82, y=85, z=-94} | Feet: Air | FloorSolid: false
[12:33:34.320] [DEBUG] [PATHFINDER] Blocked at: BlockPos{x=-84, y=85, z=-94} | Feet: Air | FloorSolid: false
[12:33:34.320] [DEBUG] [PATHFINDER] Blocked at: BlockPos{x=-83, y=83, z=-95} | Feet: White Concrete | FloorSolid: true
[12:33:34.320] [DEBUG] [PATHFINDER] Blocked at: BlockPos{x=-83, y=83, z=-93} | Feet: Black Concrete | FloorSolid: true
[12:33:34.320] [DEBUG] [PATHFINDER] Blocked at: BlockPos{x=-82, y=83, z=-94} | Feet: White Concrete | FloorSolid: true
[12:33:34.320] [DEBUG] [PATHFINDER] Blocked at: BlockPos{x=-84, y=83, z=-94} | Feet: White Concrete | FloorSolid: true
[12:33:34.321] [DEBUG] [PATHFINDER] Blocked at: BlockPos{x=-83, y=85, z=-96} | Feet: Air | FloorSolid: false
[12:33:34.321] [DEBUG] [PATHFINDER] Blocked at: BlockPos{x=-83, y=85, z=-94} | Feet: Air | FloorSolid: false
[12:33:34.321] [DEBUG] [PATHFINDER] Blocked at: BlockPos{x=-82, y=85, z=-95} | Feet: Air | FloorSolid: false
[12:33:34.321] [DEBUG] [PATHFINDER] Blocked at: BlockPos{x=-84, y=85, z=-95} | Feet: Air | FloorSolid: false
[12:33:34.322] [DEBUG] [PATHFINDER] Blocked at: BlockPos{x=-83, y=83, z=-96} | Feet: White Concrete | FloorSolid: true
[12:33:34.322] [DEBUG] [PATHFINDER] Blocked at: BlockPos{x=-83, y=83, z=-94} | Feet: White Concrete | FloorSolid: true
[12:33:34.322] [DEBUG] [PATHFINDER] Blocked at: BlockPos{x=-82, y=83, z=-95} | Feet: White Concrete | FloorSolid: true
[12:33:34.322] [DEBUG] [PATHFINDER] Blocked at: BlockPos{x=-84, y=83, z=-95} | Feet: White Concrete | FloorSolid: true
[12:33:34.322] [DEBUG] [PATHFINDER] Blocked at: BlockPos{x=-83, y=85, z=-97} | Feet: Air | FloorSolid: false
[12:33:34.322] [DEBUG] [PATHFINDER] Blocked at: BlockPos{x=-83, y=85, z=-95} | Feet: Air | FloorSolid: false
[12:33:34.323] [DEBUG] [PATHFINDER] Blocked at: BlockPos{x=-82, y=85, z=-96} | Feet: Air | FloorSolid: false
[12:33:34.323] [DEBUG] [PATHFINDER] Blocked at: BlockPos{x=-84, y=85, z=-96} | Feet: Air | FloorSolid: false
[12:33:34.323] [DEBUG] [PATHFINDER] Blocked at: BlockPos{x=-83, y=83, z=-97} | Feet: White Concrete | FloorSolid: true
[12:33:34.323] [DEBUG] [PATHFINDER] Blocked at: BlockPos{x=-83, y=83, z=-95} | Feet: White Concrete | FloorSolid: true
[12:33:34.323] [DEBUG] [PATHFINDER] Blocked at: BlockPos{x=-82, y=83, z=-96} | Feet: White Concrete | FloorSolid: true
[12:33:34.324] [DEBUG] [PATHFINDER] Blocked at: BlockPos{x=-84, y=83, z=-96} | Feet: White Concrete | FloorSolid: true
[12:33:34.324] [INFO] [DEBUG] 
===== MOBILEMINER DIAGNOSTIC =====
BOT
- State: MOVING_TO_TARGET (Moving to BlockPos{x=-85, y=84, z=-97})
- Active Task: ShadowBotTask
TASK
- Pool Size: 2
- Last Completed: DiagnosticTestTask
- Last Failed: AimingTask (Aiming timed out)
PLAYER
- Pos: (-82.41954079207773, 84.0, -93.5002966343055)
PERCEPTION
- Target: null
- Failures: 0
ENGINE
- Last Tick: 5382µs
RECENT STATE TRANSITIONS
...->AIMING (Aiming at (-78.5, 84.5, -92.5))
...->MOVING_TO_TARGET (Moving to BlockPos{x=-79, y=84, z=-93})
...->AIMING (Reached destination)
...->MOVING_TO_TARGET (Moving to BlockPos{x=-81, y=84, z=-93})
...->AIMING (Reached destination)
...->MOVING_TO_TARGET (Moving to BlockPos{x=-84, y=84, z=-93})
...->AIMING (Aiming at (-83.5, 84.5, -93.5))
...->MOVING_TO_TARGET (Moving to BlockPos{x=-84, y=84, z=-95})
...->AIMING (Reached destination)
...->MOVING_TO_TARGET (Moving to BlockPos{x=-85, y=84, z=-97})
============================
[12:33:35.018] [DEBUG] [PATHFINDER] Blocked at: BlockPos{x=-84, y=85, z=-97} | Feet: Air | FloorSolid: false
[12:33:35.018] [DEBUG] [PATHFINDER] Blocked at: BlockPos{x=-84, y=85, z=-95} | Feet: Air | FloorSolid: false
[12:33:35.018] [DEBUG] [PATHFINDER] Blocked at: BlockPos{x=-83, y=85, z=-96} | Feet: Air | FloorSolid: false
[12:33:35.018] [DEBUG] [PATHFINDER] Blocked at: BlockPos{x=-85, y=85, z=-96} | Feet: Air | FloorSolid: false
[12:33:35.019] [DEBUG] [PATHFINDER] Blocked at: BlockPos{x=-84, y=83, z=-97} | Feet: White Concrete | FloorSolid: true
[12:33:35.019] [DEBUG] [PATHFINDER] Blocked at: BlockPos{x=-84, y=83, z=-95} | Feet: White Concrete | FloorSolid: true
[12:33:35.019] [DEBUG] [PATHFINDER] Blocked at: BlockPos{x=-83, y=83, z=-96} | Feet: White Concrete | FloorSolid: true
[12:33:35.019] [DEBUG] [PATHFINDER] Blocked at: BlockPos{x=-85, y=83, z=-96} | Feet: Black Concrete | FloorSolid: true
[12:33:35.019] [DEBUG] [PATHFINDER] Blocked at: BlockPos{x=-84, y=85, z=-98} | Feet: Air | FloorSolid: false
[12:33:35.019] [DEBUG] [PATHFINDER] Blocked at: BlockPos{x=-84, y=85, z=-96} | Feet: Air | FloorSolid: false
[12:33:35.019] [DEBUG] [PATHFINDER] Blocked at: BlockPos{x=-83, y=85, z=-97} | Feet: Air | FloorSolid: false
[12:33:35.019] [DEBUG] [PATHFINDER] Blocked at: BlockPos{x=-85, y=85, z=-97} | Feet: Air | FloorSolid: false
[12:33:35.019] [DEBUG] [PATHFINDER] Blocked at: BlockPos{x=-84, y=83, z=-98} | Feet: Black Concrete | FloorSolid: true
[12:33:35.019] [DEBUG] [PATHFINDER] Blocked at: BlockPos{x=-84, y=83, z=-96} | Feet: White Concrete | FloorSolid: true
[12:33:35.020] [DEBUG] [PATHFINDER] Blocked at: BlockPos{x=-83, y=83, z=-97} | Feet: White Concrete | FloorSolid: true
[12:33:35.020] [DEBUG] [PATHFINDER] Blocked at: BlockPos{x=-85, y=83, z=-97} | Feet: Black Concrete | FloorSolid: true
[12:33:35.317] [INFO] [DEBUG] 
===== MOBILEMINER DIAGNOSTIC =====
BOT
- State: MOVING_TO_TARGET (Moving to BlockPos{x=-85, y=84, z=-99})
- Active Task: ShadowBotTask
TASK
- Pool Size: 2
- Last Completed: DiagnosticTestTask
- Last Failed: AimingTask (Aiming timed out)
PLAYER
- Pos: (-83.50497787440256, 84.0, -96.14484338680727)
PERCEPTION
- Target: null
- Failures: 0
ENGINE
- Last Tick: 22µs
RECENT STATE TRANSITIONS
...->AIMING (Reached destination)
...->MOVING_TO_TARGET (Moving to BlockPos{x=-81, y=84, z=-93})
...->AIMING (Reached destination)
...->MOVING_TO_TARGET (Moving to BlockPos{x=-84, y=84, z=-93})
...->AIMING (Aiming at (-83.5, 84.5, -93.5))
...->MOVING_TO_TARGET (Moving to BlockPos{x=-84, y=84, z=-95})
...->AIMING (Reached destination)
...->MOVING_TO_TARGET (Moving to BlockPos{x=-85, y=84, z=-97})
...->AIMING (Reached destination)
...->MOVING_TO_TARGET (Moving to BlockPos{x=-85, y=84, z=-99})
============================
[12:33:35.672] [DEBUG] [PATHFINDER] Blocked at: BlockPos{x=-84, y=85, z=-99} | Feet: Air | FloorSolid: false
[12:33:35.672] [DEBUG] [PATHFINDER] Blocked at: BlockPos{x=-84, y=85, z=-97} | Feet: Air | FloorSolid: false
[12:33:35.673] [DEBUG] [PATHFINDER] Blocked at: BlockPos{x=-83, y=85, z=-98} | Feet: Air | FloorSolid: false
[12:33:35.673] [DEBUG] [PATHFINDER] Blocked at: BlockPos{x=-85, y=85, z=-98} | Feet: Air | FloorSolid: false
[12:33:35.673] [DEBUG] [PATHFINDER] Blocked at: BlockPos{x=-84, y=83, z=-99} | Feet: White Concrete | FloorSolid: true
[12:33:35.673] [DEBUG] [PATHFINDER] Blocked at: BlockPos{x=-84, y=83, z=-97} | Feet: White Concrete | FloorSolid: true
[12:33:35.673] [DEBUG] [PATHFINDER] Blocked at: BlockPos{x=-83, y=83, z=-98} | Feet: Black Concrete | FloorSolid: true
[12:33:35.673] [DEBUG] [PATHFINDER] Blocked at: BlockPos{x=-85, y=83, z=-98} | Feet: Black Concrete | FloorSolid: true
[12:33:35.673] [DEBUG] [PATHFINDER] Blocked at: BlockPos{x=-84, y=85, z=-100} | Feet: Air | FloorSolid: false
[12:33:35.673] [DEBUG] [PATHFINDER] Blocked at: BlockPos{x=-84, y=85, z=-98} | Feet: Air | FloorSolid: false
[12:33:35.674] [DEBUG] [PATHFINDER] Blocked at: BlockPos{x=-83, y=85, z=-99} | Feet: Air | FloorSolid: false
[12:33:35.674] [DEBUG] [PATHFINDER] Blocked at: BlockPos{x=-85, y=85, z=-99} | Feet: Air | FloorSolid: false
[12:33:35.674] [DEBUG] [PATHFINDER] Blocked at: BlockPos{x=-84, y=83, z=-100} | Feet: White Concrete | FloorSolid: true
[12:33:35.674] [DEBUG] [PATHFINDER] Blocked at: BlockPos{x=-84, y=83, z=-98} | Feet: Black Concrete | FloorSolid: true
[12:33:35.674] [DEBUG] [PATHFINDER] Blocked at: BlockPos{x=-83, y=83, z=-99} | Feet: White Concrete | FloorSolid: true
[12:33:35.674] [DEBUG] [PATHFINDER] Blocked at: BlockPos{x=-85, y=83, z=-99} | Feet: Black Concrete | FloorSolid: true
[12:33:35.674] [DEBUG] [PATHFINDER] Blocked at: BlockPos{x=-84, y=85, z=-101} | Feet: Air | FloorSolid: false
[12:33:35.674] [DEBUG] [PATHFINDER] Blocked at: BlockPos{x=-84, y=85, z=-99} | Feet: Air | FloorSolid: false
[12:33:35.674] [DEBUG] [PATHFINDER] Blocked at: BlockPos{x=-83, y=85, z=-100} | Feet: Air | FloorSolid: false
[12:33:35.674] [DEBUG] [PATHFINDER] Blocked at: BlockPos{x=-85, y=85, z=-100} | Feet: Air | FloorSolid: false
[12:33:35.675] [DEBUG] [PATHFINDER] Blocked at: BlockPos{x=-84, y=83, z=-101} | Feet: White Concrete | FloorSolid: true
[12:33:35.675] [DEBUG] [PATHFINDER] Blocked at: BlockPos{x=-84, y=83, z=-99} | Feet: White Concrete | FloorSolid: true
[12:33:35.675] [DEBUG] [PATHFINDER] Blocked at: BlockPos{x=-83, y=83, z=-100} | Feet: White Concrete | FloorSolid: true
[12:33:35.675] [DEBUG] [PATHFINDER] Blocked at: BlockPos{x=-85, y=83, z=-100} | Feet: Black Concrete | FloorSolid: true
[12:33:36.316] [INFO] [DEBUG] 
===== MOBILEMINER DIAGNOSTIC =====
BOT
- State: AIMING (Aiming at (-83.5, 84.5, -101.5))
- Active Task: ShadowBotTask
TASK
- Pool Size: 2
- Last Completed: DiagnosticTestTask
- Last Failed: AimingTask (Aiming timed out)
PLAYER
- Pos: (-83.4999431199242, 84.0, -98.75262875966271)
PERCEPTION
- Target: null
- Failures: 0
ENGINE
- Last Tick: 4µs
RECENT STATE TRANSITIONS
...->MOVING_TO_TARGET (Moving to BlockPos{x=-84, y=84, z=-93})
...->AIMING (Aiming at (-83.5, 84.5, -93.5))
...->MOVING_TO_TARGET (Moving to BlockPos{x=-84, y=84, z=-95})
...->AIMING (Reached destination)
...->MOVING_TO_TARGET (Moving to BlockPos{x=-85, y=84, z=-97})
...->AIMING (Reached destination)
...->MOVING_TO_TARGET (Moving to BlockPos{x=-85, y=84, z=-99})
...->AIMING (Reached destination)
...->MOVING_TO_TARGET (Moving to BlockPos{x=-85, y=84, z=-102})
...->AIMING (Aiming at (-83.5, 84.5, -101.5))
============================
[12:33:36.421] [DEBUG] [PATHFINDER] Blocked at: BlockPos{x=-84, y=85, z=-100} | Feet: Air | FloorSolid: false
[12:33:36.421] [DEBUG] [PATHFINDER] Blocked at: BlockPos{x=-84, y=85, z=-98} | Feet: Air | FloorSolid: false
[12:33:36.421] [DEBUG] [PATHFINDER] Blocked at: BlockPos{x=-83, y=85, z=-99} | Feet: Air | FloorSolid: false
[12:33:36.421] [DEBUG] [PATHFINDER] Blocked at: BlockPos{x=-85, y=85, z=-99} | Feet: Air | FloorSolid: false
[12:33:36.422] [DEBUG] [PATHFINDER] Blocked at: BlockPos{x=-84, y=83, z=-100} | Feet: White Concrete | FloorSolid: true
[12:33:36.422] [DEBUG] [PATHFINDER] Blocked at: BlockPos{x=-84, y=83, z=-98} | Feet: Black Concrete | FloorSolid: true
[12:33:36.422] [DEBUG] [PATHFINDER] Blocked at: BlockPos{x=-83, y=83, z=-99} | Feet: White Concrete | FloorSolid: true
[12:33:36.422] [DEBUG] [PATHFINDER] Blocked at: BlockPos{x=-85, y=83, z=-99} | Feet: Black Concrete | FloorSolid: true
[12:33:36.422] [DEBUG] [PATHFINDER] Blocked at: BlockPos{x=-84, y=85, z=-101} | Feet: Air | FloorSolid: false
[12:33:36.422] [DEBUG] [PATHFINDER] Blocked at: BlockPos{x=-84, y=85, z=-99} | Feet: Air | FloorSolid: false
[12:33:36.422] [DEBUG] [PATHFINDER] Blocked at: BlockPos{x=-83, y=85, z=-100} | Feet: Air | FloorSolid: false
[12:33:36.423] [DEBUG] [PATHFINDER] Blocked at: BlockPos{x=-85, y=85, z=-100} | Feet: Air | FloorSolid: false
[12:33:36.424] [DEBUG] [PATHFINDER] Blocked at: BlockPos{x=-84, y=83, z=-101} | Feet: White Concrete | FloorSolid: true
[12:33:36.424] [DEBUG] [PATHFINDER] Blocked at: BlockPos{x=-84, y=83, z=-99} | Feet: White Concrete | FloorSolid: true
[12:33:36.424] [DEBUG] [PATHFINDER] Blocked at: BlockPos{x=-83, y=83, z=-100} | Feet: White Concrete | FloorSolid: true
[12:33:36.424] [DEBUG] [PATHFINDER] Blocked at: BlockPos{x=-85, y=83, z=-100} | Feet: Black Concrete | FloorSolid: true
[12:33:36.972] [DEBUG] [PATHFINDER] Blocked at: BlockPos{x=-84, y=85, z=-102} | Feet: Air | FloorSolid: false
[12:33:36.972] [DEBUG] [PATHFINDER] Blocked at: BlockPos{x=-84, y=85, z=-100} | Feet: Air | FloorSolid: false
[12:33:36.972] [DEBUG] [PATHFINDER] Blocked at: BlockPos{x=-83, y=85, z=-101} | Feet: Air | FloorSolid: false
[12:33:36.972] [DEBUG] [PATHFINDER] Blocked at: BlockPos{x=-85, y=85, z=-101} | Feet: Air | FloorSolid: false
[12:33:36.972] [DEBUG] [PATHFINDER] Blocked at: BlockPos{x=-84, y=83, z=-102} | Feet: White Concrete | FloorSolid: true
[12:33:36.973] [DEBUG] [PATHFINDER] Blocked at: BlockPos{x=-84, y=83, z=-100} | Feet: White Concrete | FloorSolid: true
[12:33:36.973] [DEBUG] [PATHFINDER] Blocked at: BlockPos{x=-83, y=83, z=-101} | Feet: White Concrete | FloorSolid: true
[12:33:36.973] [DEBUG] [PATHFINDER] Blocked at: BlockPos{x=-85, y=83, z=-101} | Feet: Black Concrete | FloorSolid: true
[12:33:36.973] [DEBUG] [PATHFINDER] Blocked at: BlockPos{x=-83, y=85, z=-102} | Feet: Air | FloorSolid: false
[12:33:36.973] [DEBUG] [PATHFINDER] Blocked at: BlockPos{x=-83, y=85, z=-100} | Feet: Air | FloorSolid: false
[12:33:36.973] [DEBUG] [PATHFINDER] Blocked at: BlockPos{x=-82, y=85, z=-101} | Feet: Air | FloorSolid: false
[12:33:36.973] [DEBUG] [PATHFINDER] Blocked at: BlockPos{x=-84, y=85, z=-101} | Feet: Air | FloorSolid: false
[12:33:36.974] [DEBUG] [PATHFINDER] Blocked at: BlockPos{x=-83, y=83, z=-102} | Feet: White Concrete | FloorSolid: true
[12:33:36.974] [DEBUG] [PATHFINDER] Blocked at: BlockPos{x=-83, y=83, z=-100} | Feet: White Concrete | FloorSolid: true
[12:33:36.974] [DEBUG] [PATHFINDER] Blocked at: BlockPos{x=-82, y=83, z=-101} | Feet: White Concrete | FloorSolid: true
[12:33:36.974] [DEBUG] [PATHFINDER] Blocked at: BlockPos{x=-84, y=83, z=-101} | Feet: White Concrete | FloorSolid: true
[12:33:36.974] [DEBUG] [PATHFINDER] Blocked at: BlockPos{x=-83, y=85, z=-103} | Feet: Air | FloorSolid: false
[12:33:36.974] [DEBUG] [PATHFINDER] Blocked at: BlockPos{x=-83, y=85, z=-101} | Feet: Air | FloorSolid: false
[12:33:36.974] [DEBUG] [PATHFINDER] Blocked at: BlockPos{x=-82, y=85, z=-102} | Feet: Air | FloorSolid: false
[12:33:36.974] [DEBUG] [PATHFINDER] Blocked at: BlockPos{x=-84, y=85, z=-102} | Feet: Air | FloorSolid: false
[12:33:36.974] [DEBUG] [PATHFINDER] Blocked at: BlockPos{x=-83, y=83, z=-103} | Feet: Black Concrete | FloorSolid: true
[12:33:36.974] [DEBUG] [PATHFINDER] Blocked at: BlockPos{x=-83, y=83, z=-101} | Feet: White Concrete | FloorSolid: true
[12:33:36.975] [DEBUG] [PATHFINDER] Blocked at: BlockPos{x=-82, y=83, z=-102} | Feet: White Concrete | FloorSolid: true
[12:33:36.975] [DEBUG] [PATHFINDER] Blocked at: BlockPos{x=-84, y=83, z=-102} | Feet: White Concrete | FloorSolid: true
[12:33:37.320] [INFO] [DEBUG] 
===== MOBILEMINER DIAGNOSTIC =====
BOT
- State: AIMING (Aiming at (-80.5, 84.5, -101.5))
- Active Task: ShadowBotTask
TASK
- Pool Size: 2
- Last Completed: DiagnosticTestTask
- Last Failed: AimingTask (Aiming timed out)
PLAYER
- Pos: (-82.95103336106719, 84.0, -100.75485204623168)
PERCEPTION
- Target: null
- Failures: 0
ENGINE
- Last Tick: 4µs
RECENT STATE TRANSITIONS
...->MOVING_TO_TARGET (Moving to BlockPos{x=-85, y=84, z=-97})
...->AIMING (Reached destination)
...->MOVING_TO_TARGET (Moving to BlockPos{x=-85, y=84, z=-99})
...->AIMING (Reached destination)
...->MOVING_TO_TARGET (Moving to BlockPos{x=-85, y=84, z=-102})
...->AIMING (Aiming at (-83.5, 84.5, -101.5))
...->MOVING_TO_TARGET (Moving to BlockPos{x=-83, y=84, z=-102})
...->AIMING (Reached destination)
...->MOVING_TO_TARGET (Moving to BlockPos{x=-81, y=84, z=-103})
...->AIMING (Aiming at (-80.5, 84.5, -101.5))
============================
[12:33:37.964] [DEBUG] [PATHFINDER] Blocked at: BlockPos{x=-83, y=85, z=-102} | Feet: Air | FloorSolid: false
[12:33:37.964] [DEBUG] [PATHFINDER] Blocked at: BlockPos{x=-83, y=85, z=-100} | Feet: Air | FloorSolid: false
[12:33:37.964] [DEBUG] [PATHFINDER] Blocked at: BlockPos{x=-82, y=85, z=-101} | Feet: Air | FloorSolid: false
[12:33:37.965] [DEBUG] [PATHFINDER] Blocked at: BlockPos{x=-84, y=85, z=-101} | Feet: Air | FloorSolid: false
[12:33:37.965] [DEBUG] [PATHFINDER] Blocked at: BlockPos{x=-83, y=83, z=-102} | Feet: White Concrete | FloorSolid: true
[12:33:37.965] [DEBUG] [PATHFINDER] Blocked at: BlockPos{x=-83, y=83, z=-100} | Feet: White Concrete | FloorSolid: true
[12:33:37.965] [DEBUG] [PATHFINDER] Blocked at: BlockPos{x=-82, y=83, z=-101} | Feet: White Concrete | FloorSolid: true
[12:33:37.965] [DEBUG] [PATHFINDER] Blocked at: BlockPos{x=-84, y=83, z=-101} | Feet: White Concrete | FloorSolid: true
[12:33:38.318] [INFO] [DEBUG] 
===== MOBILEMINER DIAGNOSTIC =====
BOT
- State: MOVING_TO_TARGET (Moving to BlockPos{x=-81, y=84, z=-100})
- Active Task: ShadowBotTask
TASK
- Pool Size: 2
- Last Completed: DiagnosticTestTask
- Last Failed: AimingTask (Aiming timed out)
PLAYER
- Pos: (-81.94890626662766, 84.0, -100.61357644816525)
PERCEPTION
- Target: null
- Failures: 0
ENGINE
- Last Tick: 6µs
RECENT STATE TRANSITIONS
...->AIMING (Reached destination)
...->MOVING_TO_TARGET (Moving to BlockPos{x=-85, y=84, z=-99})
...->AIMING (Reached destination)
...->MOVING_TO_TARGET (Moving to BlockPos{x=-85, y=84, z=-102})
...->AIMING (Aiming at (-83.5, 84.5, -101.5))
...->MOVING_TO_TARGET (Moving to BlockPos{x=-83, y=84, z=-102})
...->AIMING (Reached destination)
...->MOVING_TO_TARGET (Moving to BlockPos{x=-81, y=84, z=-103})
...->AIMING (Aiming at (-80.5, 84.5, -101.5))
...->MOVING_TO_TARGET (Moving to BlockPos{x=-81, y=84, z=-100})
============================
[12:33:38.419] [DEBUG] [PATHFINDER] Blocked at: BlockPos{x=-82, y=85, z=-102} | Feet: Air | FloorSolid: false
[12:33:38.420] [DEBUG] [PATHFINDER] Blocked at: BlockPos{x=-82, y=85, z=-100} | Feet: Air | FloorSolid: false
[12:33:38.420] [DEBUG] [PATHFINDER] Blocked at: BlockPos{x=-81, y=85, z=-101} | Feet: Air | FloorSolid: false
[12:33:38.420] [DEBUG] [PATHFINDER] Blocked at: BlockPos{x=-83, y=85, z=-101} | Feet: Air | FloorSolid: false
[12:33:38.420] [DEBUG] [PATHFINDER] Blocked at: BlockPos{x=-82, y=83, z=-102} | Feet: White Concrete | FloorSolid: true
[12:33:38.420] [DEBUG] [PATHFINDER] Blocked at: BlockPos{x=-82, y=83, z=-100} | Feet: White Concrete | FloorSolid: true
[12:33:38.420] [DEBUG] [PATHFINDER] Blocked at: BlockPos{x=-81, y=83, z=-101} | Feet: White Concrete | FloorSolid: true
[12:33:38.420] [DEBUG] [PATHFINDER] Blocked at: BlockPos{x=-83, y=83, z=-101} | Feet: White Concrete | FloorSolid: true
[12:33:38.421] [DEBUG] [PATHFINDER] Blocked at: BlockPos{x=-82, y=85, z=-101} | Feet: Air | FloorSolid: false
[12:33:38.421] [DEBUG] [PATHFINDER] Blocked at: BlockPos{x=-82, y=85, z=-99} | Feet: Air | FloorSolid: false
[12:33:38.421] [DEBUG] [PATHFINDER] Blocked at: BlockPos{x=-81, y=85, z=-100} | Feet: Air | FloorSolid: false
[12:33:38.421] [DEBUG] [PATHFINDER] Blocked at: BlockPos{x=-83, y=85, z=-100} | Feet: Air | FloorSolid: false
[12:33:38.421] [DEBUG] [PATHFINDER] Blocked at: BlockPos{x=-82, y=83, z=-101} | Feet: White Concrete | FloorSolid: true
[12:33:38.421] [DEBUG] [PATHFINDER] Blocked at: BlockPos{x=-82, y=83, z=-99} | Feet: White Concrete | FloorSolid: true
[12:33:38.421] [DEBUG] [PATHFINDER] Blocked at: BlockPos{x=-81, y=83, z=-100} | Feet: White Concrete | FloorSolid: true
[12:33:38.421] [DEBUG] [PATHFINDER] Blocked at: BlockPos{x=-83, y=83, z=-100} | Feet: White Concrete | FloorSolid: true
[12:33:38.920] [DEBUG] [PATHFINDER] Blocked at: BlockPos{x=-81, y=85, z=-101} | Feet: Air | FloorSolid: false
[12:33:38.920] [DEBUG] [PATHFINDER] Blocked at: BlockPos{x=-81, y=85, z=-99} | Feet: Air | FloorSolid: false
[12:33:38.920] [DEBUG] [PATHFINDER] Blocked at: BlockPos{x=-80, y=85, z=-100} | Feet: Air | FloorSolid: false
[12:33:38.921] [DEBUG] [PATHFINDER] Blocked at: BlockPos{x=-82, y=85, z=-100} | Feet: Air | FloorSolid: false
[12:33:38.921] [DEBUG] [PATHFINDER] Blocked at: BlockPos{x=-81, y=83, z=-101} | Feet: White Concrete | FloorSolid: true
[12:33:38.921] [DEBUG] [PATHFINDER] Blocked at: BlockPos{x=-81, y=83, z=-99} | Feet: White Concrete | FloorSolid: true
[12:33:38.921] [DEBUG] [PATHFINDER] Blocked at: BlockPos{x=-80, y=83, z=-100} | Feet: Black Concrete | FloorSolid: true
[12:33:38.921] [DEBUG] [PATHFINDER] Blocked at: BlockPos{x=-82, y=83, z=-100} | Feet: White Concrete | FloorSolid: true
[12:33:38.921] [DEBUG] [PATHFINDER] Blocked at: BlockPos{x=-80, y=85, z=-101} | Feet: Air | FloorSolid: false
[12:33:38.921] [DEBUG] [PATHFINDER] Blocked at: BlockPos{x=-80, y=85, z=-99} | Feet: Air | FloorSolid: false
[12:33:38.921] [DEBUG] [PATHFINDER] Blocked at: BlockPos{x=-79, y=85, z=-100} | Feet: Air | FloorSolid: false
[12:33:38.921] [DEBUG] [PATHFINDER] Blocked at: BlockPos{x=-81, y=85, z=-100} | Feet: Air | FloorSolid: false
[12:33:38.921] [DEBUG] [PATHFINDER] Blocked at: BlockPos{x=-80, y=83, z=-101} | Feet: Black Concrete | FloorSolid: true
[12:33:38.921] [DEBUG] [PATHFINDER] Blocked at: BlockPos{x=-80, y=83, z=-99} | Feet: Black Concrete | FloorSolid: true
[12:33:38.922] [DEBUG] [PATHFINDER] Blocked at: BlockPos{x=-79, y=83, z=-100} | Feet: White Concrete | FloorSolid: true
[12:33:38.922] [DEBUG] [PATHFINDER] Blocked at: BlockPos{x=-81, y=83, z=-100} | Feet: White Concrete | FloorSolid: true
[12:33:39.316] [INFO] [DEBUG] 
===== MOBILEMINER DIAGNOSTIC =====
BOT
- State: MOVING_TO_TARGET (Moving to BlockPos{x=-78, y=84, z=-99})
- Active Task: ShadowBotTask
TASK
- Pool Size: 2
- Last Completed: DiagnosticTestTask
- Last Failed: AimingTask (Aiming timed out)
PLAYER
- Pos: (-79.40601805514332, 84.0, -99.41359066921693)
PERCEPTION
- Target: null
- Failures: 0
ENGINE
- Last Tick: 26µs
RECENT STATE TRANSITIONS
...->AIMING (Aiming at (-83.5, 84.5, -101.5))
...->MOVING_TO_TARGET (Moving to BlockPos{x=-83, y=84, z=-102})
...->AIMING (Reached destination)
...->MOVING_TO_TARGET (Moving to BlockPos{x=-81, y=84, z=-103})
...->AIMING (Aiming at (-80.5, 84.5, -101.5))
...->MOVING_TO_TARGET (Moving to BlockPos{x=-81, y=84, z=-100})
...->AIMING (Reached destination)
...->MOVING_TO_TARGET (Moving to BlockPos{x=-80, y=84, z=-99})
...->AIMING (Reached destination)
...->MOVING_TO_TARGET (Moving to BlockPos{x=-78, y=84, z=-99})
============================
[12:33:39.521] [DEBUG] [PATHFINDER] Blocked at: BlockPos{x=-79, y=85, z=-101} | Feet: Air | FloorSolid: false
[12:33:39.521] [DEBUG] [PATHFINDER] Blocked at: BlockPos{x=-79, y=85, z=-99} | Feet: Air | FloorSolid: false
[12:33:39.521] [DEBUG] [PATHFINDER] Blocked at: BlockPos{x=-78, y=85, z=-100} | Feet: Air | FloorSolid: false
[12:33:39.521] [DEBUG] [PATHFINDER] Blocked at: BlockPos{x=-80, y=85, z=-100} | Feet: Air | FloorSolid: false
[12:33:39.522] [DEBUG] [PATHFINDER] Blocked at: BlockPos{x=-79, y=83, z=-101} | Feet: White Concrete | FloorSolid: true
[12:33:39.522] [DEBUG] [PATHFINDER] Blocked at: BlockPos{x=-79, y=83, z=-99} | Feet: White Concrete | FloorSolid: true
[12:33:39.522] [DEBUG] [PATHFINDER] Blocked at: BlockPos{x=-78, y=83, z=-100} | Feet: White Concrete | FloorSolid: true
[12:33:39.522] [DEBUG] [PATHFINDER] Blocked at: BlockPos{x=-80, y=83, z=-100} | Feet: Black Concrete | FloorSolid: true
[12:33:39.522] [DEBUG] [PATHFINDER] Blocked at: BlockPos{x=-78, y=85, z=-101} | Feet: Air | FloorSolid: false
[12:33:39.522] [DEBUG] [PATHFINDER] Blocked at: BlockPos{x=-78, y=85, z=-99} | Feet: Air | FloorSolid: false
[12:33:39.522] [DEBUG] [PATHFINDER] Blocked at: BlockPos{x=-77, y=85, z=-100} | Feet: Air | FloorSolid: false
[12:33:39.522] [DEBUG] [PATHFINDER] Blocked at: BlockPos{x=-79, y=85, z=-100} | Feet: Air | FloorSolid: false
[12:33:39.522] [DEBUG] [PATHFINDER] Blocked at: BlockPos{x=-78, y=83, z=-101} | Feet: White Concrete | FloorSolid: true
[12:33:39.522] [DEBUG] [PATHFINDER] Blocked at: BlockPos{x=-78, y=83, z=-99} | Feet: White Concrete | FloorSolid: true
[12:33:39.522] [DEBUG] [PATHFINDER] Blocked at: BlockPos{x=-77, y=83, z=-100} | Feet: White Concrete | FloorSolid: true
[12:33:39.523] [DEBUG] [PATHFINDER] Blocked at: BlockPos{x=-79, y=83, z=-100} | Feet: White Concrete | FloorSolid: true
[12:33:39.523] [DEBUG] [PATHFINDER] Blocked at: BlockPos{x=-78, y=85, z=-100} | Feet: Air | FloorSolid: false
[12:33:39.523] [DEBUG] [PATHFINDER] Blocked at: BlockPos{x=-78, y=85, z=-98} | Feet: Air | FloorSolid: false
[12:33:39.523] [DEBUG] [PATHFINDER] Blocked at: BlockPos{x=-77, y=85, z=-99} | Feet: Air | FloorSolid: false
[12:33:39.523] [DEBUG] [PATHFINDER] Blocked at: BlockPos{x=-79, y=85, z=-99} | Feet: Air | FloorSolid: false
[12:33:39.523] [DEBUG] [PATHFINDER] Blocked at: BlockPos{x=-78, y=83, z=-100} | Feet: White Concrete | FloorSolid: true
[12:33:39.523] [DEBUG] [PATHFINDER] Blocked at: BlockPos{x=-78, y=83, z=-98} | Feet: Black Concrete | FloorSolid: true
[12:33:39.523] [DEBUG] [PATHFINDER] Blocked at: BlockPos{x=-77, y=83, z=-99} | Feet: White Concrete | FloorSolid: true
[12:33:39.523] [DEBUG] [PATHFINDER] Blocked at: BlockPos{x=-79, y=83, z=-99} | Feet: White Concrete | FloorSolid: true
[12:33:40.323] [INFO] [DEBUG] 
===== MOBILEMINER DIAGNOSTIC =====
BOT
- State: AIMING (Aiming at (-75.5, 84.5, -98.5))
- Active Task: ShadowBotTask
TASK
- Pool Size: 2
- Last Completed: DiagnosticTestTask
- Last Failed: AimingTask (Aiming timed out)
PLAYER
- Pos: (-77.93282183079631, 84.0, -99.21290924817119)
PERCEPTION
- Target: null
- Failures: 0
ENGINE
- Last Tick: 10µs
RECENT STATE TRANSITIONS
...->MOVING_TO_TARGET (Moving to BlockPos{x=-81, y=84, z=-103})
...->AIMING (Aiming at (-80.5, 84.5, -101.5))
...->MOVING_TO_TARGET (Moving to BlockPos{x=-81, y=84, z=-100})
...->AIMING (Reached destination)
...->MOVING_TO_TARGET (Moving to BlockPos{x=-80, y=84, z=-99})
...->AIMING (Reached destination)
...->MOVING_TO_TARGET (Moving to BlockPos{x=-78, y=84, z=-99})
...->AIMING (Reached destination)
...->MOVING_TO_TARGET (Moving to BlockPos{x=-76, y=84, z=-98})
...->AIMING (Aiming at (-75.5, 84.5, -98.5))
============================
[12:33:40.421] [DEBUG] [PATHFINDER] Blocked at: BlockPos{x=-78, y=85, z=-101} | Feet: Air | FloorSolid: false
[12:33:40.421] [DEBUG] [PATHFINDER] Blocked at: BlockPos{x=-78, y=85, z=-99} | Feet: Air | FloorSolid: false
[12:33:40.422] [DEBUG] [PATHFINDER] Blocked at: BlockPos{x=-77, y=85, z=-100} | Feet: Air | FloorSolid: false
[12:33:40.422] [DEBUG] [PATHFINDER] Blocked at: BlockPos{x=-79, y=85, z=-100} | Feet: Air | FloorSolid: false
[12:33:40.422] [DEBUG] [PATHFINDER] Blocked at: BlockPos{x=-78, y=83, z=-101} | Feet: White Concrete | FloorSolid: true
[12:33:40.422] [DEBUG] [PATHFINDER] Blocked at: BlockPos{x=-78, y=83, z=-99} | Feet: White Concrete | FloorSolid: true
[12:33:40.422] [DEBUG] [PATHFINDER] Blocked at: BlockPos{x=-77, y=83, z=-100} | Feet: White Concrete | FloorSolid: true
[12:33:40.422] [DEBUG] [PATHFINDER] Blocked at: BlockPos{x=-79, y=83, z=-100} | Feet: White Concrete | FloorSolid: true
[12:33:41.318] [INFO] [DEBUG] 
===== MOBILEMINER DIAGNOSTIC =====
BOT
- State: AIMING (Aiming at (-74.5, 84.5, -101.5))
- Active Task: ShadowBotTask
TASK
- Pool Size: 2
- Last Completed: DiagnosticTestTask
- Last Failed: AimingTask (Aiming timed out)
PLAYER
- Pos: (-77.0895697304048, 84.0, -99.36417398538084)
PERCEPTION
- Target: null
- Failures: 0
ENGINE
- Last Tick: 4µs
RECENT STATE TRANSITIONS
...->MOVING_TO_TARGET (Moving to BlockPos{x=-81, y=84, z=-100})
...->AIMING (Reached destination)
...->MOVING_TO_TARGET (Moving to BlockPos{x=-80, y=84, z=-99})
...->AIMING (Reached destination)
...->MOVING_TO_TARGET (Moving to BlockPos{x=-78, y=84, z=-99})
...->AIMING (Reached destination)
...->MOVING_TO_TARGET (Moving to BlockPos{x=-76, y=84, z=-98})
...->AIMING (Aiming at (-75.5, 84.5, -98.5))
...->MOVING_TO_TARGET (Moving to BlockPos{x=-76, y=84, z=-101})
...->AIMING (Aiming at (-74.5, 84.5, -101.5))
============================
[12:33:41.770] [DEBUG] [PATHFINDER] Blocked at: BlockPos{x=-78, y=85, z=-101} | Feet: Air | FloorSolid: false
[12:33:41.771] [DEBUG] [PATHFINDER] Blocked at: BlockPos{x=-78, y=85, z=-99} | Feet: Air | FloorSolid: false
[12:33:41.771] [DEBUG] [PATHFINDER] Blocked at: BlockPos{x=-77, y=85, z=-100} | Feet: Air | FloorSolid: false
[12:33:41.771] [DEBUG] [PATHFINDER] Blocked at: BlockPos{x=-79, y=85, z=-100} | Feet: Air | FloorSolid: false
[12:33:41.771] [DEBUG] [PATHFINDER] Blocked at: BlockPos{x=-78, y=83, z=-101} | Feet: White Concrete | FloorSolid: true
[12:33:41.771] [DEBUG] [PATHFINDER] Blocked at: BlockPos{x=-78, y=83, z=-99} | Feet: White Concrete | FloorSolid: true
[12:33:41.771] [DEBUG] [PATHFINDER] Blocked at: BlockPos{x=-77, y=83, z=-100} | Feet: White Concrete | FloorSolid: true
[12:33:41.771] [DEBUG] [PATHFINDER] Blocked at: BlockPos{x=-79, y=83, z=-100} | Feet: White Concrete | FloorSolid: true
[12:33:41.771] [DEBUG] [PATHFINDER] Blocked at: BlockPos{x=-77, y=85, z=-101} | Feet: Air | FloorSolid: false
[12:33:41.771] [DEBUG] [PATHFINDER] Blocked at: BlockPos{x=-77, y=85, z=-99} | Feet: Air | FloorSolid: false
[12:33:41.772] [DEBUG] [PATHFINDER] Blocked at: BlockPos{x=-76, y=85, z=-100} | Feet: Air | FloorSolid: false
[12:33:41.772] [DEBUG] [PATHFINDER] Blocked at: BlockPos{x=-78, y=85, z=-100} | Feet: Air | FloorSolid: false
[12:33:41.772] [DEBUG] [PATHFINDER] Blocked at: BlockPos{x=-77, y=83, z=-101} | Feet: White Concrete | FloorSolid: true
[12:33:41.772] [DEBUG] [PATHFINDER] Blocked at: BlockPos{x=-77, y=83, z=-99} | Feet: White Concrete | FloorSolid: true
[12:33:41.772] [DEBUG] [PATHFINDER] Blocked at: BlockPos{x=-76, y=83, z=-100} | Feet: White Concrete | FloorSolid: true
[12:33:41.772] [DEBUG] [PATHFINDER] Blocked at: BlockPos{x=-78, y=83, z=-100} | Feet: White Concrete | FloorSolid: true
[12:33:41.772] [DEBUG] [PATHFINDER] Blocked at: BlockPos{x=-77, y=85, z=-100} | Feet: Air | FloorSolid: false
[12:33:41.772] [DEBUG] [PATHFINDER] Blocked at: BlockPos{x=-77, y=85, z=-98} | Feet: Air | FloorSolid: false
[12:33:41.772] [DEBUG] [PATHFINDER] Blocked at: BlockPos{x=-76, y=85, z=-99} | Feet: Air | FloorSolid: false
[12:33:41.772] [DEBUG] [PATHFINDER] Blocked at: BlockPos{x=-78, y=85, z=-99} | Feet: Air | FloorSolid: false
[12:33:41.772] [DEBUG] [PATHFINDER] Blocked at: BlockPos{x=-77, y=83, z=-100} | Feet: White Concrete | FloorSolid: true
[12:33:41.772] [DEBUG] [PATHFINDER] Blocked at: BlockPos{x=-77, y=83, z=-98} | Feet: Black Concrete | FloorSolid: true
[12:33:41.773] [DEBUG] [PATHFINDER] Blocked at: BlockPos{x=-76, y=83, z=-99} | Feet: White Concrete | FloorSolid: true
[12:33:41.773] [DEBUG] [PATHFINDER] Blocked at: BlockPos{x=-78, y=83, z=-99} | Feet: White Concrete | FloorSolid: true
[12:33:42.315] [INFO] [DEBUG] 
===== MOBILEMINER DIAGNOSTIC =====
BOT
- State: AIMING (Reached destination)
- Active Task: ShadowBotTask
TASK
- Pool Size: 2
- Last Completed: DiagnosticTestTask
- Last Failed: AimingTask (Aiming timed out)
PLAYER
- Pos: (-75.63517513411574, 84.0, -98.59421322904251)
PERCEPTION
- Target: null
- Failures: 0
ENGINE
- Last Tick: 25µs
RECENT STATE TRANSITIONS
...->MOVING_TO_TARGET (Moving to BlockPos{x=-80, y=84, z=-99})
...->AIMING (Reached destination)
...->MOVING_TO_TARGET (Moving to BlockPos{x=-78, y=84, z=-99})
...->AIMING (Reached destination)
...->MOVING_TO_TARGET (Moving to BlockPos{x=-76, y=84, z=-98})
...->AIMING (Aiming at (-75.5, 84.5, -98.5))
...->MOVING_TO_TARGET (Moving to BlockPos{x=-76, y=84, z=-101})
...->AIMING (Aiming at (-74.5, 84.5, -101.5))
...->MOVING_TO_TARGET (Moving to BlockPos{x=-75, y=84, z=-98})
...->AIMING (Reached destination)
============================
[12:33:42.367] [DEBUG] [PATHFINDER] Blocked at: BlockPos{x=-76, y=85, z=-100} | Feet: Air | FloorSolid: false
[12:33:42.367] [DEBUG] [PATHFINDER] Blocked at: BlockPos{x=-76, y=85, z=-98} | Feet: Air | FloorSolid: false
[12:33:42.367] [DEBUG] [PATHFINDER] Blocked at: BlockPos{x=-75, y=85, z=-99} | Feet: Air | FloorSolid: false
[12:33:42.367] [DEBUG] [PATHFINDER] Blocked at: BlockPos{x=-77, y=85, z=-99} | Feet: Air | FloorSolid: false
[12:33:42.367] [DEBUG] [PATHFINDER] Blocked at: BlockPos{x=-76, y=83, z=-100} | Feet: White Concrete | FloorSolid: true
[12:33:42.367] [DEBUG] [PATHFINDER] Blocked at: BlockPos{x=-76, y=83, z=-98} | Feet: Black Concrete | FloorSolid: true
[12:33:42.368] [DEBUG] [PATHFINDER] Blocked at: BlockPos{x=-75, y=83, z=-99} | Feet: Black Concrete | FloorSolid: true
[12:33:42.368] [DEBUG] [PATHFINDER] Blocked at: BlockPos{x=-77, y=83, z=-99} | Feet: White Concrete | FloorSolid: true
[12:33:42.368] [DEBUG] [PATHFINDER] Blocked at: BlockPos{x=-76, y=85, z=-99} | Feet: Air | FloorSolid: false
[12:33:42.368] [DEBUG] [PATHFINDER] Blocked at: BlockPos{x=-76, y=85, z=-97} | Feet: Air | FloorSolid: false
[12:33:42.368] [DEBUG] [PATHFINDER] Blocked at: BlockPos{x=-75, y=85, z=-98} | Feet: Air | FloorSolid: false
[12:33:42.368] [DEBUG] [PATHFINDER] Blocked at: BlockPos{x=-77, y=85, z=-98} | Feet: Air | FloorSolid: false
[12:33:42.368] [DEBUG] [PATHFINDER] Blocked at: BlockPos{x=-76, y=83, z=-99} | Feet: White Concrete | FloorSolid: true
[12:33:42.369] [DEBUG] [PATHFINDER] Blocked at: BlockPos{x=-76, y=83, z=-97} | Feet: White Concrete | FloorSolid: true
[12:33:42.369] [DEBUG] [PATHFINDER] Blocked at: BlockPos{x=-75, y=83, z=-98} | Feet: Black Concrete | FloorSolid: true
[12:33:42.369] [DEBUG] [PATHFINDER] Blocked at: BlockPos{x=-77, y=83, z=-98} | Feet: Black Concrete | FloorSolid: true
[12:33:43.318] [INFO] [DEBUG] 
===== MOBILEMINER DIAGNOSTIC =====
BOT
- State: AIMING (Reached destination)
- Active Task: ShadowBotTask
TASK
- Pool Size: 2
- Last Completed: DiagnosticTestTask
- Last Failed: AimingTask (Aiming timed out)
PLAYER
- Pos: (-75.51664159420244, 84.0, -96.33190399097418)
PERCEPTION
- Target: null
- Failures: 0
ENGINE
- Last Tick: 4µs
RECENT STATE TRANSITIONS
...->MOVING_TO_TARGET (Moving to BlockPos{x=-78, y=84, z=-99})
...->AIMING (Reached destination)
...->MOVING_TO_TARGET (Moving to BlockPos{x=-76, y=84, z=-98})
...->AIMING (Aiming at (-75.5, 84.5, -98.5))
...->MOVING_TO_TARGET (Moving to BlockPos{x=-76, y=84, z=-101})
...->AIMING (Aiming at (-74.5, 84.5, -101.5))
...->MOVING_TO_TARGET (Moving to BlockPos{x=-75, y=84, z=-98})
...->AIMING (Reached destination)
...->MOVING_TO_TARGET (Moving to BlockPos{x=-75, y=84, z=-96})
...->AIMING (Reached destination)
============================
[12:33:43.576] [DEBUG] [PATHFINDER] Blocked at: BlockPos{x=-76, y=85, z=-98} | Feet: Air | FloorSolid: false
[12:33:43.576] [DEBUG] [PATHFINDER] Blocked at: BlockPos{x=-76, y=85, z=-96} | Feet: Air | FloorSolid: false
[12:33:43.576] [DEBUG] [PATHFINDER] Blocked at: BlockPos{x=-75, y=85, z=-97} | Feet: Air | FloorSolid: false
[12:33:43.576] [DEBUG] [PATHFINDER] Blocked at: BlockPos{x=-77, y=85, z=-97} | Feet: Air | FloorSolid: false
[12:33:43.576] [DEBUG] [PATHFINDER] Blocked at: BlockPos{x=-76, y=83, z=-98} | Feet: Black Concrete | FloorSolid: true
[12:33:43.577] [DEBUG] [PATHFINDER] Blocked at: BlockPos{x=-76, y=83, z=-96} | Feet: White Concrete | FloorSolid: true
[12:33:43.577] [DEBUG] [PATHFINDER] Blocked at: BlockPos{x=-75, y=83, z=-97} | Feet: Black Concrete | FloorSolid: true
[12:33:43.577] [DEBUG] [PATHFINDER] Blocked at: BlockPos{x=-77, y=83, z=-97} | Feet: White Concrete | FloorSolid: true
[12:33:43.577] [DEBUG] [PATHFINDER] Blocked at: BlockPos{x=-76, y=85, z=-97} | Feet: Air | FloorSolid: false
[12:33:43.577] [DEBUG] [PATHFINDER] Blocked at: BlockPos{x=-76, y=85, z=-95} | Feet: Air | FloorSolid: false
[12:33:43.577] [DEBUG] [PATHFINDER] Blocked at: BlockPos{x=-75, y=85, z=-96} | Feet: Air | FloorSolid: false
[12:33:43.577] [DEBUG] [PATHFINDER] Blocked at: BlockPos{x=-77, y=85, z=-96} | Feet: Air | FloorSolid: false
[12:33:43.577] [DEBUG] [PATHFINDER] Blocked at: BlockPos{x=-76, y=83, z=-97} | Feet: White Concrete | FloorSolid: true
[12:33:43.578] [DEBUG] [PATHFINDER] Blocked at: BlockPos{x=-76, y=83, z=-95} | Feet: White Concrete | FloorSolid: true
[12:33:43.578] [DEBUG] [PATHFINDER] Blocked at: BlockPos{x=-75, y=83, z=-96} | Feet: Black Concrete | FloorSolid: true
[12:33:43.578] [DEBUG] [PATHFINDER] Blocked at: BlockPos{x=-77, y=83, z=-96} | Feet: White Concrete | FloorSolid: true
[12:33:44.176] [DEBUG] [PATHFINDER] Blocked at: BlockPos{x=-76, y=85, z=-96} | Feet: Air | FloorSolid: false
[12:33:44.176] [DEBUG] [PATHFINDER] Blocked at: BlockPos{x=-76, y=85, z=-94} | Feet: Air | FloorSolid: false
[12:33:44.176] [DEBUG] [PATHFINDER] Blocked at: BlockPos{x=-75, y=85, z=-95} | Feet: Air | FloorSolid: false
[12:33:44.177] [DEBUG] [PATHFINDER] Blocked at: BlockPos{x=-77, y=85, z=-95} | Feet: Air | FloorSolid: false
[12:33:44.177] [DEBUG] [PATHFINDER] Blocked at: BlockPos{x=-76, y=83, z=-96} | Feet: White Concrete | FloorSolid: true
[12:33:44.177] [DEBUG] [PATHFINDER] Blocked at: BlockPos{x=-76, y=83, z=-94} | Feet: White Concrete | FloorSolid: true
[12:33:44.177] [DEBUG] [PATHFINDER] Blocked at: BlockPos{x=-75, y=83, z=-95} | Feet: Black Concrete | FloorSolid: true
[12:33:44.177] [DEBUG] [PATHFINDER] Blocked at: BlockPos{x=-77, y=83, z=-95} | Feet: White Concrete | FloorSolid: true
[12:33:44.178] [DEBUG] [PATHFINDER] Blocked at: BlockPos{x=-77, y=85, z=-96} | Feet: Air | FloorSolid: false
[12:33:44.178] [DEBUG] [PATHFINDER] Blocked at: BlockPos{x=-77, y=85, z=-94} | Feet: Air | FloorSolid: false
[12:33:44.178] [DEBUG] [PATHFINDER] Blocked at: BlockPos{x=-76, y=85, z=-95} | Feet: Air | FloorSolid: false
[12:33:44.178] [DEBUG] [PATHFINDER] Blocked at: BlockPos{x=-78, y=85, z=-95} | Feet: Air | FloorSolid: false
[12:33:44.178] [DEBUG] [PATHFINDER] Blocked at: BlockPos{x=-77, y=83, z=-96} | Feet: White Concrete | FloorSolid: true
[12:33:44.178] [DEBUG] [PATHFINDER] Blocked at: BlockPos{x=-77, y=83, z=-94} | Feet: White Concrete | FloorSolid: true
[12:33:44.178] [DEBUG] [PATHFINDER] Blocked at: BlockPos{x=-76, y=83, z=-95} | Feet: White Concrete | FloorSolid: true
[12:33:44.179] [DEBUG] [PATHFINDER] Blocked at: BlockPos{x=-78, y=83, z=-95} | Feet: White Concrete | FloorSolid: true
[12:33:44.179] [DEBUG] [PATHFINDER] Blocked at: BlockPos{x=-77, y=85, z=-95} | Feet: Air | FloorSolid: false
[12:33:44.179] [DEBUG] [PATHFINDER] Blocked at: BlockPos{x=-77, y=85, z=-93} | Feet: Air | FloorSolid: false
[12:33:44.179] [DEBUG] [PATHFINDER] Blocked at: BlockPos{x=-76, y=85, z=-94} | Feet: Air | FloorSolid: false
[12:33:44.179] [DEBUG] [PATHFINDER] Blocked at: BlockPos{x=-78, y=85, z=-94} | Feet: Air | FloorSolid: false
[12:33:44.179] [DEBUG] [PATHFINDER] Blocked at: BlockPos{x=-77, y=83, z=-95} | Feet: White Concrete | FloorSolid: true
[12:33:44.179] [DEBUG] [PATHFINDER] Blocked at: BlockPos{x=-77, y=83, z=-93} | Feet: Black Concrete | FloorSolid: true
[12:33:44.180] [DEBUG] [PATHFINDER] Blocked at: BlockPos{x=-76, y=83, z=-94} | Feet: White Concrete | FloorSolid: true
[12:33:44.180] [DEBUG] [PATHFINDER] Blocked at: BlockPos{x=-78, y=83, z=-94} | Feet: White Concrete | FloorSolid: true
[12:33:44.329] [INFO] [DEBUG] 
===== MOBILEMINER DIAGNOSTIC =====
BOT
- State: MOVING_TO_TARGET (Moving to BlockPos{x=-79, y=84, z=-93})
- Active Task: ShadowBotTask
TASK
- Pool Size: 2
- Last Completed: DiagnosticTestTask
- Last Failed: AimingTask (Aiming timed out)
PLAYER
- Pos: (-75.5585055823047, 84.0, -94.2710980680872)
PERCEPTION
- Target: null
- Failures: 0
ENGINE
- Last Tick: 38µs
RECENT STATE TRANSITIONS
...->AIMING (Aiming at (-75.5, 84.5, -98.5))
...->MOVING_TO_TARGET (Moving to BlockPos{x=-76, y=84, z=-101})
...->AIMING (Aiming at (-74.5, 84.5, -101.5))
...->MOVING_TO_TARGET (Moving to BlockPos{x=-75, y=84, z=-98})
...->AIMING (Reached destination)
...->MOVING_TO_TARGET (Moving to BlockPos{x=-75, y=84, z=-96})
...->AIMING (Reached destination)
...->MOVING_TO_TARGET (Moving to BlockPos{x=-77, y=84, z=-94})
...->AIMING (Reached destination)
...->MOVING_TO_TARGET (Moving to BlockPos{x=-79, y=84, z=-93})
============================
[12:33:44.871] [DEBUG] [PATHFINDER] Blocked at: BlockPos{x=-78, y=85, z=-95} | Feet: Air | FloorSolid: false
[12:33:44.872] [DEBUG] [PATHFINDER] Blocked at: BlockPos{x=-78, y=85, z=-93} | Feet: Air | FloorSolid: false
[12:33:44.873] [DEBUG] [PATHFINDER] Blocked at: BlockPos{x=-77, y=85, z=-94} | Feet: Air | FloorSolid: false
[12:33:44.874] [DEBUG] [PATHFINDER] Blocked at: BlockPos{x=-79, y=85, z=-94} | Feet: Air | FloorSolid: false
[12:33:44.874] [DEBUG] [PATHFINDER] Blocked at: BlockPos{x=-78, y=83, z=-95} | Feet: White Concrete | FloorSolid: true
[12:33:44.874] [DEBUG] [PATHFINDER] Blocked at: BlockPos{x=-78, y=83, z=-93} | Feet: Black Concrete | FloorSolid: true
[12:33:44.874] [DEBUG] [PATHFINDER] Blocked at: BlockPos{x=-77, y=83, z=-94} | Feet: White Concrete | FloorSolid: true
[12:33:44.874] [DEBUG] [PATHFINDER] Blocked at: BlockPos{x=-79, y=83, z=-94} | Feet: White Concrete | FloorSolid: true
[12:33:44.875] [DEBUG] [PATHFINDER] Blocked at: BlockPos{x=-79, y=85, z=-95} | Feet: Air | FloorSolid: false
[12:33:44.875] [DEBUG] [PATHFINDER] Blocked at: BlockPos{x=-79, y=85, z=-93} | Feet: Air | FloorSolid: false
[12:33:44.875] [DEBUG] [PATHFINDER] Blocked at: BlockPos{x=-78, y=85, z=-94} | Feet: Air | FloorSolid: false
[12:33:44.875] [DEBUG] [PATHFINDER] Blocked at: BlockPos{x=-80, y=85, z=-94} | Feet: Air | FloorSolid: false
[12:33:44.875] [DEBUG] [PATHFINDER] Blocked at: BlockPos{x=-79, y=83, z=-95} | Feet: White Concrete | FloorSolid: true
[12:33:44.876] [DEBUG] [PATHFINDER] Blocked at: BlockPos{x=-79, y=83, z=-93} | Feet: Black Concrete | FloorSolid: true
[12:33:44.876] [DEBUG] [PATHFINDER] Blocked at: BlockPos{x=-78, y=83, z=-94} | Feet: White Concrete | FloorSolid: true
[12:33:44.876] [DEBUG] [PATHFINDER] Blocked at: BlockPos{x=-80, y=83, z=-94} | Feet: Black Concrete | FloorSolid: true
[12:33:45.318] [INFO] [DEBUG] 
===== MOBILEMINER DIAGNOSTIC =====
BOT
- State: MOVING_TO_TARGET (Moving to BlockPos{x=-81, y=84, z=-93})
- Active Task: ShadowBotTask
TASK
- Pool Size: 2
- Last Completed: DiagnosticTestTask
- Last Failed: AimingTask (Aiming timed out)
PLAYER
- Pos: (-78.92127234858988, 84.0, -93.4809360235675)
PERCEPTION
- Target: null
- Failures: 0
ENGINE
- Last Tick: 42µs
RECENT STATE TRANSITIONS
...->AIMING (Aiming at (-74.5, 84.5, -101.5))
...->MOVING_TO_TARGET (Moving to BlockPos{x=-75, y=84, z=-98})
...->AIMING (Reached destination)
...->MOVING_TO_TARGET (Moving to BlockPos{x=-75, y=84, z=-96})
...->AIMING (Reached destination)
...->MOVING_TO_TARGET (Moving to BlockPos{x=-77, y=84, z=-94})
...->AIMING (Reached destination)
...->MOVING_TO_TARGET (Moving to BlockPos{x=-79, y=84, z=-93})
...->AIMING (Reached destination)
...->MOVING_TO_TARGET (Moving to BlockPos{x=-81, y=84, z=-93})
============================
[12:33:45.467] [DEBUG] [PATHFINDER] Blocked at: BlockPos{x=-80, y=85, z=-95} | Feet: Air | FloorSolid: false
[12:33:45.468] [DEBUG] [PATHFINDER] Blocked at: BlockPos{x=-80, y=85, z=-93} | Feet: Air | FloorSolid: false
[12:33:45.468] [DEBUG] [PATHFINDER] Blocked at: BlockPos{x=-79, y=85, z=-94} | Feet: Air | FloorSolid: false
[12:33:45.468] [DEBUG] [PATHFINDER] Blocked at: BlockPos{x=-81, y=85, z=-94} | Feet: Air | FloorSolid: false
[12:33:45.468] [DEBUG] [PATHFINDER] Blocked at: BlockPos{x=-80, y=83, z=-95} | Feet: Black Concrete | FloorSolid: true
[12:33:45.468] [DEBUG] [PATHFINDER] Blocked at: BlockPos{x=-80, y=83, z=-93} | Feet: Black Concrete | FloorSolid: true
[12:33:45.468] [DEBUG] [PATHFINDER] Blocked at: BlockPos{x=-79, y=83, z=-94} | Feet: White Concrete | FloorSolid: true
[12:33:45.469] [DEBUG] [PATHFINDER] Blocked at: BlockPos{x=-81, y=83, z=-94} | Feet: White Concrete | FloorSolid: true
[12:33:45.469] [DEBUG] [PATHFINDER] Blocked at: BlockPos{x=-81, y=85, z=-95} | Feet: Air | FloorSolid: false
[12:33:45.469] [DEBUG] [PATHFINDER] Blocked at: BlockPos{x=-81, y=85, z=-93} | Feet: Air | FloorSolid: false
[12:33:45.469] [DEBUG] [PATHFINDER] Blocked at: BlockPos{x=-80, y=85, z=-94} | Feet: Air | FloorSolid: false
[12:33:45.470] [DEBUG] [PATHFINDER] Blocked at: BlockPos{x=-82, y=85, z=-94} | Feet: Air | FloorSolid: false
[12:33:45.470] [DEBUG] [PATHFINDER] Blocked at: BlockPos{x=-81, y=83, z=-95} | Feet: White Concrete | FloorSolid: true
[12:33:45.470] [DEBUG] [PATHFINDER] Blocked at: BlockPos{x=-81, y=83, z=-93} | Feet: Black Concrete | FloorSolid: true
[12:33:45.470] [DEBUG] [PATHFINDER] Blocked at: BlockPos{x=-80, y=83, z=-94} | Feet: Black Concrete | FloorSolid: true
[12:33:45.470] [DEBUG] [PATHFINDER] Blocked at: BlockPos{x=-82, y=83, z=-94} | Feet: White Concrete | FloorSolid: true
[12:33:46.225] [DEBUG] [PATHFINDER] Blocked at: BlockPos{x=-81, y=85, z=-95} | Feet: Air | FloorSolid: false
[12:33:46.226] [DEBUG] [PATHFINDER] Blocked at: BlockPos{x=-81, y=85, z=-93} | Feet: Air | FloorSolid: false
[12:33:46.226] [DEBUG] [PATHFINDER] Blocked at: BlockPos{x=-80, y=85, z=-94} | Feet: Air | FloorSolid: false
[12:33:46.226] [DEBUG] [PATHFINDER] Blocked at: BlockPos{x=-82, y=85, z=-94} | Feet: Air | FloorSolid: false
[12:33:46.227] [DEBUG] [PATHFINDER] Blocked at: BlockPos{x=-81, y=83, z=-95} | Feet: White Concrete | FloorSolid: true
[12:33:46.227] [DEBUG] [PATHFINDER] Blocked at: BlockPos{x=-81, y=83, z=-93} | Feet: Black Concrete | FloorSolid: true
[12:33:46.227] [DEBUG] [PATHFINDER] Blocked at: BlockPos{x=-80, y=83, z=-94} | Feet: Black Concrete | FloorSolid: true
[12:33:46.227] [DEBUG] [PATHFINDER] Blocked at: BlockPos{x=-82, y=83, z=-94} | Feet: White Concrete | FloorSolid: true
[12:33:46.227] [DEBUG] [PATHFINDER] Blocked at: BlockPos{x=-82, y=85, z=-95} | Feet: Air | FloorSolid: false
[12:33:46.228] [DEBUG] [PATHFINDER] Blocked at: BlockPos{x=-82, y=85, z=-93} | Feet: Air | FloorSolid: false
[12:33:46.228] [DEBUG] [PATHFINDER] Blocked at: BlockPos{x=-81, y=85, z=-94} | Feet: Air | FloorSolid: false
[12:33:46.228] [DEBUG] [PATHFINDER] Blocked at: BlockPos{x=-83, y=85, z=-94} | Feet: Air | FloorSolid: false
[12:33:46.228] [DEBUG] [PATHFINDER] Blocked at: BlockPos{x=-82, y=83, z=-95} | Feet: White Concrete | FloorSolid: true
[12:33:46.228] [DEBUG] [PATHFINDER] Blocked at: BlockPos{x=-82, y=83, z=-93} | Feet: Black Concrete | FloorSolid: true
[12:33:46.228] [DEBUG] [PATHFINDER] Blocked at: BlockPos{x=-81, y=83, z=-94} | Feet: White Concrete | FloorSolid: true
[12:33:46.228] [DEBUG] [PATHFINDER] Blocked at: BlockPos{x=-83, y=83, z=-94} | Feet: White Concrete | FloorSolid: true
[12:33:46.320] [INFO] [DEBUG] 
===== MOBILEMINER DIAGNOSTIC =====
BOT
- State: MOVING_TO_TARGET (Moving to BlockPos{x=-84, y=84, z=-95})
- Active Task: ShadowBotTask
TASK
- Pool Size: 2
- Last Completed: DiagnosticTestTask
- Last Failed: AimingTask (Aiming timed out)
PLAYER
- Pos: (-80.68173446402993, 84.0, -93.50234802560506)
PERCEPTION
- Target: null
- Failures: 0
ENGINE
- Last Tick: 31µs
RECENT STATE TRANSITIONS
...->AIMING (Reached destination)
...->MOVING_TO_TARGET (Moving to BlockPos{x=-77, y=84, z=-94})
...->AIMING (Reached destination)
...->MOVING_TO_TARGET (Moving to BlockPos{x=-79, y=84, z=-93})
...->AIMING (Reached destination)
...->MOVING_TO_TARGET (Moving to BlockPos{x=-81, y=84, z=-93})
...->AIMING (Reached destination)
...->MOVING_TO_TARGET (Moving to BlockPos{x=-83, y=84, z=-93})
...->AIMING (Aiming at (-83.5, 84.5, -93.5))
...->MOVING_TO_TARGET (Moving to BlockPos{x=-84, y=84, z=-95})
============================
[12:33:46.826] [DEBUG] [PATHFINDER] Blocked at: BlockPos{x=-83, y=85, z=-95} | Feet: Air | FloorSolid: false
[12:33:46.826] [DEBUG] [PATHFINDER] Blocked at: BlockPos{x=-83, y=85, z=-93} | Feet: Air | FloorSolid: false
[12:33:46.827] [DEBUG] [PATHFINDER] Blocked at: BlockPos{x=-82, y=85, z=-94} | Feet: Air | FloorSolid: false
[12:33:46.827] [DEBUG] [PATHFINDER] Blocked at: BlockPos{x=-84, y=85, z=-94} | Feet: Air | FloorSolid: false
[12:33:46.827] [DEBUG] [PATHFINDER] Blocked at: BlockPos{x=-83, y=83, z=-95} | Feet: White Concrete | FloorSolid: true
[12:33:46.827] [DEBUG] [PATHFINDER] Blocked at: BlockPos{x=-83, y=83, z=-93} | Feet: Black Concrete | FloorSolid: true
[12:33:46.827] [DEBUG] [PATHFINDER] Blocked at: BlockPos{x=-82, y=83, z=-94} | Feet: White Concrete | FloorSolid: true
[12:33:46.828] [DEBUG] [PATHFINDER] Blocked at: BlockPos{x=-84, y=83, z=-94} | Feet: White Concrete | FloorSolid: true
[12:33:46.828] [DEBUG] [PATHFINDER] Blocked at: BlockPos{x=-83, y=85, z=-96} | Feet: Air | FloorSolid: false
[12:33:46.828] [DEBUG] [PATHFINDER] Blocked at: BlockPos{x=-83, y=85, z=-94} | Feet: Air | FloorSolid: false
[12:33:46.828] [DEBUG] [PATHFINDER] Blocked at: BlockPos{x=-82, y=85, z=-95} | Feet: Air | FloorSolid: false
[12:33:46.828] [DEBUG] [PATHFINDER] Blocked at: BlockPos{x=-84, y=85, z=-95} | Feet: Air | FloorSolid: false
[12:33:46.828] [DEBUG] [PATHFINDER] Blocked at: BlockPos{x=-83, y=83, z=-96} | Feet: White Concrete | FloorSolid: true
[12:33:46.829] [DEBUG] [PATHFINDER] Blocked at: BlockPos{x=-83, y=83, z=-94} | Feet: White Concrete | FloorSolid: true
[12:33:46.829] [DEBUG] [PATHFINDER] Blocked at: BlockPos{x=-82, y=83, z=-95} | Feet: White Concrete | FloorSolid: true
[12:33:46.829] [DEBUG] [PATHFINDER] Blocked at: BlockPos{x=-84, y=83, z=-95} | Feet: White Concrete | FloorSolid: true
[12:33:46.830] [DEBUG] [PATHFINDER] Blocked at: BlockPos{x=-83, y=85, z=-97} | Feet: Air | FloorSolid: false
[12:33:46.830] [DEBUG] [PATHFINDER] Blocked at: BlockPos{x=-83, y=85, z=-95} | Feet: Air | FloorSolid: false
[12:33:46.830] [DEBUG] [PATHFINDER] Blocked at: BlockPos{x=-82, y=85, z=-96} | Feet: Air | FloorSolid: false
[12:33:46.830] [DEBUG] [PATHFINDER] Blocked at: BlockPos{x=-84, y=85, z=-96} | Feet: Air | FloorSolid: false
[12:33:46.831] [DEBUG] [PATHFINDER] Blocked at: BlockPos{x=-83, y=83, z=-97} | Feet: White Concrete | FloorSolid: true
[12:33:46.831] [DEBUG] [PATHFINDER] Blocked at: BlockPos{x=-83, y=83, z=-95} | Feet: White Concrete | FloorSolid: true
[12:33:46.832] [DEBUG] [PATHFINDER] Blocked at: BlockPos{x=-82, y=83, z=-96} | Feet: White Concrete | FloorSolid: true
[12:33:46.832] [DEBUG] [PATHFINDER] Blocked at: BlockPos{x=-84, y=83, z=-96} | Feet: White Concrete | FloorSolid: true
[12:33:47.321] [INFO] [DEBUG] 
===== MOBILEMINER DIAGNOSTIC =====
BOT
- State: MOVING_TO_TARGET (Moving to BlockPos{x=-85, y=84, z=-97})
- Active Task: ShadowBotTask
TASK
- Pool Size: 2
- Last Completed: DiagnosticTestTask
- Last Failed: AimingTask (Aiming timed out)
PLAYER
- Pos: (-83.2512203520777, 84.0, -94.7878212729478)
PERCEPTION
- Target: null
- Failures: 0
ENGINE
- Last Tick: 28µs
RECENT STATE TRANSITIONS
...->AIMING (Reached destination)
...->MOVING_TO_TARGET (Moving to BlockPos{x=-79, y=84, z=-93})
...->AIMING (Reached destination)
...->MOVING_TO_TARGET (Moving to BlockPos{x=-81, y=84, z=-93})
...->AIMING (Reached destination)
...->MOVING_TO_TARGET (Moving to BlockPos{x=-83, y=84, z=-93})
...->AIMING (Aiming at (-83.5, 84.5, -93.5))
...->MOVING_TO_TARGET (Moving to BlockPos{x=-84, y=84, z=-95})
...->AIMING (Reached destination)
...->MOVING_TO_TARGET (Moving to BlockPos{x=-85, y=84, z=-97})
============================
[12:33:47.520] [DEBUG] [PATHFINDER] Blocked at: BlockPos{x=-84, y=85, z=-97} | Feet: Air | FloorSolid: false
[12:33:47.522] [DEBUG] [PATHFINDER] Blocked at: BlockPos{x=-84, y=85, z=-95} | Feet: Air | FloorSolid: false
[12:33:47.522] [DEBUG] [PATHFINDER] Blocked at: BlockPos{x=-83, y=85, z=-96} | Feet: Air | FloorSolid: false
[12:33:47.522] [DEBUG] [PATHFINDER] Blocked at: BlockPos{x=-85, y=85, z=-96} | Feet: Air | FloorSolid: false
[12:33:47.523] [DEBUG] [PATHFINDER] Blocked at: BlockPos{x=-84, y=83, z=-97} | Feet: White Concrete | FloorSolid: true
[12:33:47.523] [DEBUG] [PATHFINDER] Blocked at: BlockPos{x=-84, y=83, z=-95} | Feet: White Concrete | FloorSolid: true
[12:33:47.523] [DEBUG] [PATHFINDER] Blocked at: BlockPos{x=-83, y=83, z=-96} | Feet: White Concrete | FloorSolid: true
[12:33:47.523] [DEBUG] [PATHFINDER] Blocked at: BlockPos{x=-85, y=83, z=-96} | Feet: Black Concrete | FloorSolid: true
[12:33:47.523] [DEBUG] [PATHFINDER] Blocked at: BlockPos{x=-84, y=85, z=-98} | Feet: Air | FloorSolid: false
[12:33:47.523] [DEBUG] [PATHFINDER] Blocked at: BlockPos{x=-84, y=85, z=-96} | Feet: Air | FloorSolid: false
[12:33:47.524] [DEBUG] [PATHFINDER] Blocked at: BlockPos{x=-83, y=85, z=-97} | Feet: Air | FloorSolid: false
[12:33:47.524] [DEBUG] [PATHFINDER] Blocked at: BlockPos{x=-85, y=85, z=-97} | Feet: Air | FloorSolid: false
[12:33:47.524] [DEBUG] [PATHFINDER] Blocked at: BlockPos{x=-84, y=83, z=-98} | Feet: Black Concrete | FloorSolid: true
[12:33:47.524] [DEBUG] [PATHFINDER] Blocked at: BlockPos{x=-84, y=83, z=-96} | Feet: White Concrete | FloorSolid: true
[12:33:47.524] [DEBUG] [PATHFINDER] Blocked at: BlockPos{x=-83, y=83, z=-97} | Feet: White Concrete | FloorSolid: true
[12:33:47.524] [DEBUG] [PATHFINDER] Blocked at: BlockPos{x=-85, y=83, z=-97} | Feet: Black Concrete | FloorSolid: true
[12:33:48.124] [DEBUG] [PATHFINDER] Blocked at: BlockPos{x=-84, y=85, z=-99} | Feet: Air | FloorSolid: false
[12:33:48.124] [DEBUG] [PATHFINDER] Blocked at: BlockPos{x=-84, y=85, z=-97} | Feet: Air | FloorSolid: false
[12:33:48.125] [DEBUG] [PATHFINDER] Blocked at: BlockPos{x=-83, y=85, z=-98} | Feet: Air | FloorSolid: false
[12:33:48.125] [DEBUG] [PATHFINDER] Blocked at: BlockPos{x=-85, y=85, z=-98} | Feet: Air | FloorSolid: false
[12:33:48.125] [DEBUG] [PATHFINDER] Blocked at: BlockPos{x=-84, y=83, z=-99} | Feet: White Concrete | FloorSolid: true
[12:33:48.125] [DEBUG] [PATHFINDER] Blocked at: BlockPos{x=-84, y=83, z=-97} | Feet: White Concrete | FloorSolid: true
[12:33:48.125] [DEBUG] [PATHFINDER] Blocked at: BlockPos{x=-83, y=83, z=-98} | Feet: Black Concrete | FloorSolid: true
[12:33:48.125] [DEBUG] [PATHFINDER] Blocked at: BlockPos{x=-85, y=83, z=-98} | Feet: Black Concrete | FloorSolid: true
[12:33:48.125] [DEBUG] [PATHFINDER] Blocked at: BlockPos{x=-84, y=85, z=-100} | Feet: Air | FloorSolid: false
[12:33:48.125] [DEBUG] [PATHFINDER] Blocked at: BlockPos{x=-84, y=85, z=-98} | Feet: Air | FloorSolid: false
[12:33:48.125] [DEBUG] [PATHFINDER] Blocked at: BlockPos{x=-83, y=85, z=-99} | Feet: Air | FloorSolid: false
[12:33:48.126] [DEBUG] [PATHFINDER] Blocked at: BlockPos{x=-85, y=85, z=-99} | Feet: Air | FloorSolid: false
[12:33:48.126] [DEBUG] [PATHFINDER] Blocked at: BlockPos{x=-84, y=83, z=-100} | Feet: White Concrete | FloorSolid: true
[12:33:48.126] [DEBUG] [PATHFINDER] Blocked at: BlockPos{x=-84, y=83, z=-98} | Feet: Black Concrete | FloorSolid: true
[12:33:48.126] [DEBUG] [PATHFINDER] Blocked at: BlockPos{x=-83, y=83, z=-99} | Feet: White Concrete | FloorSolid: true
[12:33:48.126] [DEBUG] [PATHFINDER] Blocked at: BlockPos{x=-85, y=83, z=-99} | Feet: Black Concrete | FloorSolid: true
[12:33:48.327] [INFO] [DEBUG] 
===== MOBILEMINER DIAGNOSTIC =====
BOT
- State: MOVING_TO_TARGET (Moving to BlockPos{x=-85, y=84, z=-101})
- Active Task: ShadowBotTask
TASK
- Pool Size: 2
- Last Completed: DiagnosticTestTask
- Last Failed: AimingTask (Aiming timed out)
PLAYER
- Pos: (-83.49805576876004, 84.0, -97.82017832601235)
PERCEPTION
- Target: null
- Failures: 0
ENGINE
- Last Tick: 23µs
RECENT STATE TRANSITIONS
...->AIMING (Reached destination)
...->MOVING_TO_TARGET (Moving to BlockPos{x=-83, y=84, z=-93})
...->AIMING (Aiming at (-83.5, 84.5, -93.5))
...->MOVING_TO_TARGET (Moving to BlockPos{x=-84, y=84, z=-95})
...->AIMING (Reached destination)
...->MOVING_TO_TARGET (Moving to BlockPos{x=-85, y=84, z=-97})
...->AIMING (Reached destination)
...->MOVING_TO_TARGET (Moving to BlockPos{x=-85, y=84, z=-99})
...->AIMING (Reached destination)
...->MOVING_TO_TARGET (Moving to BlockPos{x=-85, y=84, z=-101})
============================
[12:33:49.021] [DEBUG] [PATHFINDER] Blocked at: BlockPos{x=-84, y=85, z=-100} | Feet: Air | FloorSolid: false
[12:33:49.022] [DEBUG] [PATHFINDER] Blocked at: BlockPos{x=-84, y=85, z=-98} | Feet: Air | FloorSolid: false
[12:33:49.022] [DEBUG] [PATHFINDER] Blocked at: BlockPos{x=-83, y=85, z=-99} | Feet: Air | FloorSolid: false
[12:33:49.022] [DEBUG] [PATHFINDER] Blocked at: BlockPos{x=-85, y=85, z=-99} | Feet: Air | FloorSolid: false
[12:33:49.022] [DEBUG] [PATHFINDER] Blocked at: BlockPos{x=-84, y=83, z=-100} | Feet: White Concrete | FloorSolid: true
[12:33:49.022] [DEBUG] [PATHFINDER] Blocked at: BlockPos{x=-84, y=83, z=-98} | Feet: Black Concrete | FloorSolid: true
[12:33:49.022] [DEBUG] [PATHFINDER] Blocked at: BlockPos{x=-83, y=83, z=-99} | Feet: White Concrete | FloorSolid: true
[12:33:49.023] [DEBUG] [PATHFINDER] Blocked at: BlockPos{x=-85, y=83, z=-99} | Feet: Black Concrete | FloorSolid: true
[12:33:49.023] [DEBUG] [PATHFINDER] Blocked at: BlockPos{x=-84, y=85, z=-101} | Feet: Air | FloorSolid: false
[12:33:49.023] [DEBUG] [PATHFINDER] Blocked at: BlockPos{x=-84, y=85, z=-99} | Feet: Air | FloorSolid: false
[12:33:49.023] [DEBUG] [PATHFINDER] Blocked at: BlockPos{x=-83, y=85, z=-100} | Feet: Air | FloorSolid: false
[12:33:49.023] [DEBUG] [PATHFINDER] Blocked at: BlockPos{x=-85, y=85, z=-100} | Feet: Air | FloorSolid: false
[12:33:49.023] [DEBUG] [PATHFINDER] Blocked at: BlockPos{x=-84, y=83, z=-101} | Feet: White Concrete | FloorSolid: true
[12:33:49.024] [DEBUG] [PATHFINDER] Blocked at: BlockPos{x=-84, y=83, z=-99} | Feet: White Concrete | FloorSolid: true
[12:33:49.024] [DEBUG] [PATHFINDER] Blocked at: BlockPos{x=-83, y=83, z=-100} | Feet: White Concrete | FloorSolid: true
[12:33:49.024] [DEBUG] [PATHFINDER] Blocked at: BlockPos{x=-85, y=83, z=-100} | Feet: Black Concrete | FloorSolid: true
[12:33:49.324] [INFO] [DEBUG] 
===== MOBILEMINER DIAGNOSTIC =====
BOT
- State: MOVING_TO_TARGET (Moving to BlockPos{x=-83, y=84, z=-102})
- Active Task: ShadowBotTask
TASK
- Pool Size: 2
- Last Completed: DiagnosticTestTask
- Last Failed: AimingTask (Aiming timed out)
PLAYER
- Pos: (-83.49971524243853, 84.0, -99.50160217780672)
PERCEPTION
- Target: null
- Failures: 0
ENGINE
- Last Tick: 29µs
RECENT STATE TRANSITIONS
...->AIMING (Aiming at (-83.5, 84.5, -93.5))
...->MOVING_TO_TARGET (Moving to BlockPos{x=-84, y=84, z=-95})
...->AIMING (Reached destination)
...->MOVING_TO_TARGET (Moving to BlockPos{x=-85, y=84, z=-97})
...->AIMING (Reached destination)
...->MOVING_TO_TARGET (Moving to BlockPos{x=-85, y=84, z=-99})
...->AIMING (Reached destination)
...->MOVING_TO_TARGET (Moving to BlockPos{x=-85, y=84, z=-101})
...->AIMING (Aiming at (-83.5, 84.5, -101.5))
...->MOVING_TO_TARGET (Moving to BlockPos{x=-83, y=84, z=-102})
============================
[12:33:49.567] [DEBUG] [PATHFINDER] Blocked at: BlockPos{x=-84, y=85, z=-102} | Feet: Air | FloorSolid: false
[12:33:49.568] [DEBUG] [PATHFINDER] Blocked at: BlockPos{x=-84, y=85, z=-100} | Feet: Air | FloorSolid: false
[12:33:49.568] [DEBUG] [PATHFINDER] Blocked at: BlockPos{x=-83, y=85, z=-101} | Feet: Air | FloorSolid: false
[12:33:49.568] [DEBUG] [PATHFINDER] Blocked at: BlockPos{x=-85, y=85, z=-101} | Feet: Air | FloorSolid: false
[12:33:49.569] [DEBUG] [PATHFINDER] Blocked at: BlockPos{x=-84, y=83, z=-102} | Feet: White Concrete | FloorSolid: true
[12:33:49.569] [DEBUG] [PATHFINDER] Blocked at: BlockPos{x=-84, y=83, z=-100} | Feet: White Concrete | FloorSolid: true
[12:33:49.569] [DEBUG] [PATHFINDER] Blocked at: BlockPos{x=-83, y=83, z=-101} | Feet: White Concrete | FloorSolid: true
[12:33:49.569] [DEBUG] [PATHFINDER] Blocked at: BlockPos{x=-85, y=83, z=-101} | Feet: Black Concrete | FloorSolid: true
[12:33:49.569] [DEBUG] [PATHFINDER] Blocked at: BlockPos{x=-83, y=85, z=-102} | Feet: Air | FloorSolid: false
[12:33:49.570] [DEBUG] [PATHFINDER] Blocked at: BlockPos{x=-83, y=85, z=-100} | Feet: Air | FloorSolid: false
[12:33:49.570] [DEBUG] [PATHFINDER] Blocked at: BlockPos{x=-82, y=85, z=-101} | Feet: Air | FloorSolid: false
[12:33:49.570] [DEBUG] [PATHFINDER] Blocked at: BlockPos{x=-84, y=85, z=-101} | Feet: Air | FloorSolid: false
[12:33:49.570] [DEBUG] [PATHFINDER] Blocked at: BlockPos{x=-83, y=83, z=-102} | Feet: White Concrete | FloorSolid: true
[12:33:49.570] [DEBUG] [PATHFINDER] Blocked at: BlockPos{x=-83, y=83, z=-100} | Feet: White Concrete | FloorSolid: true
[12:33:49.570] [DEBUG] [PATHFINDER] Blocked at: BlockPos{x=-82, y=83, z=-101} | Feet: White Concrete | FloorSolid: true
[12:33:49.571] [DEBUG] [PATHFINDER] Blocked at: BlockPos{x=-84, y=83, z=-101} | Feet: White Concrete | FloorSolid: true
[12:33:49.571] [DEBUG] [PATHFINDER] Blocked at: BlockPos{x=-83, y=85, z=-103} | Feet: Air | FloorSolid: false
[12:33:49.571] [DEBUG] [PATHFINDER] Blocked at: BlockPos{x=-83, y=85, z=-101} | Feet: Air | FloorSolid: false
[12:33:49.571] [DEBUG] [PATHFINDER] Blocked at: BlockPos{x=-82, y=85, z=-102} | Feet: Air | FloorSolid: false
[12:33:49.571] [DEBUG] [PATHFINDER] Blocked at: BlockPos{x=-84, y=85, z=-102} | Feet: Air | FloorSolid: false
[12:33:49.572] [DEBUG] [PATHFINDER] Blocked at: BlockPos{x=-83, y=83, z=-103} | Feet: Black Concrete | FloorSolid: true
[12:33:49.572] [DEBUG] [PATHFINDER] Blocked at: BlockPos{x=-83, y=83, z=-101} | Feet: White Concrete | FloorSolid: true
[12:33:49.572] [DEBUG] [PATHFINDER] Blocked at: BlockPos{x=-82, y=83, z=-102} | Feet: White Concrete | FloorSolid: true
[12:33:49.572] [DEBUG] [PATHFINDER] Blocked at: BlockPos{x=-84, y=83, z=-102} | Feet: White Concrete | FloorSolid: true
[12:33:50.318] [INFO] [DEBUG] 
===== MOBILEMINER DIAGNOSTIC =====
BOT
- State: AIMING (Aiming at (-80.5, 84.5, -101.5))
- Active Task: ShadowBotTask
TASK
- Pool Size: 2
- Last Completed: DiagnosticTestTask
- Last Failed: AimingTask (Aiming timed out)
PLAYER
- Pos: (-82.98480725805999, 84.0, -100.96598131188486)
PERCEPTION
- Target: null
- Failures: 0
ENGINE
- Last Tick: 7µs
RECENT STATE TRANSITIONS
...->MOVING_TO_TARGET (Moving to BlockPos{x=-85, y=84, z=-97})
...->AIMING (Reached destination)
...->MOVING_TO_TARGET (Moving to BlockPos{x=-85, y=84, z=-99})
...->AIMING (Reached destination)
...->MOVING_TO_TARGET (Moving to BlockPos{x=-85, y=84, z=-101})
...->AIMING (Aiming at (-83.5, 84.5, -101.5))
...->MOVING_TO_TARGET (Moving to BlockPos{x=-83, y=84, z=-102})
...->AIMING (Reached destination)
...->MOVING_TO_TARGET (Moving to BlockPos{x=-81, y=84, z=-103})
...->AIMING (Aiming at (-80.5, 84.5, -101.5))
============================
[12:33:50.423] [DEBUG] [PATHFINDER] Blocked at: BlockPos{x=-83, y=85, z=-102} | Feet: Air | FloorSolid: false
[12:33:50.423] [DEBUG] [PATHFINDER] Blocked at: BlockPos{x=-83, y=85, z=-100} | Feet: Air | FloorSolid: false
[12:33:50.423] [DEBUG] [PATHFINDER] Blocked at: BlockPos{x=-82, y=85, z=-101} | Feet: Air | FloorSolid: false
[12:33:50.423] [DEBUG] [PATHFINDER] Blocked at: BlockPos{x=-84, y=85, z=-101} | Feet: Air | FloorSolid: false
[12:33:50.423] [DEBUG] [PATHFINDER] Blocked at: BlockPos{x=-83, y=83, z=-102} | Feet: White Concrete | FloorSolid: true
[12:33:50.423] [DEBUG] [PATHFINDER] Blocked at: BlockPos{x=-83, y=83, z=-100} | Feet: White Concrete | FloorSolid: true
[12:33:50.423] [DEBUG] [PATHFINDER] Blocked at: BlockPos{x=-82, y=83, z=-101} | Feet: White Concrete | FloorSolid: true
[12:33:50.423] [DEBUG] [PATHFINDER] Blocked at: BlockPos{x=-84, y=83, z=-101} | Feet: White Concrete | FloorSolid: true
[12:33:50.925] [DEBUG] [PATHFINDER] Blocked at: BlockPos{x=-82, y=85, z=-102} | Feet: Air | FloorSolid: false
[12:33:50.925] [DEBUG] [PATHFINDER] Blocked at: BlockPos{x=-82, y=85, z=-100} | Feet: Air | FloorSolid: false
[12:33:50.925] [DEBUG] [PATHFINDER] Blocked at: BlockPos{x=-81, y=85, z=-101} | Feet: Air | FloorSolid: false
[12:33:50.926] [DEBUG] [PATHFINDER] Blocked at: BlockPos{x=-83, y=85, z=-101} | Feet: Air | FloorSolid: false
[12:33:50.926] [DEBUG] [PATHFINDER] Blocked at: BlockPos{x=-82, y=83, z=-102} | Feet: White Concrete | FloorSolid: true
[12:33:50.926] [DEBUG] [PATHFINDER] Blocked at: BlockPos{x=-82, y=83, z=-100} | Feet: White Concrete | FloorSolid: true
[12:33:50.926] [DEBUG] [PATHFINDER] Blocked at: BlockPos{x=-81, y=83, z=-101} | Feet: White Concrete | FloorSolid: true
[12:33:50.926] [DEBUG] [PATHFINDER] Blocked at: BlockPos{x=-83, y=83, z=-101} | Feet: White Concrete | FloorSolid: true
[12:33:50.926] [DEBUG] [PATHFINDER] Blocked at: BlockPos{x=-82, y=85, z=-101} | Feet: Air | FloorSolid: false
[12:33:50.926] [DEBUG] [PATHFINDER] Blocked at: BlockPos{x=-82, y=85, z=-99} | Feet: Air | FloorSolid: false
[12:33:50.927] [DEBUG] [PATHFINDER] Blocked at: BlockPos{x=-81, y=85, z=-100} | Feet: Air | FloorSolid: false
[12:33:50.927] [DEBUG] [PATHFINDER] Blocked at: BlockPos{x=-83, y=85, z=-100} | Feet: Air | FloorSolid: false
[12:33:50.927] [DEBUG] [PATHFINDER] Blocked at: BlockPos{x=-82, y=83, z=-101} | Feet: White Concrete | FloorSolid: true
[12:33:50.927] [DEBUG] [PATHFINDER] Blocked at: BlockPos{x=-82, y=83, z=-99} | Feet: White Concrete | FloorSolid: true
[12:33:50.927] [DEBUG] [PATHFINDER] Blocked at: BlockPos{x=-81, y=83, z=-100} | Feet: White Concrete | FloorSolid: true
[12:33:50.927] [DEBUG] [PATHFINDER] Blocked at: BlockPos{x=-83, y=83, z=-100} | Feet: White Concrete | FloorSolid: true
[12:33:51.327] [INFO] [DEBUG] 
===== MOBILEMINER DIAGNOSTIC =====
BOT
- State: MOVING_TO_TARGET (Moving to BlockPos{x=-80, y=84, z=-99})
- Active Task: ShadowBotTask
TASK
- Pool Size: 2
- Last Completed: DiagnosticTestTask
- Last Failed: AimingTask (Aiming timed out)
PLAYER
- Pos: (-80.84296285902504, 84.0, -99.79637248683454)
PERCEPTION
- Target: null
- Failures: 0
ENGINE
- Last Tick: 11µs
RECENT STATE TRANSITIONS
...->AIMING (Reached destination)
...->MOVING_TO_TARGET (Moving to BlockPos{x=-85, y=84, z=-101})
...->AIMING (Aiming at (-83.5, 84.5, -101.5))
...->MOVING_TO_TARGET (Moving to BlockPos{x=-83, y=84, z=-102})
...->AIMING (Reached destination)
...->MOVING_TO_TARGET (Moving to BlockPos{x=-81, y=84, z=-103})
...->AIMING (Aiming at (-80.5, 84.5, -101.5))
...->MOVING_TO_TARGET (Moving to BlockPos{x=-81, y=84, z=-100})
...->AIMING (Aiming at (-79.5, 84.5, -98.5))
...->MOVING_TO_TARGET (Moving to BlockPos{x=-80, y=84, z=-99})
============================
[12:33:51.415] [DEBUG] [PATHFINDER] Blocked at: BlockPos{x=-81, y=85, z=-101} | Feet: Air | FloorSolid: false
[12:33:51.416] [DEBUG] [PATHFINDER] Blocked at: BlockPos{x=-81, y=85, z=-99} | Feet: Air | FloorSolid: false
[12:33:51.416] [DEBUG] [PATHFINDER] Blocked at: BlockPos{x=-80, y=85, z=-100} | Feet: Air | FloorSolid: false
[12:33:51.416] [DEBUG] [PATHFINDER] Blocked at: BlockPos{x=-82, y=85, z=-100} | Feet: Air | FloorSolid: false
[12:33:51.416] [DEBUG] [PATHFINDER] Blocked at: BlockPos{x=-81, y=83, z=-101} | Feet: White Concrete | FloorSolid: true
[12:33:51.416] [DEBUG] [PATHFINDER] Blocked at: BlockPos{x=-81, y=83, z=-99} | Feet: White Concrete | FloorSolid: true
[12:33:51.416] [DEBUG] [PATHFINDER] Blocked at: BlockPos{x=-80, y=83, z=-100} | Feet: Black Concrete | FloorSolid: true
[12:33:51.416] [DEBUG] [PATHFINDER] Blocked at: BlockPos{x=-82, y=83, z=-100} | Feet: White Concrete | FloorSolid: true
[12:33:51.416] [DEBUG] [PATHFINDER] Blocked at: BlockPos{x=-80, y=85, z=-101} | Feet: Air | FloorSolid: false
[12:33:51.417] [DEBUG] [PATHFINDER] Blocked at: BlockPos{x=-80, y=85, z=-99} | Feet: Air | FloorSolid: false
[12:33:51.417] [DEBUG] [PATHFINDER] Blocked at: BlockPos{x=-79, y=85, z=-100} | Feet: Air | FloorSolid: false
[12:33:51.417] [DEBUG] [PATHFINDER] Blocked at: BlockPos{x=-81, y=85, z=-100} | Feet: Air | FloorSolid: false
[12:33:51.417] [DEBUG] [PATHFINDER] Blocked at: BlockPos{x=-80, y=83, z=-101} | Feet: Black Concrete | FloorSolid: true
[12:33:51.417] [DEBUG] [PATHFINDER] Blocked at: BlockPos{x=-80, y=83, z=-99} | Feet: Black Concrete | FloorSolid: true
[12:33:51.417] [DEBUG] [PATHFINDER] Blocked at: BlockPos{x=-79, y=83, z=-100} | Feet: White Concrete | FloorSolid: true
[12:33:51.417] [DEBUG] [PATHFINDER] Blocked at: BlockPos{x=-81, y=83, z=-100} | Feet: White Concrete | FloorSolid: true
[12:33:52.065] [DEBUG] [PATHFINDER] Blocked at: BlockPos{x=-79, y=85, z=-101} | Feet: Air | FloorSolid: false
[12:33:52.066] [DEBUG] [PATHFINDER] Blocked at: BlockPos{x=-79, y=85, z=-99} | Feet: Air | FloorSolid: false
[12:33:52.066] [DEBUG] [PATHFINDER] Blocked at: BlockPos{x=-78, y=85, z=-100} | Feet: Air | FloorSolid: false
[12:33:52.066] [DEBUG] [PATHFINDER] Blocked at: BlockPos{x=-80, y=85, z=-100} | Feet: Air | FloorSolid: false
[12:33:52.066] [DEBUG] [PATHFINDER] Blocked at: BlockPos{x=-79, y=83, z=-101} | Feet: White Concrete | FloorSolid: true
[12:33:52.066] [DEBUG] [PATHFINDER] Blocked at: BlockPos{x=-79, y=83, z=-99} | Feet: White Concrete | FloorSolid: true
[12:33:52.066] [DEBUG] [PATHFINDER] Blocked at: BlockPos{x=-78, y=83, z=-100} | Feet: White Concrete | FloorSolid: true
[12:33:52.067] [DEBUG] [PATHFINDER] Blocked at: BlockPos{x=-80, y=83, z=-100} | Feet: Black Concrete | FloorSolid: true
[12:33:52.067] [DEBUG] [PATHFINDER] Blocked at: BlockPos{x=-78, y=85, z=-101} | Feet: Air | FloorSolid: false
[12:33:52.067] [DEBUG] [PATHFINDER] Blocked at: BlockPos{x=-78, y=85, z=-99} | Feet: Air | FloorSolid: false
[12:33:52.067] [DEBUG] [PATHFINDER] Blocked at: BlockPos{x=-77, y=85, z=-100} | Feet: Air | FloorSolid: false
[12:33:52.067] [DEBUG] [PATHFINDER] Blocked at: BlockPos{x=-79, y=85, z=-100} | Feet: Air | FloorSolid: false
[12:33:52.067] [DEBUG] [PATHFINDER] Blocked at: BlockPos{x=-78, y=83, z=-101} | Feet: White Concrete | FloorSolid: true
[12:33:52.067] [DEBUG] [PATHFINDER] Blocked at: BlockPos{x=-78, y=83, z=-99} | Feet: White Concrete | FloorSolid: true
[12:33:52.067] [DEBUG] [PATHFINDER] Blocked at: BlockPos{x=-77, y=83, z=-100} | Feet: White Concrete | FloorSolid: true
[12:33:52.067] [DEBUG] [PATHFINDER] Blocked at: BlockPos{x=-79, y=83, z=-100} | Feet: White Concrete | FloorSolid: true
[12:33:52.067] [DEBUG] [PATHFINDER] Blocked at: BlockPos{x=-78, y=85, z=-100} | Feet: Air | FloorSolid: false
[12:33:52.067] [DEBUG] [PATHFINDER] Blocked at: BlockPos{x=-78, y=85, z=-98} | Feet: Air | FloorSolid: false
[12:33:52.067] [DEBUG] [PATHFINDER] Blocked at: BlockPos{x=-77, y=85, z=-99} | Feet: Air | FloorSolid: false
[12:33:52.068] [DEBUG] [PATHFINDER] Blocked at: BlockPos{x=-79, y=85, z=-99} | Feet: Air | FloorSolid: false
[12:33:52.068] [DEBUG] [PATHFINDER] Blocked at: BlockPos{x=-78, y=83, z=-100} | Feet: White Concrete | FloorSolid: true
[12:33:52.068] [DEBUG] [PATHFINDER] Blocked at: BlockPos{x=-78, y=83, z=-98} | Feet: Black Concrete | FloorSolid: true
[12:33:52.068] [DEBUG] [PATHFINDER] Blocked at: BlockPos{x=-77, y=83, z=-99} | Feet: White Concrete | FloorSolid: true
[12:33:52.068] [DEBUG] [PATHFINDER] Blocked at: BlockPos{x=-79, y=83, z=-99} | Feet: White Concrete | FloorSolid: true
[12:33:52.328] [INFO] [DEBUG] 
===== MOBILEMINER DIAGNOSTIC =====
BOT
- State: AIMING (Aiming at (-75.5, 84.5, -98.5))
- Active Task: ShadowBotTask
TASK
- Pool Size: 2
- Last Completed: DiagnosticTestTask
- Last Failed: AimingTask (Aiming timed out)
PLAYER
- Pos: (-78.04341377362506, 84.0, -99.34413277196491)
PERCEPTION
- Target: null
- Failures: 0
ENGINE
- Last Tick: 18µs
RECENT STATE TRANSITIONS
...->MOVING_TO_TARGET (Moving to BlockPos{x=-81, y=84, z=-103})
...->AIMING (Aiming at (-80.5, 84.5, -101.5))
...->MOVING_TO_TARGET (Moving to BlockPos{x=-81, y=84, z=-100})
...->AIMING (Aiming at (-79.5, 84.5, -98.5))
...->MOVING_TO_TARGET (Moving to BlockPos{x=-80, y=84, z=-99})
...->AIMING (Reached destination)
...->MOVING_TO_TARGET (Moving to BlockPos{x=-78, y=84, z=-99})
...->AIMING (Reached destination)
...->MOVING_TO_TARGET (Moving to BlockPos{x=-76, y=84, z=-98})
...->AIMING (Aiming at (-75.5, 84.5, -98.5))
============================
[12:33:52.974] [DEBUG] [PATHFINDER] Blocked at: BlockPos{x=-78, y=85, z=-101} | Feet: Air | FloorSolid: false
[12:33:52.974] [DEBUG] [PATHFINDER] Blocked at: BlockPos{x=-78, y=85, z=-99} | Feet: Air | FloorSolid: false
[12:33:52.974] [DEBUG] [PATHFINDER] Blocked at: BlockPos{x=-77, y=85, z=-100} | Feet: Air | FloorSolid: false
[12:33:52.974] [DEBUG] [PATHFINDER] Blocked at: BlockPos{x=-79, y=85, z=-100} | Feet: Air | FloorSolid: false
[12:33:52.974] [DEBUG] [PATHFINDER] Blocked at: BlockPos{x=-78, y=83, z=-101} | Feet: White Concrete | FloorSolid: true
[12:33:52.974] [DEBUG] [PATHFINDER] Blocked at: BlockPos{x=-78, y=83, z=-99} | Feet: White Concrete | FloorSolid: true
[12:33:52.975] [DEBUG] [PATHFINDER] Blocked at: BlockPos{x=-77, y=83, z=-100} | Feet: White Concrete | FloorSolid: true
[12:33:52.975] [DEBUG] [PATHFINDER] Blocked at: BlockPos{x=-79, y=83, z=-100} | Feet: White Concrete | FloorSolid: true
[12:33:53.322] [INFO] [DEBUG] 
===== MOBILEMINER DIAGNOSTIC =====
BOT
- State: MOVING_TO_TARGET (Moving to BlockPos{x=-76, y=84, z=-101})
- Active Task: ShadowBotTask
TASK
- Pool Size: 2
- Last Completed: DiagnosticTestTask
- Last Failed: AimingTask (Aiming timed out)
PLAYER
- Pos: (-77.12911581530395, 84.0, -99.41298458903961)
PERCEPTION
- Target: null
- Failures: 0
ENGINE
- Last Tick: 24µs
RECENT STATE TRANSITIONS
...->AIMING (Aiming at (-80.5, 84.5, -101.5))
...->MOVING_TO_TARGET (Moving to BlockPos{x=-81, y=84, z=-100})
...->AIMING (Aiming at (-79.5, 84.5, -98.5))
...->MOVING_TO_TARGET (Moving to BlockPos{x=-80, y=84, z=-99})
...->AIMING (Reached destination)
...->MOVING_TO_TARGET (Moving to BlockPos{x=-78, y=84, z=-99})
...->AIMING (Reached destination)
...->MOVING_TO_TARGET (Moving to BlockPos{x=-76, y=84, z=-98})
...->AIMING (Aiming at (-75.5, 84.5, -98.5))
...->MOVING_TO_TARGET (Moving to BlockPos{x=-76, y=84, z=-101})
============================
[12:33:54.319] [INFO] [DEBUG] 
===== MOBILEMINER DIAGNOSTIC =====
BOT
- State: AIMING (Aiming at (-74.5, 84.5, -101.5))
- Active Task: ShadowBotTask
TASK
- Pool Size: 2
- Last Completed: DiagnosticTestTask
- Last Failed: AimingTask (Aiming timed out)
PLAYER
- Pos: (-76.6742716033563, 84.0, -99.47613713617433)
PERCEPTION
- Target: null
- Failures: 0
ENGINE
- Last Tick: 5µs
RECENT STATE TRANSITIONS
...->MOVING_TO_TARGET (Moving to BlockPos{x=-81, y=84, z=-100})
...->AIMING (Aiming at (-79.5, 84.5, -98.5))
...->MOVING_TO_TARGET (Moving to BlockPos{x=-80, y=84, z=-99})
...->AIMING (Reached destination)
...->MOVING_TO_TARGET (Moving to BlockPos{x=-78, y=84, z=-99})
...->AIMING (Reached destination)
...->MOVING_TO_TARGET (Moving to BlockPos{x=-76, y=84, z=-98})
...->AIMING (Aiming at (-75.5, 84.5, -98.5))
...->MOVING_TO_TARGET (Moving to BlockPos{x=-76, y=84, z=-101})
...->AIMING (Aiming at (-74.5, 84.5, -101.5))
============================
[12:33:54.418] [DEBUG] [PATHFINDER] Blocked at: BlockPos{x=-77, y=85, z=-101} | Feet: Air | FloorSolid: false
[12:33:54.418] [DEBUG] [PATHFINDER] Blocked at: BlockPos{x=-77, y=85, z=-99} | Feet: Air | FloorSolid: false
[12:33:54.418] [DEBUG] [PATHFINDER] Blocked at: BlockPos{x=-76, y=85, z=-100} | Feet: Air | FloorSolid: false
[12:33:54.419] [DEBUG] [PATHFINDER] Blocked at: BlockPos{x=-78, y=85, z=-100} | Feet: Air | FloorSolid: false
[12:33:54.419] [DEBUG] [PATHFINDER] Blocked at: BlockPos{x=-77, y=83, z=-101} | Feet: White Concrete | FloorSolid: true
[12:33:54.419] [DEBUG] [PATHFINDER] Blocked at: BlockPos{x=-77, y=83, z=-99} | Feet: White Concrete | FloorSolid: true
[12:33:54.419] [DEBUG] [PATHFINDER] Blocked at: BlockPos{x=-76, y=83, z=-100} | Feet: White Concrete | FloorSolid: true
[12:33:54.419] [DEBUG] [PATHFINDER] Blocked at: BlockPos{x=-78, y=83, z=-100} | Feet: White Concrete | FloorSolid: true
[12:33:54.419] [DEBUG] [PATHFINDER] Blocked at: BlockPos{x=-77, y=85, z=-100} | Feet: Air | FloorSolid: false
[12:33:54.419] [DEBUG] [PATHFINDER] Blocked at: BlockPos{x=-77, y=85, z=-98} | Feet: Air | FloorSolid: false
[12:33:54.419] [DEBUG] [PATHFINDER] Blocked at: BlockPos{x=-76, y=85, z=-99} | Feet: Air | FloorSolid: false
[12:33:54.419] [DEBUG] [PATHFINDER] Blocked at: BlockPos{x=-78, y=85, z=-99} | Feet: Air | FloorSolid: false
[12:33:54.419] [DEBUG] [PATHFINDER] Blocked at: BlockPos{x=-77, y=83, z=-100} | Feet: White Concrete | FloorSolid: true
[12:33:54.419] [DEBUG] [PATHFINDER] Blocked at: BlockPos{x=-77, y=83, z=-98} | Feet: Black Concrete | FloorSolid: true
[12:33:54.419] [DEBUG] [PATHFINDER] Blocked at: BlockPos{x=-76, y=83, z=-99} | Feet: White Concrete | FloorSolid: true
[12:33:54.420] [DEBUG] [PATHFINDER] Blocked at: BlockPos{x=-78, y=83, z=-99} | Feet: White Concrete | FloorSolid: true
[12:33:54.971] [DEBUG] [PATHFINDER] Blocked at: BlockPos{x=-76, y=85, z=-100} | Feet: Air | FloorSolid: false
[12:33:54.971] [DEBUG] [PATHFINDER] Blocked at: BlockPos{x=-76, y=85, z=-98} | Feet: Air | FloorSolid: false
[12:33:54.971] [DEBUG] [PATHFINDER] Blocked at: BlockPos{x=-75, y=85, z=-99} | Feet: Air | FloorSolid: false
[12:33:54.971] [DEBUG] [PATHFINDER] Blocked at: BlockPos{x=-77, y=85, z=-99} | Feet: Air | FloorSolid: false
[12:33:54.972] [DEBUG] [PATHFINDER] Blocked at: BlockPos{x=-76, y=83, z=-100} | Feet: White Concrete | FloorSolid: true
[12:33:54.972] [DEBUG] [PATHFINDER] Blocked at: BlockPos{x=-76, y=83, z=-98} | Feet: Black Concrete | FloorSolid: true
[12:33:54.972] [DEBUG] [PATHFINDER] Blocked at: BlockPos{x=-75, y=83, z=-99} | Feet: Black Concrete | FloorSolid: true
[12:33:54.972] [DEBUG] [PATHFINDER] Blocked at: BlockPos{x=-77, y=83, z=-99} | Feet: White Concrete | FloorSolid: true
[12:33:54.972] [DEBUG] [PATHFINDER] Blocked at: BlockPos{x=-76, y=85, z=-99} | Feet: Air | FloorSolid: false
[12:33:54.972] [DEBUG] [PATHFINDER] Blocked at: BlockPos{x=-76, y=85, z=-97} | Feet: Air | FloorSolid: false
[12:33:54.972] [DEBUG] [PATHFINDER] Blocked at: BlockPos{x=-75, y=85, z=-98} | Feet: Air | FloorSolid: false
[12:33:54.972] [DEBUG] [PATHFINDER] Blocked at: BlockPos{x=-77, y=85, z=-98} | Feet: Air | FloorSolid: false
[12:33:54.972] [DEBUG] [PATHFINDER] Blocked at: BlockPos{x=-76, y=83, z=-99} | Feet: White Concrete | FloorSolid: true
[12:33:54.973] [DEBUG] [PATHFINDER] Blocked at: BlockPos{x=-76, y=83, z=-97} | Feet: White Concrete | FloorSolid: true
[12:33:54.973] [DEBUG] [PATHFINDER] Blocked at: BlockPos{x=-75, y=83, z=-98} | Feet: Black Concrete | FloorSolid: true
[12:33:54.974] [DEBUG] [PATHFINDER] Blocked at: BlockPos{x=-77, y=83, z=-98} | Feet: Black Concrete | FloorSolid: true
[12:33:55.318] [INFO] [DEBUG] 
===== MOBILEMINER DIAGNOSTIC =====
BOT
- State: MOVING_TO_TARGET (Moving to BlockPos{x=-75, y=84, z=-96})
- Active Task: ShadowBotTask
TASK
- Pool Size: 2
- Last Completed: DiagnosticTestTask
- Last Failed: AimingTask (Aiming timed out)
PLAYER
- Pos: (-75.47488273409573, 84.0, -97.65559582165784)
PERCEPTION
- Target: null
- Failures: 0
ENGINE
- Last Tick: 23µs
RECENT STATE TRANSITIONS
...->AIMING (Reached destination)
...->MOVING_TO_TARGET (Moving to BlockPos{x=-78, y=84, z=-99})
...->AIMING (Reached destination)
...->MOVING_TO_TARGET (Moving to BlockPos{x=-76, y=84, z=-98})
...->AIMING (Aiming at (-75.5, 84.5, -98.5))
...->MOVING_TO_TARGET (Moving to BlockPos{x=-76, y=84, z=-101})
...->AIMING (Aiming at (-74.5, 84.5, -101.5))
...->MOVING_TO_TARGET (Moving to BlockPos{x=-75, y=84, z=-98})
...->AIMING (Reached destination)
...->MOVING_TO_TARGET (Moving to BlockPos{x=-75, y=84, z=-96})
============================
[12:33:56.320] [INFO] [DEBUG] 
===== MOBILEMINER DIAGNOSTIC =====
BOT
- State: AIMING (Reached destination)
- Active Task: ShadowBotTask
TASK
- Pool Size: 2
- Last Completed: DiagnosticTestTask
- Last Failed: AimingTask (Aiming timed out)
PLAYER
- Pos: (-75.50271516250955, 84.0, -96.33175515530448)
PERCEPTION
- Target: null
- Failures: 0
ENGINE
- Last Tick: 6µs
RECENT STATE TRANSITIONS
...->MOVING_TO_TARGET (Moving to BlockPos{x=-78, y=84, z=-99})
...->AIMING (Reached destination)
...->MOVING_TO_TARGET (Moving to BlockPos{x=-76, y=84, z=-98})
...->AIMING (Aiming at (-75.5, 84.5, -98.5))
...->MOVING_TO_TARGET (Moving to BlockPos{x=-76, y=84, z=-101})
...->AIMING (Aiming at (-74.5, 84.5, -101.5))
...->MOVING_TO_TARGET (Moving to BlockPos{x=-75, y=84, z=-98})
...->AIMING (Reached destination)
...->MOVING_TO_TARGET (Moving to BlockPos{x=-75, y=84, z=-96})
...->AIMING (Reached destination)
============================
[12:33:56.376] [DEBUG] [PATHFINDER] Blocked at: BlockPos{x=-76, y=85, z=-98} | Feet: Air | FloorSolid: false
[12:33:56.376] [DEBUG] [PATHFINDER] Blocked at: BlockPos{x=-76, y=85, z=-96} | Feet: Air | FloorSolid: false
[12:33:56.376] [DEBUG] [PATHFINDER] Blocked at: BlockPos{x=-75, y=85, z=-97} | Feet: Air | FloorSolid: false
[12:33:56.376] [DEBUG] [PATHFINDER] Blocked at: BlockPos{x=-77, y=85, z=-97} | Feet: Air | FloorSolid: false
[12:33:56.376] [DEBUG] [PATHFINDER] Blocked at: BlockPos{x=-76, y=83, z=-98} | Feet: Black Concrete | FloorSolid: true
[12:33:56.376] [DEBUG] [PATHFINDER] Blocked at: BlockPos{x=-76, y=83, z=-96} | Feet: White Concrete | FloorSolid: true
[12:33:56.376] [DEBUG] [PATHFINDER] Blocked at: BlockPos{x=-75, y=83, z=-97} | Feet: Black Concrete | FloorSolid: true
[12:33:56.376] [DEBUG] [PATHFINDER] Blocked at: BlockPos{x=-77, y=83, z=-97} | Feet: White Concrete | FloorSolid: true
[12:33:56.377] [DEBUG] [PATHFINDER] Blocked at: BlockPos{x=-76, y=85, z=-97} | Feet: Air | FloorSolid: false
[12:33:56.377] [DEBUG] [PATHFINDER] Blocked at: BlockPos{x=-76, y=85, z=-95} | Feet: Air | FloorSolid: false
[12:33:56.377] [DEBUG] [PATHFINDER] Blocked at: BlockPos{x=-75, y=85, z=-96} | Feet: Air | FloorSolid: false
[12:33:56.377] [DEBUG] [PATHFINDER] Blocked at: BlockPos{x=-77, y=85, z=-96} | Feet: Air | FloorSolid: false
[12:33:56.377] [DEBUG] [PATHFINDER] Blocked at: BlockPos{x=-76, y=83, z=-97} | Feet: White Concrete | FloorSolid: true
[12:33:56.377] [DEBUG] [PATHFINDER] Blocked at: BlockPos{x=-76, y=83, z=-95} | Feet: White Concrete | FloorSolid: true
[12:33:56.377] [DEBUG] [PATHFINDER] Blocked at: BlockPos{x=-75, y=83, z=-96} | Feet: Black Concrete | FloorSolid: true
[12:33:56.377] [DEBUG] [PATHFINDER] Blocked at: BlockPos{x=-77, y=83, z=-96} | Feet: White Concrete | FloorSolid: true
[12:33:56.967] [DEBUG] [PATHFINDER] Blocked at: BlockPos{x=-76, y=85, z=-96} | Feet: Air | FloorSolid: false
[12:33:56.968] [DEBUG] [PATHFINDER] Blocked at: BlockPos{x=-76, y=85, z=-94} | Feet: Air | FloorSolid: false
[12:33:56.968] [DEBUG] [PATHFINDER] Blocked at: BlockPos{x=-75, y=85, z=-95} | Feet: Air | FloorSolid: false
[12:33:56.968] [DEBUG] [PATHFINDER] Blocked at: BlockPos{x=-77, y=85, z=-95} | Feet: Air | FloorSolid: false
[12:33:56.968] [DEBUG] [PATHFINDER] Blocked at: BlockPos{x=-76, y=83, z=-96} | Feet: White Concrete | FloorSolid: true
[12:33:56.969] [DEBUG] [PATHFINDER] Blocked at: BlockPos{x=-76, y=83, z=-94} | Feet: White Concrete | FloorSolid: true
[12:33:56.969] [DEBUG] [PATHFINDER] Blocked at: BlockPos{x=-75, y=83, z=-95} | Feet: Black Concrete | FloorSolid: true
[12:33:56.969] [DEBUG] [PATHFINDER] Blocked at: BlockPos{x=-77, y=83, z=-95} | Feet: White Concrete | FloorSolid: true
[12:33:56.969] [DEBUG] [PATHFINDER] Blocked at: BlockPos{x=-77, y=85, z=-96} | Feet: Air | FloorSolid: false
[12:33:56.969] [DEBUG] [PATHFINDER] Blocked at: BlockPos{x=-77, y=85, z=-94} | Feet: Air | FloorSolid: false
[12:33:56.970] [DEBUG] [PATHFINDER] Blocked at: BlockPos{x=-76, y=85, z=-95} | Feet: Air | FloorSolid: false
[12:33:56.970] [DEBUG] [PATHFINDER] Blocked at: BlockPos{x=-78, y=85, z=-95} | Feet: Air | FloorSolid: false
[12:33:56.970] [DEBUG] [PATHFINDER] Blocked at: BlockPos{x=-77, y=83, z=-96} | Feet: White Concrete | FloorSolid: true
[12:33:56.970] [DEBUG] [PATHFINDER] Blocked at: BlockPos{x=-77, y=83, z=-94} | Feet: White Concrete | FloorSolid: true
[12:33:56.970] [DEBUG] [PATHFINDER] Blocked at: BlockPos{x=-76, y=83, z=-95} | Feet: White Concrete | FloorSolid: true
[12:33:56.971] [DEBUG] [PATHFINDER] Blocked at: BlockPos{x=-78, y=83, z=-95} | Feet: White Concrete | FloorSolid: true
[12:33:56.971] [DEBUG] [PATHFINDER] Blocked at: BlockPos{x=-77, y=85, z=-95} | Feet: Air | FloorSolid: false
[12:33:56.971] [DEBUG] [PATHFINDER] Blocked at: BlockPos{x=-77, y=85, z=-93} | Feet: Air | FloorSolid: false
[12:33:56.971] [DEBUG] [PATHFINDER] Blocked at: BlockPos{x=-76, y=85, z=-94} | Feet: Air | FloorSolid: false
[12:33:56.971] [DEBUG] [PATHFINDER] Blocked at: BlockPos{x=-78, y=85, z=-94} | Feet: Air | FloorSolid: false
[12:33:56.971] [DEBUG] [PATHFINDER] Blocked at: BlockPos{x=-77, y=83, z=-95} | Feet: White Concrete | FloorSolid: true
[12:33:56.972] [DEBUG] [PATHFINDER] Blocked at: BlockPos{x=-77, y=83, z=-93} | Feet: Black Concrete | FloorSolid: true
[12:33:56.972] [DEBUG] [PATHFINDER] Blocked at: BlockPos{x=-76, y=83, z=-94} | Feet: White Concrete | FloorSolid: true
[12:33:56.972] [DEBUG] [PATHFINDER] Blocked at: BlockPos{x=-78, y=83, z=-94} | Feet: White Concrete | FloorSolid: true
[12:33:57.323] [INFO] [DEBUG] 
===== MOBILEMINER DIAGNOSTIC =====
BOT
- State: MOVING_TO_TARGET (Moving to BlockPos{x=-79, y=84, z=-93})
- Active Task: ShadowBotTask
TASK
- Pool Size: 2
- Last Completed: DiagnosticTestTask
- Last Failed: AimingTask (Aiming timed out)
PLAYER
- Pos: (-76.13111660173107, 84.0, -93.89847679162914)
PERCEPTION
- Target: null
- Failures: 0
ENGINE
- Last Tick: 33µs
RECENT STATE TRANSITIONS
...->AIMING (Aiming at (-75.5, 84.5, -98.5))
...->MOVING_TO_TARGET (Moving to BlockPos{x=-76, y=84, z=-101})
...->AIMING (Aiming at (-74.5, 84.5, -101.5))
...->MOVING_TO_TARGET (Moving to BlockPos{x=-75, y=84, z=-98})
...->AIMING (Reached destination)
...->MOVING_TO_TARGET (Moving to BlockPos{x=-75, y=84, z=-96})
...->AIMING (Reached destination)
...->MOVING_TO_TARGET (Moving to BlockPos{x=-77, y=84, z=-94})
...->AIMING (Reached destination)
...->MOVING_TO_TARGET (Moving to BlockPos{x=-79, y=84, z=-93})
============================
[12:33:57.671] [DEBUG] [PATHFINDER] Blocked at: BlockPos{x=-78, y=85, z=-95} | Feet: Air | FloorSolid: false
[12:33:57.672] [DEBUG] [PATHFINDER] Blocked at: BlockPos{x=-78, y=85, z=-93} | Feet: Air | FloorSolid: false
[12:33:57.672] [DEBUG] [PATHFINDER] Blocked at: BlockPos{x=-77, y=85, z=-94} | Feet: Air | FloorSolid: false
[12:33:57.672] [DEBUG] [PATHFINDER] Blocked at: BlockPos{x=-79, y=85, z=-94} | Feet: Air | FloorSolid: false
[12:33:57.672] [DEBUG] [PATHFINDER] Blocked at: BlockPos{x=-78, y=83, z=-95} | Feet: White Concrete | FloorSolid: true
[12:33:57.673] [DEBUG] [PATHFINDER] Blocked at: BlockPos{x=-78, y=83, z=-93} | Feet: Black Concrete | FloorSolid: true
[12:33:57.673] [DEBUG] [PATHFINDER] Blocked at: BlockPos{x=-77, y=83, z=-94} | Feet: White Concrete | FloorSolid: true
[12:33:57.673] [DEBUG] [PATHFINDER] Blocked at: BlockPos{x=-79, y=83, z=-94} | Feet: White Concrete | FloorSolid: true
[12:33:57.673] [DEBUG] [PATHFINDER] Blocked at: BlockPos{x=-79, y=85, z=-95} | Feet: Air | FloorSolid: false
[12:33:57.673] [DEBUG] [PATHFINDER] Blocked at: BlockPos{x=-79, y=85, z=-93} | Feet: Air | FloorSolid: false
[12:33:57.674] [DEBUG] [PATHFINDER] Blocked at: BlockPos{x=-78, y=85, z=-94} | Feet: Air | FloorSolid: false
[12:33:57.674] [DEBUG] [PATHFINDER] Blocked at: BlockPos{x=-80, y=85, z=-94} | Feet: Air | FloorSolid: false
[12:33:57.674] [DEBUG] [PATHFINDER] Blocked at: BlockPos{x=-79, y=83, z=-95} | Feet: White Concrete | FloorSolid: true
[12:33:57.674] [DEBUG] [PATHFINDER] Blocked at: BlockPos{x=-79, y=83, z=-93} | Feet: Black Concrete | FloorSolid: true
[12:33:57.674] [DEBUG] [PATHFINDER] Blocked at: BlockPos{x=-78, y=83, z=-94} | Feet: White Concrete | FloorSolid: true
[12:33:57.674] [DEBUG] [PATHFINDER] Blocked at: BlockPos{x=-80, y=83, z=-94} | Feet: Black Concrete | FloorSolid: true
[12:33:58.269] [DEBUG] [PATHFINDER] Blocked at: BlockPos{x=-80, y=85, z=-95} | Feet: Air | FloorSolid: false
[12:33:58.270] [DEBUG] [PATHFINDER] Blocked at: BlockPos{x=-80, y=85, z=-93} | Feet: Air | FloorSolid: false
[12:33:58.270] [DEBUG] [PATHFINDER] Blocked at: BlockPos{x=-79, y=85, z=-94} | Feet: Air | FloorSolid: false
[12:33:58.270] [DEBUG] [PATHFINDER] Blocked at: BlockPos{x=-81, y=85, z=-94} | Feet: Air | FloorSolid: false
[12:33:58.270] [DEBUG] [PATHFINDER] Blocked at: BlockPos{x=-80, y=83, z=-95} | Feet: Black Concrete | FloorSolid: true
[12:33:58.270] [DEBUG] [PATHFINDER] Blocked at: BlockPos{x=-80, y=83, z=-93} | Feet: Black Concrete | FloorSolid: true
[12:33:58.271] [DEBUG] [PATHFINDER] Blocked at: BlockPos{x=-79, y=83, z=-94} | Feet: White Concrete | FloorSolid: true
[12:33:58.271] [DEBUG] [PATHFINDER] Blocked at: BlockPos{x=-81, y=83, z=-94} | Feet: White Concrete | FloorSolid: true
[12:33:58.271] [DEBUG] [PATHFINDER] Blocked at: BlockPos{x=-81, y=85, z=-95} | Feet: Air | FloorSolid: false
[12:33:58.271] [DEBUG] [PATHFINDER] Blocked at: BlockPos{x=-81, y=85, z=-93} | Feet: Air | FloorSolid: false
[12:33:58.271] [DEBUG] [PATHFINDER] Blocked at: BlockPos{x=-80, y=85, z=-94} | Feet: Air | FloorSolid: false
[12:33:58.271] [DEBUG] [PATHFINDER] Blocked at: BlockPos{x=-82, y=85, z=-94} | Feet: Air | FloorSolid: false
[12:33:58.271] [DEBUG] [PATHFINDER] Blocked at: BlockPos{x=-81, y=83, z=-95} | Feet: White Concrete | FloorSolid: true
[12:33:58.272] [DEBUG] [PATHFINDER] Blocked at: BlockPos{x=-81, y=83, z=-93} | Feet: Black Concrete | FloorSolid: true
[12:33:58.272] [DEBUG] [PATHFINDER] Blocked at: BlockPos{x=-80, y=83, z=-94} | Feet: Black Concrete | FloorSolid: true
[12:33:58.272] [DEBUG] [PATHFINDER] Blocked at: BlockPos{x=-82, y=83, z=-94} | Feet: White Concrete | FloorSolid: true
[12:33:58.272] [DEBUG] [PATHFINDER] Blocked at: BlockPos{x=-82, y=85, z=-95} | Feet: Air | FloorSolid: false
[12:33:58.272] [DEBUG] [PATHFINDER] Blocked at: BlockPos{x=-82, y=85, z=-93} | Feet: Air | FloorSolid: false
[12:33:58.272] [DEBUG] [PATHFINDER] Blocked at: BlockPos{x=-81, y=85, z=-94} | Feet: Air | FloorSolid: false
[12:33:58.272] [DEBUG] [PATHFINDER] Blocked at: BlockPos{x=-83, y=85, z=-94} | Feet: Air | FloorSolid: false
[12:33:58.272] [DEBUG] [PATHFINDER] Blocked at: BlockPos{x=-82, y=83, z=-95} | Feet: White Concrete | FloorSolid: true
[12:33:58.272] [DEBUG] [PATHFINDER] Blocked at: BlockPos{x=-82, y=83, z=-93} | Feet: Black Concrete | FloorSolid: true
[12:33:58.273] [DEBUG] [PATHFINDER] Blocked at: BlockPos{x=-81, y=83, z=-94} | Feet: White Concrete | FloorSolid: true
[12:33:58.273] [DEBUG] [PATHFINDER] Blocked at: BlockPos{x=-83, y=83, z=-94} | Feet: White Concrete | FloorSolid: true
[12:33:58.325] [INFO] [DEBUG] 
===== MOBILEMINER DIAGNOSTIC =====
BOT
- State: MOVING_TO_TARGET (Moving to BlockPos{x=-84, y=84, z=-93})
- Active Task: ShadowBotTask
TASK
- Pool Size: 2
- Last Completed: DiagnosticTestTask
- Last Failed: AimingTask (Aiming timed out)
PLAYER
- Pos: (-79.46789216234134, 84.0, -93.49837947607395)
PERCEPTION
- Target: null
- Failures: 0
ENGINE
- Last Tick: 12µs
RECENT STATE TRANSITIONS
...->AIMING (Reached destination)
...->MOVING_TO_TARGET (Moving to BlockPos{x=-75, y=84, z=-96})
...->AIMING (Reached destination)
...->MOVING_TO_TARGET (Moving to BlockPos{x=-77, y=84, z=-94})
...->AIMING (Reached destination)
...->MOVING_TO_TARGET (Moving to BlockPos{x=-79, y=84, z=-93})
...->AIMING (Reached destination)
...->MOVING_TO_TARGET (Moving to BlockPos{x=-81, y=84, z=-93})
...->AIMING (Reached destination)
...->MOVING_TO_TARGET (Moving to BlockPos{x=-84, y=84, z=-93})
============================
[12:33:59.224] [DEBUG] [PATHFINDER] Blocked at: BlockPos{x=-81, y=85, z=-95} | Feet: Air | FloorSolid: false
[12:33:59.225] [DEBUG] [PATHFINDER] Blocked at: BlockPos{x=-81, y=85, z=-93} | Feet: Air | FloorSolid: false
[12:33:59.226] [DEBUG] [PATHFINDER] Blocked at: BlockPos{x=-80, y=85, z=-94} | Feet: Air | FloorSolid: false
[12:33:59.226] [DEBUG] [PATHFINDER] Blocked at: BlockPos{x=-82, y=85, z=-94} | Feet: Air | FloorSolid: false
[12:33:59.226] [DEBUG] [PATHFINDER] Blocked at: BlockPos{x=-81, y=83, z=-95} | Feet: White Concrete | FloorSolid: true
[12:33:59.226] [DEBUG] [PATHFINDER] Blocked at: BlockPos{x=-81, y=83, z=-93} | Feet: Black Concrete | FloorSolid: true
[12:33:59.226] [DEBUG] [PATHFINDER] Blocked at: BlockPos{x=-80, y=83, z=-94} | Feet: Black Concrete | FloorSolid: true
[12:33:59.226] [DEBUG] [PATHFINDER] Blocked at: BlockPos{x=-82, y=83, z=-94} | Feet: White Concrete | FloorSolid: true
[12:33:59.227] [DEBUG] [PATHFINDER] Blocked at: BlockPos{x=-82, y=85, z=-95} | Feet: Air | FloorSolid: false
[12:33:59.227] [DEBUG] [PATHFINDER] Blocked at: BlockPos{x=-82, y=85, z=-93} | Feet: Air | FloorSolid: false
[12:33:59.227] [DEBUG] [PATHFINDER] Blocked at: BlockPos{x=-81, y=85, z=-94} | Feet: Air | FloorSolid: false
[12:33:59.227] [DEBUG] [PATHFINDER] Blocked at: BlockPos{x=-83, y=85, z=-94} | Feet: Air | FloorSolid: false
[12:33:59.228] [DEBUG] [PATHFINDER] Blocked at: BlockPos{x=-82, y=83, z=-95} | Feet: White Concrete | FloorSolid: true
[12:33:59.228] [DEBUG] [PATHFINDER] Blocked at: BlockPos{x=-82, y=83, z=-93} | Feet: Black Concrete | FloorSolid: true
[12:33:59.228] [DEBUG] [PATHFINDER] Blocked at: BlockPos{x=-81, y=83, z=-94} | Feet: White Concrete | FloorSolid: true
[12:33:59.228] [DEBUG] [PATHFINDER] Blocked at: BlockPos{x=-83, y=83, z=-94} | Feet: White Concrete | FloorSolid: true
[12:33:59.228] [DEBUG] [PATHFINDER] Blocked at: BlockPos{x=-82, y=85, z=-96} | Feet: Air | FloorSolid: false
[12:33:59.228] [DEBUG] [PATHFINDER] Blocked at: BlockPos{x=-82, y=85, z=-94} | Feet: Air | FloorSolid: false
[12:33:59.229] [DEBUG] [PATHFINDER] Blocked at: BlockPos{x=-81, y=85, z=-95} | Feet: Air | FloorSolid: false
[12:33:59.229] [DEBUG] [PATHFINDER] Blocked at: BlockPos{x=-83, y=85, z=-95} | Feet: Air | FloorSolid: false
[12:33:59.229] [DEBUG] [PATHFINDER] Blocked at: BlockPos{x=-82, y=83, z=-96} | Feet: White Concrete | FloorSolid: true
[12:33:59.229] [DEBUG] [PATHFINDER] Blocked at: BlockPos{x=-82, y=83, z=-94} | Feet: White Concrete | FloorSolid: true
[12:33:59.229] [DEBUG] [PATHFINDER] Blocked at: BlockPos{x=-81, y=83, z=-95} | Feet: White Concrete | FloorSolid: true
[12:33:59.230] [DEBUG] [PATHFINDER] Blocked at: BlockPos{x=-83, y=83, z=-95} | Feet: White Concrete | FloorSolid: true
[12:33:59.322] [INFO] [DEBUG] 
===== MOBILEMINER DIAGNOSTIC =====
BOT
- State: MOVING_TO_TARGET (Moving to BlockPos{x=-84, y=84, z=-96})
- Active Task: ShadowBotTask
TASK
- Pool Size: 2
- Last Completed: DiagnosticTestTask
- Last Failed: AimingTask (Aiming timed out)
PLAYER
- Pos: (-80.83646670435058, 84.0, -93.50099518445523)
PERCEPTION
- Target: null
- Failures: 0
ENGINE
- Last Tick: 36µs
RECENT STATE TRANSITIONS
...->AIMING (Reached destination)
...->MOVING_TO_TARGET (Moving to BlockPos{x=-77, y=84, z=-94})
...->AIMING (Reached destination)
...->MOVING_TO_TARGET (Moving to BlockPos{x=-79, y=84, z=-93})
...->AIMING (Reached destination)
...->MOVING_TO_TARGET (Moving to BlockPos{x=-81, y=84, z=-93})
...->AIMING (Reached destination)
...->MOVING_TO_TARGET (Moving to BlockPos{x=-84, y=84, z=-93})
...->AIMING (Aiming at (-83.5, 84.5, -93.5))
...->MOVING_TO_TARGET (Moving to BlockPos{x=-84, y=84, z=-96})
============================
[12:33:59.867] [DEBUG] [PATHFINDER] Blocked at: BlockPos{x=-83, y=85, z=-96} | Feet: Air | FloorSolid: false
[12:33:59.868] [DEBUG] [PATHFINDER] Blocked at: BlockPos{x=-83, y=85, z=-94} | Feet: Air | FloorSolid: false
[12:33:59.868] [DEBUG] [PATHFINDER] Blocked at: BlockPos{x=-82, y=85, z=-95} | Feet: Air | FloorSolid: false
[12:33:59.868] [DEBUG] [PATHFINDER] Blocked at: BlockPos{x=-84, y=85, z=-95} | Feet: Air | FloorSolid: false
[12:33:59.868] [DEBUG] [PATHFINDER] Blocked at: BlockPos{x=-83, y=83, z=-96} | Feet: White Concrete | FloorSolid: true
[12:33:59.869] [DEBUG] [PATHFINDER] Blocked at: BlockPos{x=-83, y=83, z=-94} | Feet: White Concrete | FloorSolid: true
[12:33:59.869] [DEBUG] [PATHFINDER] Blocked at: BlockPos{x=-82, y=83, z=-95} | Feet: White Concrete | FloorSolid: true
[12:33:59.869] [DEBUG] [PATHFINDER] Blocked at: BlockPos{x=-84, y=83, z=-95} | Feet: White Concrete | FloorSolid: true
[12:33:59.869] [DEBUG] [PATHFINDER] Blocked at: BlockPos{x=-83, y=85, z=-97} | Feet: Air | FloorSolid: false
[12:33:59.869] [DEBUG] [PATHFINDER] Blocked at: BlockPos{x=-83, y=85, z=-95} | Feet: Air | FloorSolid: false
[12:33:59.870] [DEBUG] [PATHFINDER] Blocked at: BlockPos{x=-82, y=85, z=-96} | Feet: Air | FloorSolid: false
[12:33:59.870] [DEBUG] [PATHFINDER] Blocked at: BlockPos{x=-84, y=85, z=-96} | Feet: Air | FloorSolid: false
[12:33:59.870] [DEBUG] [PATHFINDER] Blocked at: BlockPos{x=-83, y=83, z=-97} | Feet: White Concrete | FloorSolid: true
[12:33:59.870] [DEBUG] [PATHFINDER] Blocked at: BlockPos{x=-83, y=83, z=-95} | Feet: White Concrete | FloorSolid: true
[12:33:59.870] [DEBUG] [PATHFINDER] Blocked at: BlockPos{x=-82, y=83, z=-96} | Feet: White Concrete | FloorSolid: true
[12:33:59.870] [DEBUG] [PATHFINDER] Blocked at: BlockPos{x=-84, y=83, z=-96} | Feet: White Concrete | FloorSolid: true
[12:34:00.317] [INFO] [DEBUG] 
===== MOBILEMINER DIAGNOSTIC =====
BOT
- State: AIMING (Reached destination)
- Active Task: ShadowBotTask
TASK
- Pool Size: 2
- Last Completed: DiagnosticTestTask
- Last Failed: AimingTask (Aiming timed out)
PLAYER
- Pos: (-83.38974566716028, 84.0, -95.38785594614777)
PERCEPTION
- Target: null
- Failures: 0
ENGINE
- Last Tick: 70µs
RECENT STATE TRANSITIONS
...->MOVING_TO_TARGET (Moving to BlockPos{x=-79, y=84, z=-93})
...->AIMING (Reached destination)
...->MOVING_TO_TARGET (Moving to BlockPos{x=-81, y=84, z=-93})
...->AIMING (Reached destination)
...->MOVING_TO_TARGET (Moving to BlockPos{x=-84, y=84, z=-93})
...->AIMING (Aiming at (-83.5, 84.5, -93.5))
...->MOVING_TO_TARGET (Moving to BlockPos{x=-84, y=84, z=-96})
...->AIMING (Aiming at (-84.5, 84.5, -96.5))
...->MOVING_TO_TARGET (Moving to BlockPos{x=-85, y=84, z=-97})
...->AIMING (Reached destination)
============================
[12:34:00.370] [DEBUG] [PATHFINDER] Blocked at: BlockPos{x=-84, y=85, z=-97} | Feet: Air | FloorSolid: false
[12:34:00.370] [DEBUG] [PATHFINDER] Blocked at: BlockPos{x=-84, y=85, z=-95} | Feet: Air | FloorSolid: false
[12:34:00.370] [DEBUG] [PATHFINDER] Blocked at: BlockPos{x=-83, y=85, z=-96} | Feet: Air | FloorSolid: false
[12:34:00.371] [DEBUG] [PATHFINDER] Blocked at: BlockPos{x=-85, y=85, z=-96} | Feet: Air | FloorSolid: false
[12:34:00.371] [DEBUG] [PATHFINDER] Blocked at: BlockPos{x=-84, y=83, z=-97} | Feet: White Concrete | FloorSolid: true
[12:34:00.371] [DEBUG] [PATHFINDER] Blocked at: BlockPos{x=-84, y=83, z=-95} | Feet: White Concrete | FloorSolid: true
[12:34:00.371] [DEBUG] [PATHFINDER] Blocked at: BlockPos{x=-83, y=83, z=-96} | Feet: White Concrete | FloorSolid: true
[12:34:00.371] [DEBUG] [PATHFINDER] Blocked at: BlockPos{x=-85, y=83, z=-96} | Feet: Black Concrete | FloorSolid: true
[12:34:00.372] [DEBUG] [PATHFINDER] Blocked at: BlockPos{x=-84, y=85, z=-98} | Feet: Air | FloorSolid: false
[12:34:00.372] [DEBUG] [PATHFINDER] Blocked at: BlockPos{x=-84, y=85, z=-96} | Feet: Air | FloorSolid: false
[12:34:00.372] [DEBUG] [PATHFINDER] Blocked at: BlockPos{x=-83, y=85, z=-97} | Feet: Air | FloorSolid: false
[12:34:00.372] [DEBUG] [PATHFINDER] Blocked at: BlockPos{x=-85, y=85, z=-97} | Feet: Air | FloorSolid: false
[12:34:00.372] [DEBUG] [PATHFINDER] Blocked at: BlockPos{x=-84, y=83, z=-98} | Feet: Black Concrete | FloorSolid: true
[12:34:00.373] [DEBUG] [PATHFINDER] Blocked at: BlockPos{x=-84, y=83, z=-96} | Feet: White Concrete | FloorSolid: true
[12:34:00.373] [DEBUG] [PATHFINDER] Blocked at: BlockPos{x=-83, y=83, z=-97} | Feet: White Concrete | FloorSolid: true
[12:34:00.373] [DEBUG] [PATHFINDER] Blocked at: BlockPos{x=-85, y=83, z=-97} | Feet: Black Concrete | FloorSolid: true
[12:34:01.018] [DEBUG] [PATHFINDER] Blocked at: BlockPos{x=-84, y=85, z=-99} | Feet: Air | FloorSolid: false
[12:34:01.019] [DEBUG] [PATHFINDER] Blocked at: BlockPos{x=-84, y=85, z=-97} | Feet: Air | FloorSolid: false
[12:34:01.019] [DEBUG] [PATHFINDER] Blocked at: BlockPos{x=-83, y=85, z=-98} | Feet: Air | FloorSolid: false
[12:34:01.019] [DEBUG] [PATHFINDER] Blocked at: BlockPos{x=-85, y=85, z=-98} | Feet: Air | FloorSolid: false
[12:34:01.019] [DEBUG] [PATHFINDER] Blocked at: BlockPos{x=-84, y=83, z=-99} | Feet: White Concrete | FloorSolid: true
[12:34:01.019] [DEBUG] [PATHFINDER] Blocked at: BlockPos{x=-84, y=83, z=-97} | Feet: White Concrete | FloorSolid: true
[12:34:01.019] [DEBUG] [PATHFINDER] Blocked at: BlockPos{x=-83, y=83, z=-98} | Feet: Black Concrete | FloorSolid: true
[12:34:01.019] [DEBUG] [PATHFINDER] Blocked at: BlockPos{x=-85, y=83, z=-98} | Feet: Black Concrete | FloorSolid: true
[12:34:01.019] [DEBUG] [PATHFINDER] Blocked at: BlockPos{x=-84, y=85, z=-100} | Feet: Air | FloorSolid: false
[12:34:01.019] [DEBUG] [PATHFINDER] Blocked at: BlockPos{x=-84, y=85, z=-98} | Feet: Air | FloorSolid: false
[12:34:01.019] [DEBUG] [PATHFINDER] Blocked at: BlockPos{x=-83, y=85, z=-99} | Feet: Air | FloorSolid: false
[12:34:01.020] [DEBUG] [PATHFINDER] Blocked at: BlockPos{x=-85, y=85, z=-99} | Feet: Air | FloorSolid: false
[12:34:01.020] [DEBUG] [PATHFINDER] Blocked at: BlockPos{x=-84, y=83, z=-100} | Feet: White Concrete | FloorSolid: true
[12:34:01.020] [DEBUG] [PATHFINDER] Blocked at: BlockPos{x=-84, y=83, z=-98} | Feet: Black Concrete | FloorSolid: true
[12:34:01.020] [DEBUG] [PATHFINDER] Blocked at: BlockPos{x=-83, y=83, z=-99} | Feet: White Concrete | FloorSolid: true
[12:34:01.020] [DEBUG] [PATHFINDER] Blocked at: BlockPos{x=-85, y=83, z=-99} | Feet: Black Concrete | FloorSolid: true
[12:34:01.020] [DEBUG] [PATHFINDER] Blocked at: BlockPos{x=-84, y=85, z=-101} | Feet: Air | FloorSolid: false
[12:34:01.020] [DEBUG] [PATHFINDER] Blocked at: BlockPos{x=-84, y=85, z=-99} | Feet: Air | FloorSolid: false
[12:34:01.020] [DEBUG] [PATHFINDER] Blocked at: BlockPos{x=-83, y=85, z=-100} | Feet: Air | FloorSolid: false
[12:34:01.020] [DEBUG] [PATHFINDER] Blocked at: BlockPos{x=-85, y=85, z=-100} | Feet: Air | FloorSolid: false
[12:34:01.020] [DEBUG] [PATHFINDER] Blocked at: BlockPos{x=-84, y=83, z=-101} | Feet: White Concrete | FloorSolid: true
[12:34:01.020] [DEBUG] [PATHFINDER] Blocked at: BlockPos{x=-84, y=83, z=-99} | Feet: White Concrete | FloorSolid: true
[12:34:01.020] [DEBUG] [PATHFINDER] Blocked at: BlockPos{x=-83, y=83, z=-100} | Feet: White Concrete | FloorSolid: true
[12:34:01.020] [DEBUG] [PATHFINDER] Blocked at: BlockPos{x=-85, y=83, z=-100} | Feet: Black Concrete | FloorSolid: true
[12:34:01.340] [INFO] [DEBUG] 
===== MOBILEMINER DIAGNOSTIC =====
BOT
- State: MOVING_TO_TARGET (Moving to BlockPos{x=-85, y=84, z=-102})
- Active Task: ShadowBotTask
TASK
- Pool Size: 2
- Last Completed: DiagnosticTestTask
- Last Failed: AimingTask (Aiming timed out)
PLAYER
- Pos: (-83.50711880111889, 84.0, -97.91984205582845)
PERCEPTION
- Target: null
- Failures: 0
ENGINE
- Last Tick: 24µs
RECENT STATE TRANSITIONS
...->AIMING (Reached destination)
...->MOVING_TO_TARGET (Moving to BlockPos{x=-84, y=84, z=-93})
...->AIMING (Aiming at (-83.5, 84.5, -93.5))
...->MOVING_TO_TARGET (Moving to BlockPos{x=-84, y=84, z=-96})
...->AIMING (Aiming at (-84.5, 84.5, -96.5))
...->MOVING_TO_TARGET (Moving to BlockPos{x=-85, y=84, z=-97})
...->AIMING (Reached destination)
...->MOVING_TO_TARGET (Moving to BlockPos{x=-85, y=84, z=-99})
...->AIMING (Reached destination)
...->MOVING_TO_TARGET (Moving to BlockPos{x=-85, y=84, z=-102})
============================
[12:34:01.876] [DEBUG] [PATHFINDER] Blocked at: BlockPos{x=-84, y=85, z=-100} | Feet: Air | FloorSolid: false
[12:34:01.876] [DEBUG] [PATHFINDER] Blocked at: BlockPos{x=-84, y=85, z=-98} | Feet: Air | FloorSolid: false
[12:34:01.877] [DEBUG] [PATHFINDER] Blocked at: BlockPos{x=-83, y=85, z=-99} | Feet: Air | FloorSolid: false
[12:34:01.877] [DEBUG] [PATHFINDER] Blocked at: BlockPos{x=-85, y=85, z=-99} | Feet: Air | FloorSolid: false
[12:34:01.877] [DEBUG] [PATHFINDER] Blocked at: BlockPos{x=-84, y=83, z=-100} | Feet: White Concrete | FloorSolid: true
[12:34:01.877] [DEBUG] [PATHFINDER] Blocked at: BlockPos{x=-84, y=83, z=-98} | Feet: Black Concrete | FloorSolid: true
[12:34:01.877] [DEBUG] [PATHFINDER] Blocked at: BlockPos{x=-83, y=83, z=-99} | Feet: White Concrete | FloorSolid: true
[12:34:01.878] [DEBUG] [PATHFINDER] Blocked at: BlockPos{x=-85, y=83, z=-99} | Feet: Black Concrete | FloorSolid: true
[12:34:01.878] [DEBUG] [PATHFINDER] Blocked at: BlockPos{x=-84, y=85, z=-101} | Feet: Air | FloorSolid: false
[12:34:01.878] [DEBUG] [PATHFINDER] Blocked at: BlockPos{x=-84, y=85, z=-99} | Feet: Air | FloorSolid: false
[12:34:01.878] [DEBUG] [PATHFINDER] Blocked at: BlockPos{x=-83, y=85, z=-100} | Feet: Air | FloorSolid: false
[12:34:01.878] [DEBUG] [PATHFINDER] Blocked at: BlockPos{x=-85, y=85, z=-100} | Feet: Air | FloorSolid: false
[12:34:01.878] [DEBUG] [PATHFINDER] Blocked at: BlockPos{x=-84, y=83, z=-101} | Feet: White Concrete | FloorSolid: true
[12:34:01.878] [DEBUG] [PATHFINDER] Blocked at: BlockPos{x=-84, y=83, z=-99} | Feet: White Concrete | FloorSolid: true
[12:34:01.879] [DEBUG] [PATHFINDER] Blocked at: BlockPos{x=-83, y=83, z=-100} | Feet: White Concrete | FloorSolid: true
[12:34:01.879] [DEBUG] [PATHFINDER] Blocked at: BlockPos{x=-85, y=83, z=-100} | Feet: Black Concrete | FloorSolid: true
[12:34:01.879] [DEBUG] [PATHFINDER] Blocked at: BlockPos{x=-84, y=85, z=-102} | Feet: Air | FloorSolid: false
[12:34:01.879] [DEBUG] [PATHFINDER] Blocked at: BlockPos{x=-84, y=85, z=-100} | Feet: Air | FloorSolid: false
[12:34:01.879] [DEBUG] [PATHFINDER] Blocked at: BlockPos{x=-83, y=85, z=-101} | Feet: Air | FloorSolid: false
[12:34:01.879] [DEBUG] [PATHFINDER] Blocked at: BlockPos{x=-85, y=85, z=-101} | Feet: Air | FloorSolid: false
[12:34:01.880] [DEBUG] [PATHFINDER] Blocked at: BlockPos{x=-84, y=83, z=-102} | Feet: White Concrete | FloorSolid: true
[12:34:01.880] [DEBUG] [PATHFINDER] Blocked at: BlockPos{x=-84, y=83, z=-100} | Feet: White Concrete | FloorSolid: true
[12:34:01.880] [DEBUG] [PATHFINDER] Blocked at: BlockPos{x=-83, y=83, z=-101} | Feet: White Concrete | FloorSolid: true
[12:34:01.880] [DEBUG] [PATHFINDER] Blocked at: BlockPos{x=-85, y=83, z=-101} | Feet: Black Concrete | FloorSolid: true
[12:34:02.324] [INFO] [DEBUG] 
===== MOBILEMINER DIAGNOSTIC =====
BOT
- State: MOVING_TO_TARGET (Moving to BlockPos{x=-82, y=84, z=-102})
- Active Task: ShadowBotTask
TASK
- Pool Size: 2
- Last Completed: DiagnosticTestTask
- Last Failed: AimingTask (Aiming timed out)
PLAYER
- Pos: (-82.78441025094331, 84.0, -99.79748786543776)
PERCEPTION
- Target: null
- Failures: 0
ENGINE
- Last Tick: 40µs
RECENT STATE TRANSITIONS
...->AIMING (Aiming at (-83.5, 84.5, -93.5))
...->MOVING_TO_TARGET (Moving to BlockPos{x=-84, y=84, z=-96})
...->AIMING (Aiming at (-84.5, 84.5, -96.5))
...->MOVING_TO_TARGET (Moving to BlockPos{x=-85, y=84, z=-97})
...->AIMING (Reached destination)
...->MOVING_TO_TARGET (Moving to BlockPos{x=-85, y=84, z=-99})
...->AIMING (Reached destination)
...->MOVING_TO_TARGET (Moving to BlockPos{x=-85, y=84, z=-102})
...->AIMING (Aiming at (-83.5, 84.5, -101.5))
...->MOVING_TO_TARGET (Moving to BlockPos{x=-82, y=84, z=-102})
============================
[12:34:03.321] [INFO] [DEBUG] 
===== MOBILEMINER DIAGNOSTIC =====
BOT
- State: AIMING (Aiming at (-80.5, 84.5, -102.5))
- Active Task: ShadowBotTask
TASK
- Pool Size: 2
- Last Completed: DiagnosticTestTask
- Last Failed: AimingTask (Aiming timed out)
PLAYER
- Pos: (-82.55586631852906, 84.0, -100.19722817886795)
PERCEPTION
- Target: null
- Failures: 0
ENGINE
- Last Tick: 7µs
RECENT STATE TRANSITIONS
...->MOVING_TO_TARGET (Moving to BlockPos{x=-84, y=84, z=-96})
...->AIMING (Aiming at (-84.5, 84.5, -96.5))
...->MOVING_TO_TARGET (Moving to BlockPos{x=-85, y=84, z=-97})
...->AIMING (Reached destination)
...->MOVING_TO_TARGET (Moving to BlockPos{x=-85, y=84, z=-99})
...->AIMING (Reached destination)
...->MOVING_TO_TARGET (Moving to BlockPos{x=-85, y=84, z=-102})
...->AIMING (Aiming at (-83.5, 84.5, -101.5))
...->MOVING_TO_TARGET (Moving to BlockPos{x=-82, y=84, z=-102})
...->AIMING (Aiming at (-80.5, 84.5, -102.5))
============================
[12:34:03.425] [DEBUG] [PATHFINDER] Blocked at: BlockPos{x=-83, y=85, z=-102} | Feet: Air | FloorSolid: false
[12:34:03.425] [DEBUG] [PATHFINDER] Blocked at: BlockPos{x=-83, y=85, z=-100} | Feet: Air | FloorSolid: false
[12:34:03.425] [DEBUG] [PATHFINDER] Blocked at: BlockPos{x=-82, y=85, z=-101} | Feet: Air | FloorSolid: false
[12:34:03.426] [DEBUG] [PATHFINDER] Blocked at: BlockPos{x=-84, y=85, z=-101} | Feet: Air | FloorSolid: false
[12:34:03.426] [DEBUG] [PATHFINDER] Blocked at: BlockPos{x=-83, y=83, z=-102} | Feet: White Concrete | FloorSolid: true
[12:34:03.426] [DEBUG] [PATHFINDER] Blocked at: BlockPos{x=-83, y=83, z=-100} | Feet: White Concrete | FloorSolid: true
[12:34:03.426] [DEBUG] [PATHFINDER] Blocked at: BlockPos{x=-82, y=83, z=-101} | Feet: White Concrete | FloorSolid: true
[12:34:03.426] [DEBUG] [PATHFINDER] Blocked at: BlockPos{x=-84, y=83, z=-101} | Feet: White Concrete | FloorSolid: true
[12:34:03.426] [DEBUG] [PATHFINDER] Blocked at: BlockPos{x=-82, y=85, z=-102} | Feet: Air | FloorSolid: false
[12:34:03.426] [DEBUG] [PATHFINDER] Blocked at: BlockPos{x=-82, y=85, z=-100} | Feet: Air | FloorSolid: false
[12:34:03.427] [DEBUG] [PATHFINDER] Blocked at: BlockPos{x=-81, y=85, z=-101} | Feet: Air | FloorSolid: false
[12:34:03.427] [DEBUG] [PATHFINDER] Blocked at: BlockPos{x=-83, y=85, z=-101} | Feet: Air | FloorSolid: false
[12:34:03.427] [DEBUG] [PATHFINDER] Blocked at: BlockPos{x=-82, y=83, z=-102} | Feet: White Concrete | FloorSolid: true
[12:34:03.427] [DEBUG] [PATHFINDER] Blocked at: BlockPos{x=-82, y=83, z=-100} | Feet: White Concrete | FloorSolid: true
[12:34:03.427] [DEBUG] [PATHFINDER] Blocked at: BlockPos{x=-81, y=83, z=-101} | Feet: White Concrete | FloorSolid: true
[12:34:03.427] [DEBUG] [PATHFINDER] Blocked at: BlockPos{x=-83, y=83, z=-101} | Feet: White Concrete | FloorSolid: true
[12:34:03.427] [DEBUG] [PATHFINDER] Blocked at: BlockPos{x=-82, y=85, z=-101} | Feet: Air | FloorSolid: false
[12:34:03.427] [DEBUG] [PATHFINDER] Blocked at: BlockPos{x=-82, y=85, z=-99} | Feet: Air | FloorSolid: false
[12:34:03.428] [DEBUG] [PATHFINDER] Blocked at: BlockPos{x=-81, y=85, z=-100} | Feet: Air | FloorSolid: false
[12:34:03.428] [DEBUG] [PATHFINDER] Blocked at: BlockPos{x=-83, y=85, z=-100} | Feet: Air | FloorSolid: false
[12:34:03.428] [DEBUG] [PATHFINDER] Blocked at: BlockPos{x=-82, y=83, z=-101} | Feet: White Concrete | FloorSolid: true
[12:34:03.428] [DEBUG] [PATHFINDER] Blocked at: BlockPos{x=-82, y=83, z=-99} | Feet: White Concrete | FloorSolid: true
[12:34:03.428] [DEBUG] [PATHFINDER] Blocked at: BlockPos{x=-81, y=83, z=-100} | Feet: White Concrete | FloorSolid: true
[12:34:03.428] [DEBUG] [PATHFINDER] Blocked at: BlockPos{x=-83, y=83, z=-100} | Feet: White Concrete | FloorSolid: true
[12:34:03.964] [DEBUG] [PATHFINDER] Blocked at: BlockPos{x=-82, y=85, z=-101} | Feet: Air | FloorSolid: false
[12:34:03.965] [DEBUG] [PATHFINDER] Blocked at: BlockPos{x=-82, y=85, z=-99} | Feet: Air | FloorSolid: false
[12:34:03.965] [DEBUG] [PATHFINDER] Blocked at: BlockPos{x=-81, y=85, z=-100} | Feet: Air | FloorSolid: false
[12:34:03.965] [DEBUG] [PATHFINDER] Blocked at: BlockPos{x=-83, y=85, z=-100} | Feet: Air | FloorSolid: false
[12:34:03.965] [DEBUG] [PATHFINDER] Blocked at: BlockPos{x=-82, y=83, z=-101} | Feet: White Concrete | FloorSolid: true
[12:34:03.966] [DEBUG] [PATHFINDER] Blocked at: BlockPos{x=-82, y=83, z=-99} | Feet: White Concrete | FloorSolid: true
[12:34:03.966] [DEBUG] [PATHFINDER] Blocked at: BlockPos{x=-81, y=83, z=-100} | Feet: White Concrete | FloorSolid: true
[12:34:03.966] [DEBUG] [PATHFINDER] Blocked at: BlockPos{x=-83, y=83, z=-100} | Feet: White Concrete | FloorSolid: true
[12:34:03.966] [DEBUG] [PATHFINDER] Blocked at: BlockPos{x=-81, y=85, z=-101} | Feet: Air | FloorSolid: false
[12:34:03.966] [DEBUG] [PATHFINDER] Blocked at: BlockPos{x=-81, y=85, z=-99} | Feet: Air | FloorSolid: false
[12:34:03.967] [DEBUG] [PATHFINDER] Blocked at: BlockPos{x=-80, y=85, z=-100} | Feet: Air | FloorSolid: false
[12:34:03.967] [DEBUG] [PATHFINDER] Blocked at: BlockPos{x=-82, y=85, z=-100} | Feet: Air | FloorSolid: false
[12:34:03.967] [DEBUG] [PATHFINDER] Blocked at: BlockPos{x=-81, y=83, z=-101} | Feet: White Concrete | FloorSolid: true
[12:34:03.967] [DEBUG] [PATHFINDER] Blocked at: BlockPos{x=-81, y=83, z=-99} | Feet: White Concrete | FloorSolid: true
[12:34:03.967] [DEBUG] [PATHFINDER] Blocked at: BlockPos{x=-80, y=83, z=-100} | Feet: Black Concrete | FloorSolid: true
[12:34:03.967] [DEBUG] [PATHFINDER] Blocked at: BlockPos{x=-82, y=83, z=-100} | Feet: White Concrete | FloorSolid: true
[12:34:04.328] [INFO] [DEBUG] 
===== MOBILEMINER DIAGNOSTIC =====
BOT
- State: MOVING_TO_TARGET (Moving to BlockPos{x=-79, y=84, z=-99})
- Active Task: ShadowBotTask
TASK
- Pool Size: 2
- Last Completed: DiagnosticTestTask
- Last Failed: AimingTask (Aiming timed out)
PLAYER
- Pos: (-79.99110701922078, 84.0, -99.59742271372463)
PERCEPTION
- Target: null
- Failures: 0
ENGINE
- Last Tick: 27µs
RECENT STATE TRANSITIONS
...->AIMING (Reached destination)
...->MOVING_TO_TARGET (Moving to BlockPos{x=-85, y=84, z=-99})
...->AIMING (Reached destination)
...->MOVING_TO_TARGET (Moving to BlockPos{x=-85, y=84, z=-102})
...->AIMING (Aiming at (-83.5, 84.5, -101.5))
...->MOVING_TO_TARGET (Moving to BlockPos{x=-82, y=84, z=-102})
...->AIMING (Aiming at (-80.5, 84.5, -102.5))
...->MOVING_TO_TARGET (Moving to BlockPos{x=-80, y=84, z=-99})
...->AIMING (Aiming at (-78.5, 84.5, -98.5))
...->MOVING_TO_TARGET (Moving to BlockPos{x=-79, y=84, z=-99})
============================
[12:34:05.324] [INFO] [DEBUG] 
===== MOBILEMINER DIAGNOSTIC =====
BOT
- State: MOVING_TO_TARGET (Moving to BlockPos{x=-79, y=84, z=-99})
- Active Task: ShadowBotTask
TASK
- Pool Size: 2
- Last Completed: DiagnosticTestTask
- Last Failed: AimingTask (Aiming timed out)
PLAYER
- Pos: (-81.5813256341581, 84.0, -99.69376799491282)
PERCEPTION
- Target: null
- Failures: 0
ENGINE
- Last Tick: 27µs
RECENT STATE TRANSITIONS
...->AIMING (Reached destination)
...->MOVING_TO_TARGET (Moving to BlockPos{x=-85, y=84, z=-99})
...->AIMING (Reached destination)
...->MOVING_TO_TARGET (Moving to BlockPos{x=-85, y=84, z=-102})
...->AIMING (Aiming at (-83.5, 84.5, -101.5))
...->MOVING_TO_TARGET (Moving to BlockPos{x=-82, y=84, z=-102})
...->AIMING (Aiming at (-80.5, 84.5, -102.5))
...->MOVING_TO_TARGET (Moving to BlockPos{x=-80, y=84, z=-99})
...->AIMING (Aiming at (-78.5, 84.5, -98.5))
...->MOVING_TO_TARGET (Moving to BlockPos{x=-79, y=84, z=-99})
============================
[12:34:06.118] [DEBUG] [PATHFINDER] Blocked at: BlockPos{x=-80, y=85, z=-101} | Feet: Air | FloorSolid: false
[12:34:06.118] [DEBUG] [PATHFINDER] Blocked at: BlockPos{x=-80, y=85, z=-99} | Feet: Air | FloorSolid: false
[12:34:06.118] [DEBUG] [PATHFINDER] Blocked at: BlockPos{x=-79, y=85, z=-100} | Feet: Air | FloorSolid: false
[12:34:06.119] [DEBUG] [PATHFINDER] Blocked at: BlockPos{x=-81, y=85, z=-100} | Feet: Air | FloorSolid: false
[12:34:06.119] [DEBUG] [PATHFINDER] Blocked at: BlockPos{x=-80, y=83, z=-101} | Feet: Black Concrete | FloorSolid: true
[12:34:06.119] [DEBUG] [PATHFINDER] Blocked at: BlockPos{x=-80, y=83, z=-99} | Feet: Black Concrete | FloorSolid: true
[12:34:06.119] [DEBUG] [PATHFINDER] Blocked at: BlockPos{x=-79, y=83, z=-100} | Feet: White Concrete | FloorSolid: true
[12:34:06.119] [DEBUG] [PATHFINDER] Blocked at: BlockPos{x=-81, y=83, z=-100} | Feet: White Concrete | FloorSolid: true
[12:34:06.120] [DEBUG] [PATHFINDER] Blocked at: BlockPos{x=-79, y=85, z=-101} | Feet: Air | FloorSolid: false
[12:34:06.120] [DEBUG] [PATHFINDER] Blocked at: BlockPos{x=-79, y=85, z=-99} | Feet: Air | FloorSolid: false
[12:34:06.120] [DEBUG] [PATHFINDER] Blocked at: BlockPos{x=-78, y=85, z=-100} | Feet: Air | FloorSolid: false
[12:34:06.120] [DEBUG] [PATHFINDER] Blocked at: BlockPos{x=-80, y=85, z=-100} | Feet: Air | FloorSolid: false
[12:34:06.120] [DEBUG] [PATHFINDER] Blocked at: BlockPos{x=-79, y=83, z=-101} | Feet: White Concrete | FloorSolid: true
[12:34:06.120] [DEBUG] [PATHFINDER] Blocked at: BlockPos{x=-79, y=83, z=-99} | Feet: White Concrete | FloorSolid: true
[12:34:06.120] [DEBUG] [PATHFINDER] Blocked at: BlockPos{x=-78, y=83, z=-100} | Feet: White Concrete | FloorSolid: true
[12:34:06.121] [DEBUG] [PATHFINDER] Blocked at: BlockPos{x=-80, y=83, z=-100} | Feet: Black Concrete | FloorSolid: true
[12:34:06.121] [DEBUG] [PATHFINDER] Blocked at: BlockPos{x=-78, y=85, z=-101} | Feet: Air | FloorSolid: false
[12:34:06.121] [DEBUG] [PATHFINDER] Blocked at: BlockPos{x=-78, y=85, z=-99} | Feet: Air | FloorSolid: false
[12:34:06.121] [DEBUG] [PATHFINDER] Blocked at: BlockPos{x=-77, y=85, z=-100} | Feet: Air | FloorSolid: false
[12:34:06.122] [DEBUG] [PATHFINDER] Blocked at: BlockPos{x=-79, y=85, z=-100} | Feet: Air | FloorSolid: false
[12:34:06.122] [DEBUG] [PATHFINDER] Blocked at: BlockPos{x=-78, y=83, z=-101} | Feet: White Concrete | FloorSolid: true
[12:34:06.122] [DEBUG] [PATHFINDER] Blocked at: BlockPos{x=-78, y=83, z=-99} | Feet: White Concrete | FloorSolid: true
[12:34:06.122] [DEBUG] [PATHFINDER] Blocked at: BlockPos{x=-77, y=83, z=-100} | Feet: White Concrete | FloorSolid: true
[12:34:06.123] [DEBUG] [PATHFINDER] Blocked at: BlockPos{x=-79, y=83, z=-100} | Feet: White Concrete | FloorSolid: true
[12:34:06.123] [DEBUG] [PATHFINDER] Blocked at: BlockPos{x=-77, y=85, z=-101} | Feet: Air | FloorSolid: false
[12:34:06.123] [DEBUG] [PATHFINDER] Blocked at: BlockPos{x=-77, y=85, z=-99} | Feet: Air | FloorSolid: false
[12:34:06.123] [DEBUG] [PATHFINDER] Blocked at: BlockPos{x=-76, y=85, z=-100} | Feet: Air | FloorSolid: false
[12:34:06.123] [DEBUG] [PATHFINDER] Blocked at: BlockPos{x=-78, y=85, z=-100} | Feet: Air | FloorSolid: false
[12:34:06.124] [DEBUG] [PATHFINDER] Blocked at: BlockPos{x=-77, y=83, z=-101} | Feet: White Concrete | FloorSolid: true
[12:34:06.124] [DEBUG] [PATHFINDER] Blocked at: BlockPos{x=-77, y=83, z=-99} | Feet: White Concrete | FloorSolid: true
[12:34:06.124] [DEBUG] [PATHFINDER] Blocked at: BlockPos{x=-76, y=83, z=-100} | Feet: White Concrete | FloorSolid: true
[12:34:06.124] [DEBUG] [PATHFINDER] Blocked at: BlockPos{x=-78, y=83, z=-100} | Feet: White Concrete | FloorSolid: true
[12:34:06.124] [DEBUG] [PATHFINDER] Blocked at: BlockPos{x=-77, y=85, z=-102} | Feet: Air | FloorSolid: false
[12:34:06.124] [DEBUG] [PATHFINDER] Blocked at: BlockPos{x=-77, y=85, z=-100} | Feet: Air | FloorSolid: false
[12:34:06.125] [DEBUG] [PATHFINDER] Blocked at: BlockPos{x=-76, y=85, z=-101} | Feet: Air | FloorSolid: false
[12:34:06.125] [DEBUG] [PATHFINDER] Blocked at: BlockPos{x=-78, y=85, z=-101} | Feet: Air | FloorSolid: false
[12:34:06.125] [DEBUG] [PATHFINDER] Blocked at: BlockPos{x=-77, y=83, z=-102} | Feet: White Concrete | FloorSolid: true
[12:34:06.125] [DEBUG] [PATHFINDER] Blocked at: BlockPos{x=-77, y=83, z=-100} | Feet: White Concrete | FloorSolid: true
[12:34:06.125] [DEBUG] [PATHFINDER] Blocked at: BlockPos{x=-76, y=83, z=-101} | Feet: White Concrete | FloorSolid: true
[12:34:06.126] [DEBUG] [PATHFINDER] Blocked at: BlockPos{x=-78, y=83, z=-101} | Feet: White Concrete | FloorSolid: true
[12:34:06.337] [INFO] [DEBUG] 
===== MOBILEMINER DIAGNOSTIC =====
BOT
- State: MOVING_TO_TARGET (Moving to BlockPos{x=-75, y=84, z=-102})
- Active Task: ShadowBotTask
TASK
- Pool Size: 2
- Last Completed: DiagnosticTestTask
- Last Failed: AimingTask (Aiming timed out)
PLAYER
- Pos: (-79.29308902865132, 84.0, -99.21210864287727)
PERCEPTION
- Target: null
- Failures: 0
ENGINE
- Last Tick: 23µs
RECENT STATE TRANSITIONS
...->AIMING (Reached destination)
...->MOVING_TO_TARGET (Moving to BlockPos{x=-85, y=84, z=-102})
...->AIMING (Aiming at (-83.5, 84.5, -101.5))
...->MOVING_TO_TARGET (Moving to BlockPos{x=-82, y=84, z=-102})
...->AIMING (Aiming at (-80.5, 84.5, -102.5))
...->MOVING_TO_TARGET (Moving to BlockPos{x=-80, y=84, z=-99})
...->AIMING (Aiming at (-78.5, 84.5, -98.5))
...->MOVING_TO_TARGET (Moving to BlockPos{x=-79, y=84, z=-99})
...->AIMING (Reached destination)
...->MOVING_TO_TARGET (Moving to BlockPos{x=-75, y=84, z=-102})
============================
[12:34:07.022] [DEBUG] [PATHFINDER] Blocked at: BlockPos{x=-77, y=85, z=-101} | Feet: Air | FloorSolid: false
[12:34:07.022] [DEBUG] [PATHFINDER] Blocked at: BlockPos{x=-77, y=85, z=-99} | Feet: Air | FloorSolid: false
[12:34:07.023] [DEBUG] [PATHFINDER] Blocked at: BlockPos{x=-76, y=85, z=-100} | Feet: Air | FloorSolid: false
[12:34:07.023] [DEBUG] [PATHFINDER] Blocked at: BlockPos{x=-78, y=85, z=-100} | Feet: Air | FloorSolid: false
[12:34:07.023] [DEBUG] [PATHFINDER] Blocked at: BlockPos{x=-77, y=83, z=-101} | Feet: White Concrete | FloorSolid: true
[12:34:07.023] [DEBUG] [PATHFINDER] Blocked at: BlockPos{x=-77, y=83, z=-99} | Feet: White Concrete | FloorSolid: true
[12:34:07.023] [DEBUG] [PATHFINDER] Blocked at: BlockPos{x=-76, y=83, z=-100} | Feet: White Concrete | FloorSolid: true
[12:34:07.023] [DEBUG] [PATHFINDER] Blocked at: BlockPos{x=-78, y=83, z=-100} | Feet: White Concrete | FloorSolid: true
[12:34:07.330] [INFO] [DEBUG] 
===== MOBILEMINER DIAGNOSTIC =====
BOT
- State: MOVING_TO_TARGET (Moving to BlockPos{x=-75, y=84, z=-99})
- Active Task: ShadowBotTask
TASK
- Pool Size: 2
- Last Completed: DiagnosticTestTask
- Last Failed: AimingTask (Aiming timed out)
PLAYER
- Pos: (-76.43801150431254, 84.0, -99.33009810465549)
PERCEPTION
- Target: null
- Failures: 0
ENGINE
- Last Tick: 29µs
RECENT STATE TRANSITIONS
...->AIMING (Aiming at (-83.5, 84.5, -101.5))
...->MOVING_TO_TARGET (Moving to BlockPos{x=-82, y=84, z=-102})
...->AIMING (Aiming at (-80.5, 84.5, -102.5))
...->MOVING_TO_TARGET (Moving to BlockPos{x=-80, y=84, z=-99})
...->AIMING (Aiming at (-78.5, 84.5, -98.5))
...->MOVING_TO_TARGET (Moving to BlockPos{x=-79, y=84, z=-99})
...->AIMING (Reached destination)
...->MOVING_TO_TARGET (Moving to BlockPos{x=-75, y=84, z=-102})
...->AIMING (Aiming at (-74.5, 84.5, -98.5))
...->MOVING_TO_TARGET (Moving to BlockPos{x=-75, y=84, z=-99})
============================
[12:34:07.569] [DEBUG] [PATHFINDER] Blocked at: BlockPos{x=-76, y=85, z=-101} | Feet: Air | FloorSolid: false
[12:34:07.569] [DEBUG] [PATHFINDER] Blocked at: BlockPos{x=-76, y=85, z=-99} | Feet: Air | FloorSolid: false
[12:34:07.569] [DEBUG] [PATHFINDER] Blocked at: BlockPos{x=-75, y=85, z=-100} | Feet: Air | FloorSolid: false
[12:34:07.569] [DEBUG] [PATHFINDER] Blocked at: BlockPos{x=-77, y=85, z=-100} | Feet: Air | FloorSolid: false
[12:34:07.569] [DEBUG] [PATHFINDER] Blocked at: BlockPos{x=-76, y=83, z=-101} | Feet: White Concrete | FloorSolid: true
[12:34:07.569] [DEBUG] [PATHFINDER] Blocked at: BlockPos{x=-76, y=83, z=-99} | Feet: White Concrete | FloorSolid: true
[12:34:07.570] [DEBUG] [PATHFINDER] Blocked at: BlockPos{x=-75, y=83, z=-100} | Feet: Black Concrete | FloorSolid: true
[12:34:07.570] [DEBUG] [PATHFINDER] Blocked at: BlockPos{x=-77, y=83, z=-100} | Feet: White Concrete | FloorSolid: true
[12:34:07.570] [DEBUG] [PATHFINDER] Blocked at: BlockPos{x=-76, y=85, z=-100} | Feet: Air | FloorSolid: false
[12:34:07.570] [DEBUG] [PATHFINDER] Blocked at: BlockPos{x=-76, y=85, z=-98} | Feet: Air | FloorSolid: false
[12:34:07.570] [DEBUG] [PATHFINDER] Blocked at: BlockPos{x=-75, y=85, z=-99} | Feet: Air | FloorSolid: false
[12:34:07.570] [DEBUG] [PATHFINDER] Blocked at: BlockPos{x=-77, y=85, z=-99} | Feet: Air | FloorSolid: false
[12:34:07.570] [DEBUG] [PATHFINDER] Blocked at: BlockPos{x=-76, y=83, z=-100} | Feet: White Concrete | FloorSolid: true
[12:34:07.570] [DEBUG] [PATHFINDER] Blocked at: BlockPos{x=-76, y=83, z=-98} | Feet: Black Concrete | FloorSolid: true
[12:34:07.570] [DEBUG] [PATHFINDER] Blocked at: BlockPos{x=-75, y=83, z=-99} | Feet: Black Concrete | FloorSolid: true
[12:34:07.570] [DEBUG] [PATHFINDER] Blocked at: BlockPos{x=-77, y=83, z=-99} | Feet: White Concrete | FloorSolid: true
[12:34:07.571] [DEBUG] [PATHFINDER] Blocked at: BlockPos{x=-76, y=85, z=-99} | Feet: Air | FloorSolid: false
[12:34:07.571] [DEBUG] [PATHFINDER] Blocked at: BlockPos{x=-76, y=85, z=-97} | Feet: Air | FloorSolid: false
[12:34:07.571] [DEBUG] [PATHFINDER] Blocked at: BlockPos{x=-75, y=85, z=-98} | Feet: Air | FloorSolid: false
[12:34:07.571] [DEBUG] [PATHFINDER] Blocked at: BlockPos{x=-77, y=85, z=-98} | Feet: Air | FloorSolid: false
[12:34:07.571] [DEBUG] [PATHFINDER] Blocked at: BlockPos{x=-76, y=83, z=-99} | Feet: White Concrete | FloorSolid: true
[12:34:07.571] [DEBUG] [PATHFINDER] Blocked at: BlockPos{x=-76, y=83, z=-97} | Feet: White Concrete | FloorSolid: true
[12:34:07.571] [DEBUG] [PATHFINDER] Blocked at: BlockPos{x=-75, y=83, z=-98} | Feet: Black Concrete | FloorSolid: true
[12:34:07.571] [DEBUG] [PATHFINDER] Blocked at: BlockPos{x=-77, y=83, z=-98} | Feet: Black Concrete | FloorSolid: true
[12:34:08.316] [INFO] [DEBUG] 
===== MOBILEMINER DIAGNOSTIC =====
BOT
- State: MOVING_TO_TARGET (Moving to BlockPos{x=-75, y=84, z=-96})
- Active Task: ShadowBotTask
TASK
- Pool Size: 2
- Last Completed: DiagnosticTestTask
- Last Failed: AimingTask (Aiming timed out)
PLAYER
- Pos: (-75.20251976262614, 84.0, -97.44897254077827)
PERCEPTION
- Target: null
- Failures: 0
ENGINE
- Last Tick: 21µs
RECENT STATE TRANSITIONS
...->AIMING (Aiming at (-80.5, 84.5, -102.5))
...->MOVING_TO_TARGET (Moving to BlockPos{x=-80, y=84, z=-99})
...->AIMING (Aiming at (-78.5, 84.5, -98.5))
...->MOVING_TO_TARGET (Moving to BlockPos{x=-79, y=84, z=-99})
...->AIMING (Reached destination)
...->MOVING_TO_TARGET (Moving to BlockPos{x=-75, y=84, z=-102})
...->AIMING (Aiming at (-74.5, 84.5, -98.5))
...->MOVING_TO_TARGET (Moving to BlockPos{x=-75, y=84, z=-99})
...->AIMING (Reached destination)
...->MOVING_TO_TARGET (Moving to BlockPos{x=-75, y=84, z=-96})
============================
[12:34:08.926] [DEBUG] [PATHFINDER] Blocked at: BlockPos{x=-76, y=85, z=-98} | Feet: Air | FloorSolid: false
[12:34:08.927] [DEBUG] [PATHFINDER] Blocked at: BlockPos{x=-76, y=85, z=-96} | Feet: Air | FloorSolid: false
[12:34:08.927] [DEBUG] [PATHFINDER] Blocked at: BlockPos{x=-75, y=85, z=-97} | Feet: Air | FloorSolid: false
[12:34:08.927] [DEBUG] [PATHFINDER] Blocked at: BlockPos{x=-77, y=85, z=-97} | Feet: Air | FloorSolid: false
[12:34:08.927] [DEBUG] [PATHFINDER] Blocked at: BlockPos{x=-76, y=83, z=-98} | Feet: Black Concrete | FloorSolid: true
[12:34:08.927] [DEBUG] [PATHFINDER] Blocked at: BlockPos{x=-76, y=83, z=-96} | Feet: White Concrete | FloorSolid: true
[12:34:08.928] [DEBUG] [PATHFINDER] Blocked at: BlockPos{x=-75, y=83, z=-97} | Feet: Black Concrete | FloorSolid: true
[12:34:08.928] [DEBUG] [PATHFINDER] Blocked at: BlockPos{x=-77, y=83, z=-97} | Feet: White Concrete | FloorSolid: true
[12:34:08.928] [DEBUG] [PATHFINDER] Blocked at: BlockPos{x=-76, y=85, z=-97} | Feet: Air | FloorSolid: false
[12:34:08.928] [DEBUG] [PATHFINDER] Blocked at: BlockPos{x=-76, y=85, z=-95} | Feet: Air | FloorSolid: false
[12:34:08.928] [DEBUG] [PATHFINDER] Blocked at: BlockPos{x=-75, y=85, z=-96} | Feet: Air | FloorSolid: false
[12:34:08.928] [DEBUG] [PATHFINDER] Blocked at: BlockPos{x=-77, y=85, z=-96} | Feet: Air | FloorSolid: false
[12:34:08.928] [DEBUG] [PATHFINDER] Blocked at: BlockPos{x=-76, y=83, z=-97} | Feet: White Concrete | FloorSolid: true
[12:34:08.929] [DEBUG] [PATHFINDER] Blocked at: BlockPos{x=-76, y=83, z=-95} | Feet: White Concrete | FloorSolid: true
[12:34:08.929] [DEBUG] [PATHFINDER] Blocked at: BlockPos{x=-75, y=83, z=-96} | Feet: Black Concrete | FloorSolid: true
[12:34:08.929] [DEBUG] [PATHFINDER] Blocked at: BlockPos{x=-77, y=83, z=-96} | Feet: White Concrete | FloorSolid: true
[12:34:09.216] [DEBUG] [PATHFINDER] Blocked at: BlockPos{x=-76, y=85, z=-98} | Feet: Air | FloorSolid: false
[12:34:09.217] [DEBUG] [PATHFINDER] Blocked at: BlockPos{x=-76, y=85, z=-96} | Feet: Air | FloorSolid: false
[12:34:09.217] [DEBUG] [PATHFINDER] Blocked at: BlockPos{x=-75, y=85, z=-97} | Feet: Air | FloorSolid: false
[12:34:09.217] [DEBUG] [PATHFINDER] Blocked at: BlockPos{x=-77, y=85, z=-97} | Feet: Air | FloorSolid: false
[12:34:09.218] [DEBUG] [PATHFINDER] Blocked at: BlockPos{x=-76, y=83, z=-98} | Feet: Black Concrete | FloorSolid: true
[12:34:09.218] [DEBUG] [PATHFINDER] Blocked at: BlockPos{x=-76, y=83, z=-96} | Feet: White Concrete | FloorSolid: true
[12:34:09.218] [DEBUG] [PATHFINDER] Blocked at: BlockPos{x=-75, y=83, z=-97} | Feet: Black Concrete | FloorSolid: true
[12:34:09.218] [DEBUG] [PATHFINDER] Blocked at: BlockPos{x=-77, y=83, z=-97} | Feet: White Concrete | FloorSolid: true
[12:34:09.218] [DEBUG] [PATHFINDER] Blocked at: BlockPos{x=-76, y=85, z=-97} | Feet: Air | FloorSolid: false
[12:34:09.218] [DEBUG] [PATHFINDER] Blocked at: BlockPos{x=-76, y=85, z=-95} | Feet: Air | FloorSolid: false
[12:34:09.218] [DEBUG] [PATHFINDER] Blocked at: BlockPos{x=-75, y=85, z=-96} | Feet: Air | FloorSolid: false
[12:34:09.219] [DEBUG] [PATHFINDER] Blocked at: BlockPos{x=-77, y=85, z=-96} | Feet: Air | FloorSolid: false
[12:34:09.219] [DEBUG] [PATHFINDER] Blocked at: BlockPos{x=-76, y=83, z=-97} | Feet: White Concrete | FloorSolid: true
[12:34:09.219] [DEBUG] [PATHFINDER] Blocked at: BlockPos{x=-76, y=83, z=-95} | Feet: White Concrete | FloorSolid: true
[12:34:09.219] [DEBUG] [PATHFINDER] Blocked at: BlockPos{x=-75, y=83, z=-96} | Feet: Black Concrete | FloorSolid: true
[12:34:09.219] [DEBUG] [PATHFINDER] Blocked at: BlockPos{x=-77, y=83, z=-96} | Feet: White Concrete | FloorSolid: true
[12:34:09.220] [DEBUG] [PATHFINDER] Blocked at: BlockPos{x=-76, y=85, z=-96} | Feet: Air | FloorSolid: false
[12:34:09.220] [DEBUG] [PATHFINDER] Blocked at: BlockPos{x=-76, y=85, z=-94} | Feet: Air | FloorSolid: false
[12:34:09.220] [DEBUG] [PATHFINDER] Blocked at: BlockPos{x=-75, y=85, z=-95} | Feet: Air | FloorSolid: false
[12:34:09.220] [DEBUG] [PATHFINDER] Blocked at: BlockPos{x=-77, y=85, z=-95} | Feet: Air | FloorSolid: false
[12:34:09.220] [DEBUG] [PATHFINDER] Blocked at: BlockPos{x=-76, y=83, z=-96} | Feet: White Concrete | FloorSolid: true
[12:34:09.221] [DEBUG] [PATHFINDER] Blocked at: BlockPos{x=-76, y=83, z=-94} | Feet: White Concrete | FloorSolid: true
[12:34:09.221] [DEBUG] [PATHFINDER] Blocked at: BlockPos{x=-75, y=83, z=-95} | Feet: Black Concrete | FloorSolid: true
[12:34:09.221] [DEBUG] [PATHFINDER] Blocked at: BlockPos{x=-77, y=83, z=-95} | Feet: White Concrete | FloorSolid: true
[12:34:09.316] [INFO] [DEBUG] 
===== MOBILEMINER DIAGNOSTIC =====
BOT
- State: MOVING_TO_TARGET (Moving to BlockPos{x=-78, y=84, z=-94})
- Active Task: ShadowBotTask
TASK
- Pool Size: 2
- Last Completed: DiagnosticTestTask
- Last Failed: AimingTask (Aiming timed out)
PLAYER
- Pos: (-75.66407363026372, 84.0, -96.11999272179644)
PERCEPTION
- Target: null
- Failures: 0
ENGINE
- Last Tick: 31µs
RECENT STATE TRANSITIONS
...->AIMING (Reached destination)
...->MOVING_TO_TARGET (Moving to BlockPos{x=-75, y=84, z=-102})
...->AIMING (Aiming at (-74.5, 84.5, -98.5))
...->MOVING_TO_TARGET (Moving to BlockPos{x=-75, y=84, z=-99})
...->AIMING (Reached destination)
...->MOVING_TO_TARGET (Moving to BlockPos{x=-75, y=84, z=-96})
...->AIMING (Reached destination)
...->MOVING_TO_TARGET (Moving to BlockPos{x=-77, y=84, z=-94})
...->AIMING (Aiming at (-76.5, 84.5, -93.5))
...->MOVING_TO_TARGET (Moving to BlockPos{x=-78, y=84, z=-94})
============================
[12:34:09.866] [DEBUG] [PATHFINDER] Blocked at: BlockPos{x=-77, y=85, z=-96} | Feet: Air | FloorSolid: false
[12:34:09.866] [DEBUG] [PATHFINDER] Blocked at: BlockPos{x=-77, y=85, z=-94} | Feet: Air | FloorSolid: false
[12:34:09.867] [DEBUG] [PATHFINDER] Blocked at: BlockPos{x=-76, y=85, z=-95} | Feet: Air | FloorSolid: false
[12:34:09.867] [DEBUG] [PATHFINDER] Blocked at: BlockPos{x=-78, y=85, z=-95} | Feet: Air | FloorSolid: false
[12:34:09.867] [DEBUG] [PATHFINDER] Blocked at: BlockPos{x=-77, y=83, z=-96} | Feet: White Concrete | FloorSolid: true
[12:34:09.867] [DEBUG] [PATHFINDER] Blocked at: BlockPos{x=-77, y=83, z=-94} | Feet: White Concrete | FloorSolid: true
[12:34:09.867] [DEBUG] [PATHFINDER] Blocked at: BlockPos{x=-76, y=83, z=-95} | Feet: White Concrete | FloorSolid: true
[12:34:09.867] [DEBUG] [PATHFINDER] Blocked at: BlockPos{x=-78, y=83, z=-95} | Feet: White Concrete | FloorSolid: true
[12:34:09.868] [DEBUG] [PATHFINDER] Blocked at: BlockPos{x=-77, y=85, z=-95} | Feet: Air | FloorSolid: false
[12:34:09.868] [DEBUG] [PATHFINDER] Blocked at: BlockPos{x=-77, y=85, z=-93} | Feet: Air | FloorSolid: false
[12:34:09.868] [DEBUG] [PATHFINDER] Blocked at: BlockPos{x=-76, y=85, z=-94} | Feet: Air | FloorSolid: false
[12:34:09.868] [DEBUG] [PATHFINDER] Blocked at: BlockPos{x=-78, y=85, z=-94} | Feet: Air | FloorSolid: false
[12:34:09.868] [DEBUG] [PATHFINDER] Blocked at: BlockPos{x=-77, y=83, z=-95} | Feet: White Concrete | FloorSolid: true
[12:34:09.868] [DEBUG] [PATHFINDER] Blocked at: BlockPos{x=-77, y=83, z=-93} | Feet: Black Concrete | FloorSolid: true
[12:34:09.869] [DEBUG] [PATHFINDER] Blocked at: BlockPos{x=-76, y=83, z=-94} | Feet: White Concrete | FloorSolid: true
[12:34:09.869] [DEBUG] [PATHFINDER] Blocked at: BlockPos{x=-78, y=83, z=-94} | Feet: White Concrete | FloorSolid: true
[12:34:10.320] [INFO] [DEBUG] 
===== MOBILEMINER DIAGNOSTIC =====
BOT
- State: AIMING (Reached destination)
- Active Task: ShadowBotTask
TASK
- Pool Size: 2
- Last Completed: DiagnosticTestTask
- Last Failed: AimingTask (Aiming timed out)
PLAYER
- Pos: (-77.34581280402719, 84.0, -93.6806792743145)
PERCEPTION
- Target: null
- Failures: 0
ENGINE
- Last Tick: 30µs
RECENT STATE TRANSITIONS
...->MOVING_TO_TARGET (Moving to BlockPos{x=-75, y=84, z=-99})
...->AIMING (Reached destination)
...->MOVING_TO_TARGET (Moving to BlockPos{x=-75, y=84, z=-96})
...->AIMING (Reached destination)
...->MOVING_TO_TARGET (Moving to BlockPos{x=-77, y=84, z=-94})
...->AIMING (Aiming at (-76.5, 84.5, -93.5))
...->MOVING_TO_TARGET (Moving to BlockPos{x=-78, y=84, z=-94})
...->AIMING (Aiming at (-78.5, 84.5, -92.5))
...->MOVING_TO_TARGET (Moving to BlockPos{x=-79, y=84, z=-93})
...->AIMING (Reached destination)
============================
[12:34:10.370] [DEBUG] [PATHFINDER] Blocked at: BlockPos{x=-78, y=85, z=-95} | Feet: Air | FloorSolid: false
[12:34:10.371] [DEBUG] [PATHFINDER] Blocked at: BlockPos{x=-78, y=85, z=-93} | Feet: Air | FloorSolid: false
[12:34:10.371] [DEBUG] [PATHFINDER] Blocked at: BlockPos{x=-77, y=85, z=-94} | Feet: Air | FloorSolid: false
[12:34:10.371] [DEBUG] [PATHFINDER] Blocked at: BlockPos{x=-79, y=85, z=-94} | Feet: Air | FloorSolid: false
[12:34:10.371] [DEBUG] [PATHFINDER] Blocked at: BlockPos{x=-78, y=83, z=-95} | Feet: White Concrete | FloorSolid: true
[12:34:10.372] [DEBUG] [PATHFINDER] Blocked at: BlockPos{x=-78, y=83, z=-93} | Feet: Black Concrete | FloorSolid: true
[12:34:10.372] [DEBUG] [PATHFINDER] Blocked at: BlockPos{x=-77, y=83, z=-94} | Feet: White Concrete | FloorSolid: true
[12:34:10.372] [DEBUG] [PATHFINDER] Blocked at: BlockPos{x=-79, y=83, z=-94} | Feet: White Concrete | FloorSolid: true
[12:34:10.372] [DEBUG] [PATHFINDER] Blocked at: BlockPos{x=-79, y=85, z=-95} | Feet: Air | FloorSolid: false
[12:34:10.372] [DEBUG] [PATHFINDER] Blocked at: BlockPos{x=-79, y=85, z=-93} | Feet: Air | FloorSolid: false
[12:34:10.372] [DEBUG] [PATHFINDER] Blocked at: BlockPos{x=-78, y=85, z=-94} | Feet: Air | FloorSolid: false
[12:34:10.372] [DEBUG] [PATHFINDER] Blocked at: BlockPos{x=-80, y=85, z=-94} | Feet: Air | FloorSolid: false
[12:34:10.372] [DEBUG] [PATHFINDER] Blocked at: BlockPos{x=-79, y=83, z=-95} | Feet: White Concrete | FloorSolid: true
[12:34:10.372] [DEBUG] [PATHFINDER] Blocked at: BlockPos{x=-79, y=83, z=-93} | Feet: Black Concrete | FloorSolid: true
[12:34:10.373] [DEBUG] [PATHFINDER] Blocked at: BlockPos{x=-78, y=83, z=-94} | Feet: White Concrete | FloorSolid: true
[12:34:10.373] [DEBUG] [PATHFINDER] Blocked at: BlockPos{x=-80, y=83, z=-94} | Feet: Black Concrete | FloorSolid: true
[12:34:11.122] [DEBUG] [PATHFINDER] Blocked at: BlockPos{x=-80, y=85, z=-95} | Feet: Air | FloorSolid: false
[12:34:11.123] [DEBUG] [PATHFINDER] Blocked at: BlockPos{x=-80, y=85, z=-93} | Feet: Air | FloorSolid: false
[12:34:11.123] [DEBUG] [PATHFINDER] Blocked at: BlockPos{x=-79, y=85, z=-94} | Feet: Air | FloorSolid: false
[12:34:11.124] [DEBUG] [PATHFINDER] Blocked at: BlockPos{x=-81, y=85, z=-94} | Feet: Air | FloorSolid: false
[12:34:11.125] [DEBUG] [PATHFINDER] Blocked at: BlockPos{x=-80, y=83, z=-95} | Feet: Black Concrete | FloorSolid: true
[12:34:11.125] [DEBUG] [PATHFINDER] Blocked at: BlockPos{x=-80, y=83, z=-93} | Feet: Black Concrete | FloorSolid: true
[12:34:11.125] [DEBUG] [PATHFINDER] Blocked at: BlockPos{x=-79, y=83, z=-94} | Feet: White Concrete | FloorSolid: true
[12:34:11.125] [DEBUG] [PATHFINDER] Blocked at: BlockPos{x=-81, y=83, z=-94} | Feet: White Concrete | FloorSolid: true
[12:34:11.125] [DEBUG] [PATHFINDER] Blocked at: BlockPos{x=-81, y=85, z=-95} | Feet: Air | FloorSolid: false
[12:34:11.126] [DEBUG] [PATHFINDER] Blocked at: BlockPos{x=-81, y=85, z=-93} | Feet: Air | FloorSolid: false
[12:34:11.126] [DEBUG] [PATHFINDER] Blocked at: BlockPos{x=-80, y=85, z=-94} | Feet: Air | FloorSolid: false
[12:34:11.126] [DEBUG] [PATHFINDER] Blocked at: BlockPos{x=-82, y=85, z=-94} | Feet: Air | FloorSolid: false
[12:34:11.126] [DEBUG] [PATHFINDER] Blocked at: BlockPos{x=-81, y=83, z=-95} | Feet: White Concrete | FloorSolid: true
[12:34:11.126] [DEBUG] [PATHFINDER] Blocked at: BlockPos{x=-81, y=83, z=-93} | Feet: Black Concrete | FloorSolid: true
[12:34:11.126] [DEBUG] [PATHFINDER] Blocked at: BlockPos{x=-80, y=83, z=-94} | Feet: Black Concrete | FloorSolid: true
[12:34:11.127] [DEBUG] [PATHFINDER] Blocked at: BlockPos{x=-82, y=83, z=-94} | Feet: White Concrete | FloorSolid: true
[12:34:11.323] [INFO] [DEBUG] 
===== MOBILEMINER DIAGNOSTIC =====
BOT
- State: MOVING_TO_TARGET (Moving to BlockPos{x=-83, y=84, z=-93})
- Active Task: ShadowBotTask
TASK
- Pool Size: 2
- Last Completed: DiagnosticTestTask
- Last Failed: AimingTask (Aiming timed out)
PLAYER
- Pos: (-79.92514613203441, 84.0, -93.50391167446108)
PERCEPTION
- Target: null
- Failures: 0
ENGINE
- Last Tick: 32µs
RECENT STATE TRANSITIONS
...->AIMING (Reached destination)
...->MOVING_TO_TARGET (Moving to BlockPos{x=-77, y=84, z=-94})
...->AIMING (Aiming at (-76.5, 84.5, -93.5))
...->MOVING_TO_TARGET (Moving to BlockPos{x=-78, y=84, z=-94})
...->AIMING (Aiming at (-78.5, 84.5, -92.5))
...->MOVING_TO_TARGET (Moving to BlockPos{x=-79, y=84, z=-93})
...->AIMING (Reached destination)
...->MOVING_TO_TARGET (Moving to BlockPos{x=-81, y=84, z=-93})
...->AIMING (Aiming at (-82.5, 84.5, -92.5))
...->MOVING_TO_TARGET (Moving to BlockPos{x=-83, y=84, z=-93})
============================
[12:34:11.821] [DEBUG] [PATHFINDER] Blocked at: BlockPos{x=-81, y=85, z=-95} | Feet: Air | FloorSolid: false
[12:34:11.822] [DEBUG] [PATHFINDER] Blocked at: BlockPos{x=-81, y=85, z=-93} | Feet: Air | FloorSolid: false
[12:34:11.822] [DEBUG] [PATHFINDER] Blocked at: BlockPos{x=-80, y=85, z=-94} | Feet: Air | FloorSolid: false
[12:34:11.822] [DEBUG] [PATHFINDER] Blocked at: BlockPos{x=-82, y=85, z=-94} | Feet: Air | FloorSolid: false
[12:34:11.822] [DEBUG] [PATHFINDER] Blocked at: BlockPos{x=-81, y=83, z=-95} | Feet: White Concrete | FloorSolid: true
[12:34:11.823] [DEBUG] [PATHFINDER] Blocked at: BlockPos{x=-81, y=83, z=-93} | Feet: Black Concrete | FloorSolid: true
[12:34:11.823] [DEBUG] [PATHFINDER] Blocked at: BlockPos{x=-80, y=83, z=-94} | Feet: Black Concrete | FloorSolid: true
[12:34:11.823] [DEBUG] [PATHFINDER] Blocked at: BlockPos{x=-82, y=83, z=-94} | Feet: White Concrete | FloorSolid: true
[12:34:11.823] [DEBUG] [PATHFINDER] Blocked at: BlockPos{x=-82, y=85, z=-95} | Feet: Air | FloorSolid: false
[12:34:11.823] [DEBUG] [PATHFINDER] Blocked at: BlockPos{x=-82, y=85, z=-93} | Feet: Air | FloorSolid: false
[12:34:11.824] [DEBUG] [PATHFINDER] Blocked at: BlockPos{x=-81, y=85, z=-94} | Feet: Air | FloorSolid: false
[12:34:11.824] [DEBUG] [PATHFINDER] Blocked at: BlockPos{x=-83, y=85, z=-94} | Feet: Air | FloorSolid: false
[12:34:11.824] [DEBUG] [PATHFINDER] Blocked at: BlockPos{x=-82, y=83, z=-95} | Feet: White Concrete | FloorSolid: true
[12:34:11.824] [DEBUG] [PATHFINDER] Blocked at: BlockPos{x=-82, y=83, z=-93} | Feet: Black Concrete | FloorSolid: true
[12:34:11.824] [DEBUG] [PATHFINDER] Blocked at: BlockPos{x=-81, y=83, z=-94} | Feet: White Concrete | FloorSolid: true
[12:34:11.824] [DEBUG] [PATHFINDER] Blocked at: BlockPos{x=-83, y=83, z=-94} | Feet: White Concrete | FloorSolid: true
[12:34:12.316] [INFO] [DEBUG] 
===== MOBILEMINER DIAGNOSTIC =====
BOT
- State: MOVING_TO_TARGET (Moving to BlockPos{x=-84, y=84, z=-95})
- Active Task: ShadowBotTask
TASK
- Pool Size: 2
- Last Completed: DiagnosticTestTask
- Last Failed: AimingTask (Aiming timed out)
PLAYER
- Pos: (-82.10381047680283, 84.0, -93.655930730765)
PERCEPTION
- Target: null
- Failures: 0
ENGINE
- Last Tick: 10µs
RECENT STATE TRANSITIONS
...->AIMING (Aiming at (-76.5, 84.5, -93.5))
...->MOVING_TO_TARGET (Moving to BlockPos{x=-78, y=84, z=-94})
...->AIMING (Aiming at (-78.5, 84.5, -92.5))
...->MOVING_TO_TARGET (Moving to BlockPos{x=-79, y=84, z=-93})
...->AIMING (Reached destination)
...->MOVING_TO_TARGET (Moving to BlockPos{x=-81, y=84, z=-93})
...->AIMING (Aiming at (-82.5, 84.5, -92.5))
...->MOVING_TO_TARGET (Moving to BlockPos{x=-83, y=84, z=-93})
...->AIMING (Aiming at (-83.5, 84.5, -93.5))
...->MOVING_TO_TARGET (Moving to BlockPos{x=-84, y=84, z=-95})
============================
[12:34:12.418] [DEBUG] [PATHFINDER] Blocked at: BlockPos{x=-83, y=85, z=-95} | Feet: Air | FloorSolid: false
[12:34:12.418] [DEBUG] [PATHFINDER] Blocked at: BlockPos{x=-83, y=85, z=-93} | Feet: Air | FloorSolid: false
[12:34:12.418] [DEBUG] [PATHFINDER] Blocked at: BlockPos{x=-82, y=85, z=-94} | Feet: Air | FloorSolid: false
[12:34:12.419] [DEBUG] [PATHFINDER] Blocked at: BlockPos{x=-84, y=85, z=-94} | Feet: Air | FloorSolid: false
[12:34:12.419] [DEBUG] [PATHFINDER] Blocked at: BlockPos{x=-83, y=83, z=-95} | Feet: White Concrete | FloorSolid: true
[12:34:12.419] [DEBUG] [PATHFINDER] Blocked at: BlockPos{x=-83, y=83, z=-93} | Feet: Black Concrete | FloorSolid: true
[12:34:12.419] [DEBUG] [PATHFINDER] Blocked at: BlockPos{x=-82, y=83, z=-94} | Feet: White Concrete | FloorSolid: true
[12:34:12.419] [DEBUG] [PATHFINDER] Blocked at: BlockPos{x=-84, y=83, z=-94} | Feet: White Concrete | FloorSolid: true
[12:34:12.420] [DEBUG] [PATHFINDER] Blocked at: BlockPos{x=-83, y=85, z=-96} | Feet: Air | FloorSolid: false
[12:34:12.420] [DEBUG] [PATHFINDER] Blocked at: BlockPos{x=-83, y=85, z=-94} | Feet: Air | FloorSolid: false
[12:34:12.420] [DEBUG] [PATHFINDER] Blocked at: BlockPos{x=-82, y=85, z=-95} | Feet: Air | FloorSolid: false
[12:34:12.420] [DEBUG] [PATHFINDER] Blocked at: BlockPos{x=-84, y=85, z=-95} | Feet: Air | FloorSolid: false
[12:34:12.420] [DEBUG] [PATHFINDER] Blocked at: BlockPos{x=-83, y=83, z=-96} | Feet: White Concrete | FloorSolid: true
[12:34:12.420] [DEBUG] [PATHFINDER] Blocked at: BlockPos{x=-83, y=83, z=-94} | Feet: White Concrete | FloorSolid: true
[12:34:12.420] [DEBUG] [PATHFINDER] Blocked at: BlockPos{x=-82, y=83, z=-95} | Feet: White Concrete | FloorSolid: true
[12:34:12.421] [DEBUG] [PATHFINDER] Blocked at: BlockPos{x=-84, y=83, z=-95} | Feet: White Concrete | FloorSolid: true
[12:34:12.421] [DEBUG] [PATHFINDER] Blocked at: BlockPos{x=-83, y=85, z=-97} | Feet: Air | FloorSolid: false
[12:34:12.421] [DEBUG] [PATHFINDER] Blocked at: BlockPos{x=-83, y=85, z=-95} | Feet: Air | FloorSolid: false
[12:34:12.421] [DEBUG] [PATHFINDER] Blocked at: BlockPos{x=-82, y=85, z=-96} | Feet: Air | FloorSolid: false
[12:34:12.422] [DEBUG] [PATHFINDER] Blocked at: BlockPos{x=-84, y=85, z=-96} | Feet: Air | FloorSolid: false
[12:34:12.422] [DEBUG] [PATHFINDER] Blocked at: BlockPos{x=-83, y=83, z=-97} | Feet: White Concrete | FloorSolid: true
[12:34:12.422] [DEBUG] [PATHFINDER] Blocked at: BlockPos{x=-83, y=83, z=-95} | Feet: White Concrete | FloorSolid: true
[12:34:12.422] [DEBUG] [PATHFINDER] Blocked at: BlockPos{x=-82, y=83, z=-96} | Feet: White Concrete | FloorSolid: true
[12:34:12.422] [DEBUG] [PATHFINDER] Blocked at: BlockPos{x=-84, y=83, z=-96} | Feet: White Concrete | FloorSolid: true
[12:34:13.066] [DEBUG] [PATHFINDER] Blocked at: BlockPos{x=-84, y=85, z=-97} | Feet: Air | FloorSolid: false
[12:34:13.067] [DEBUG] [PATHFINDER] Blocked at: BlockPos{x=-84, y=85, z=-95} | Feet: Air | FloorSolid: false
[12:34:13.067] [DEBUG] [PATHFINDER] Blocked at: BlockPos{x=-83, y=85, z=-96} | Feet: Air | FloorSolid: false
[12:34:13.067] [DEBUG] [PATHFINDER] Blocked at: BlockPos{x=-85, y=85, z=-96} | Feet: Air | FloorSolid: false
[12:34:13.067] [DEBUG] [PATHFINDER] Blocked at: BlockPos{x=-84, y=83, z=-97} | Feet: White Concrete | FloorSolid: true
[12:34:13.067] [DEBUG] [PATHFINDER] Blocked at: BlockPos{x=-84, y=83, z=-95} | Feet: White Concrete | FloorSolid: true
[12:34:13.068] [DEBUG] [PATHFINDER] Blocked at: BlockPos{x=-83, y=83, z=-96} | Feet: White Concrete | FloorSolid: true
[12:34:13.068] [DEBUG] [PATHFINDER] Blocked at: BlockPos{x=-85, y=83, z=-96} | Feet: Black Concrete | FloorSolid: true
[12:34:13.068] [DEBUG] [PATHFINDER] Blocked at: BlockPos{x=-84, y=85, z=-98} | Feet: Air | FloorSolid: false
[12:34:13.068] [DEBUG] [PATHFINDER] Blocked at: BlockPos{x=-84, y=85, z=-96} | Feet: Air | FloorSolid: false
[12:34:13.068] [DEBUG] [PATHFINDER] Blocked at: BlockPos{x=-83, y=85, z=-97} | Feet: Air | FloorSolid: false
[12:34:13.069] [DEBUG] [PATHFINDER] Blocked at: BlockPos{x=-85, y=85, z=-97} | Feet: Air | FloorSolid: false
[12:34:13.069] [DEBUG] [PATHFINDER] Blocked at: BlockPos{x=-84, y=83, z=-98} | Feet: Black Concrete | FloorSolid: true
[12:34:13.069] [DEBUG] [PATHFINDER] Blocked at: BlockPos{x=-84, y=83, z=-96} | Feet: White Concrete | FloorSolid: true
[12:34:13.069] [DEBUG] [PATHFINDER] Blocked at: BlockPos{x=-83, y=83, z=-97} | Feet: White Concrete | FloorSolid: true
[12:34:13.069] [DEBUG] [PATHFINDER] Blocked at: BlockPos{x=-85, y=83, z=-97} | Feet: Black Concrete | FloorSolid: true
[12:34:13.316] [INFO] [DEBUG] 
===== MOBILEMINER DIAGNOSTIC =====
BOT
- State: MOVING_TO_TARGET (Moving to BlockPos{x=-85, y=84, z=-99})
- Active Task: ShadowBotTask
TASK
- Pool Size: 2
- Last Completed: DiagnosticTestTask
- Last Failed: AimingTask (Aiming timed out)
PLAYER
- Pos: (-83.52301679945796, 84.0, -95.99430994712971)
PERCEPTION
- Target: null
- Failures: 0
ENGINE
- Last Tick: 30µs
RECENT STATE TRANSITIONS
...->AIMING (Reached destination)
...->MOVING_TO_TARGET (Moving to BlockPos{x=-81, y=84, z=-93})
...->AIMING (Aiming at (-82.5, 84.5, -92.5))
...->MOVING_TO_TARGET (Moving to BlockPos{x=-83, y=84, z=-93})
...->AIMING (Aiming at (-83.5, 84.5, -93.5))
...->MOVING_TO_TARGET (Moving to BlockPos{x=-84, y=84, z=-95})
...->AIMING (Reached destination)
...->MOVING_TO_TARGET (Moving to BlockPos{x=-85, y=84, z=-97})
...->AIMING (Reached destination)
...->MOVING_TO_TARGET (Moving to BlockPos{x=-85, y=84, z=-99})
============================
[12:34:13.682] [DEBUG] [PATHFINDER] Blocked at: BlockPos{x=-84, y=85, z=-99} | Feet: Air | FloorSolid: false
[12:34:13.682] [DEBUG] [PATHFINDER] Blocked at: BlockPos{x=-84, y=85, z=-97} | Feet: Air | FloorSolid: false
[12:34:13.682] [DEBUG] [PATHFINDER] Blocked at: BlockPos{x=-83, y=85, z=-98} | Feet: Air | FloorSolid: false
[12:34:13.682] [DEBUG] [PATHFINDER] Blocked at: BlockPos{x=-85, y=85, z=-98} | Feet: Air | FloorSolid: false
[12:34:13.682] [DEBUG] [PATHFINDER] Blocked at: BlockPos{x=-84, y=83, z=-99} | Feet: White Concrete | FloorSolid: true
[12:34:13.683] [DEBUG] [PATHFINDER] Blocked at: BlockPos{x=-84, y=83, z=-97} | Feet: White Concrete | FloorSolid: true
[12:34:13.683] [DEBUG] [PATHFINDER] Blocked at: BlockPos{x=-83, y=83, z=-98} | Feet: Black Concrete | FloorSolid: true
[12:34:13.683] [DEBUG] [PATHFINDER] Blocked at: BlockPos{x=-85, y=83, z=-98} | Feet: Black Concrete | FloorSolid: true
[12:34:13.683] [DEBUG] [PATHFINDER] Blocked at: BlockPos{x=-84, y=85, z=-100} | Feet: Air | FloorSolid: false
[12:34:13.683] [DEBUG] [PATHFINDER] Blocked at: BlockPos{x=-84, y=85, z=-98} | Feet: Air | FloorSolid: false
[12:34:13.683] [DEBUG] [PATHFINDER] Blocked at: BlockPos{x=-83, y=85, z=-99} | Feet: Air | FloorSolid: false
[12:34:13.683] [DEBUG] [PATHFINDER] Blocked at: BlockPos{x=-85, y=85, z=-99} | Feet: Air | FloorSolid: false
[12:34:13.683] [DEBUG] [PATHFINDER] Blocked at: BlockPos{x=-84, y=83, z=-100} | Feet: White Concrete | FloorSolid: true
[12:34:13.683] [DEBUG] [PATHFINDER] Blocked at: BlockPos{x=-84, y=83, z=-98} | Feet: Black Concrete | FloorSolid: true
[12:34:13.683] [DEBUG] [PATHFINDER] Blocked at: BlockPos{x=-83, y=83, z=-99} | Feet: White Concrete | FloorSolid: true
[12:34:13.683] [DEBUG] [PATHFINDER] Blocked at: BlockPos{x=-85, y=83, z=-99} | Feet: Black Concrete | FloorSolid: true
[12:34:13.684] [DEBUG] [PATHFINDER] Blocked at: BlockPos{x=-84, y=85, z=-101} | Feet: Air | FloorSolid: false
[12:34:13.684] [DEBUG] [PATHFINDER] Blocked at: BlockPos{x=-84, y=85, z=-99} | Feet: Air | FloorSolid: false
[12:34:13.684] [DEBUG] [PATHFINDER] Blocked at: BlockPos{x=-83, y=85, z=-100} | Feet: Air | FloorSolid: false
[12:34:13.684] [DEBUG] [PATHFINDER] Blocked at: BlockPos{x=-85, y=85, z=-100} | Feet: Air | FloorSolid: false
[12:34:13.684] [DEBUG] [PATHFINDER] Blocked at: BlockPos{x=-84, y=83, z=-101} | Feet: White Concrete | FloorSolid: true
[12:34:13.684] [DEBUG] [PATHFINDER] Blocked at: BlockPos{x=-84, y=83, z=-99} | Feet: White Concrete | FloorSolid: true
[12:34:13.684] [DEBUG] [PATHFINDER] Blocked at: BlockPos{x=-83, y=83, z=-100} | Feet: White Concrete | FloorSolid: true
[12:34:13.684] [DEBUG] [PATHFINDER] Blocked at: BlockPos{x=-85, y=83, z=-100} | Feet: Black Concrete | FloorSolid: true
[12:34:14.315] [INFO] [DEBUG] 
===== MOBILEMINER DIAGNOSTIC =====
BOT
- State: AIMING (Aiming at (-83.5, 84.5, -101.5))
- Active Task: ShadowBotTask
TASK
- Pool Size: 2
- Last Completed: DiagnosticTestTask
- Last Failed: AimingTask (Aiming timed out)
PLAYER
- Pos: (-83.64007092583302, 84.0, -98.77225260362222)
PERCEPTION
- Target: null
- Failures: 0
ENGINE
- Last Tick: 1µs
RECENT STATE TRANSITIONS
...->MOVING_TO_TARGET (Moving to BlockPos{x=-83, y=84, z=-93})
...->AIMING (Aiming at (-83.5, 84.5, -93.5))
...->MOVING_TO_TARGET (Moving to BlockPos{x=-84, y=84, z=-95})
...->AIMING (Reached destination)
...->MOVING_TO_TARGET (Moving to BlockPos{x=-85, y=84, z=-97})
...->AIMING (Reached destination)
...->MOVING_TO_TARGET (Moving to BlockPos{x=-85, y=84, z=-99})
...->AIMING (Reached destination)
...->MOVING_TO_TARGET (Moving to BlockPos{x=-85, y=84, z=-102})
...->AIMING (Aiming at (-83.5, 84.5, -101.5))
============================
[12:34:14.517] [DEBUG] [PATHFINDER] Blocked at: BlockPos{x=-84, y=85, z=-100} | Feet: Air | FloorSolid: false
[12:34:14.517] [DEBUG] [PATHFINDER] Blocked at: BlockPos{x=-84, y=85, z=-98} | Feet: Air | FloorSolid: false
[12:34:14.518] [DEBUG] [PATHFINDER] Blocked at: BlockPos{x=-83, y=85, z=-99} | Feet: Air | FloorSolid: false
[12:34:14.518] [DEBUG] [PATHFINDER] Blocked at: BlockPos{x=-85, y=85, z=-99} | Feet: Air | FloorSolid: false
[12:34:14.518] [DEBUG] [PATHFINDER] Blocked at: BlockPos{x=-84, y=83, z=-100} | Feet: White Concrete | FloorSolid: true
[12:34:14.518] [DEBUG] [PATHFINDER] Blocked at: BlockPos{x=-84, y=83, z=-98} | Feet: Black Concrete | FloorSolid: true
[12:34:14.518] [DEBUG] [PATHFINDER] Blocked at: BlockPos{x=-83, y=83, z=-99} | Feet: White Concrete | FloorSolid: true
[12:34:14.519] [DEBUG] [PATHFINDER] Blocked at: BlockPos{x=-85, y=83, z=-99} | Feet: Black Concrete | FloorSolid: true
[12:34:14.519] [DEBUG] [PATHFINDER] Blocked at: BlockPos{x=-84, y=85, z=-101} | Feet: Air | FloorSolid: false
[12:34:14.519] [DEBUG] [PATHFINDER] Blocked at: BlockPos{x=-84, y=85, z=-99} | Feet: Air | FloorSolid: false
[12:34:14.519] [DEBUG] [PATHFINDER] Blocked at: BlockPos{x=-83, y=85, z=-100} | Feet: Air | FloorSolid: false
[12:34:14.519] [DEBUG] [PATHFINDER] Blocked at: BlockPos{x=-85, y=85, z=-100} | Feet: Air | FloorSolid: false
[12:34:14.519] [DEBUG] [PATHFINDER] Blocked at: BlockPos{x=-84, y=83, z=-101} | Feet: White Concrete | FloorSolid: true
[12:34:14.519] [DEBUG] [PATHFINDER] Blocked at: BlockPos{x=-84, y=83, z=-99} | Feet: White Concrete | FloorSolid: true
[12:34:14.519] [DEBUG] [PATHFINDER] Blocked at: BlockPos{x=-83, y=83, z=-100} | Feet: White Concrete | FloorSolid: true
[12:34:14.519] [DEBUG] [PATHFINDER] Blocked at: BlockPos{x=-85, y=83, z=-100} | Feet: Black Concrete | FloorSolid: true
[12:34:15.118] [DEBUG] [PATHFINDER] Blocked at: BlockPos{x=-84, y=85, z=-102} | Feet: Air | FloorSolid: false
[12:34:15.118] [DEBUG] [PATHFINDER] Blocked at: BlockPos{x=-84, y=85, z=-100} | Feet: Air | FloorSolid: false
[12:34:15.118] [DEBUG] [PATHFINDER] Blocked at: BlockPos{x=-83, y=85, z=-101} | Feet: Air | FloorSolid: false
[12:34:15.118] [DEBUG] [PATHFINDER] Blocked at: BlockPos{x=-85, y=85, z=-101} | Feet: Air | FloorSolid: false
[12:34:15.118] [DEBUG] [PATHFINDER] Blocked at: BlockPos{x=-84, y=83, z=-102} | Feet: White Concrete | FloorSolid: true
[12:34:15.118] [DEBUG] [PATHFINDER] Blocked at: BlockPos{x=-84, y=83, z=-100} | Feet: White Concrete | FloorSolid: true
[12:34:15.118] [DEBUG] [PATHFINDER] Blocked at: BlockPos{x=-83, y=83, z=-101} | Feet: White Concrete | FloorSolid: true
[12:34:15.119] [DEBUG] [PATHFINDER] Blocked at: BlockPos{x=-85, y=83, z=-101} | Feet: Black Concrete | FloorSolid: true
[12:34:15.119] [DEBUG] [PATHFINDER] Blocked at: BlockPos{x=-83, y=85, z=-102} | Feet: Air | FloorSolid: false
[12:34:15.119] [DEBUG] [PATHFINDER] Blocked at: BlockPos{x=-83, y=85, z=-100} | Feet: Air | FloorSolid: false
[12:34:15.119] [DEBUG] [PATHFINDER] Blocked at: BlockPos{x=-82, y=85, z=-101} | Feet: Air | FloorSolid: false
[12:34:15.119] [DEBUG] [PATHFINDER] Blocked at: BlockPos{x=-84, y=85, z=-101} | Feet: Air | FloorSolid: false
[12:34:15.119] [DEBUG] [PATHFINDER] Blocked at: BlockPos{x=-83, y=83, z=-102} | Feet: White Concrete | FloorSolid: true
[12:34:15.119] [DEBUG] [PATHFINDER] Blocked at: BlockPos{x=-83, y=83, z=-100} | Feet: White Concrete | FloorSolid: true
[12:34:15.119] [DEBUG] [PATHFINDER] Blocked at: BlockPos{x=-82, y=83, z=-101} | Feet: White Concrete | FloorSolid: true
[12:34:15.119] [DEBUG] [PATHFINDER] Blocked at: BlockPos{x=-84, y=83, z=-101} | Feet: White Concrete | FloorSolid: true
[12:34:15.119] [DEBUG] [PATHFINDER] Blocked at: BlockPos{x=-83, y=85, z=-103} | Feet: Air | FloorSolid: false
[12:34:15.120] [DEBUG] [PATHFINDER] Blocked at: BlockPos{x=-83, y=85, z=-101} | Feet: Air | FloorSolid: false
[12:34:15.120] [DEBUG] [PATHFINDER] Blocked at: BlockPos{x=-82, y=85, z=-102} | Feet: Air | FloorSolid: false
[12:34:15.120] [DEBUG] [PATHFINDER] Blocked at: BlockPos{x=-84, y=85, z=-102} | Feet: Air | FloorSolid: false
[12:34:15.120] [DEBUG] [PATHFINDER] Blocked at: BlockPos{x=-83, y=83, z=-103} | Feet: Black Concrete | FloorSolid: true
[12:34:15.120] [DEBUG] [PATHFINDER] Blocked at: BlockPos{x=-83, y=83, z=-101} | Feet: White Concrete | FloorSolid: true
[12:34:15.120] [DEBUG] [PATHFINDER] Blocked at: BlockPos{x=-82, y=83, z=-102} | Feet: White Concrete | FloorSolid: true
[12:34:15.120] [DEBUG] [PATHFINDER] Blocked at: BlockPos{x=-84, y=83, z=-102} | Feet: White Concrete | FloorSolid: true
[12:34:15.366] [INFO] [DEBUG] 
===== MOBILEMINER DIAGNOSTIC =====
BOT
- State: MOVING_TO_TARGET (Moving to BlockPos{x=-81, y=84, z=-103})
- Active Task: ShadowBotTask
TASK
- Pool Size: 2
- Last Completed: DiagnosticTestTask
- Last Failed: AimingTask (Aiming timed out)
PLAYER
- Pos: (-83.39143115006296, 84.0, -100.87255966217539)
PERCEPTION
- Target: null
- Failures: 0
ENGINE
- Last Tick: 10µs
RECENT STATE TRANSITIONS
...->AIMING (Reached destination)
...->MOVING_TO_TARGET (Moving to BlockPos{x=-85, y=84, z=-97})
...->AIMING (Reached destination)
...->MOVING_TO_TARGET (Moving to BlockPos{x=-85, y=84, z=-99})
...->AIMING (Reached destination)
...->MOVING_TO_TARGET (Moving to BlockPos{x=-85, y=84, z=-102})
...->AIMING (Aiming at (-83.5, 84.5, -101.5))
...->MOVING_TO_TARGET (Moving to BlockPos{x=-83, y=84, z=-102})
...->AIMING (Reached destination)
...->MOVING_TO_TARGET (Moving to BlockPos{x=-81, y=84, z=-103})
============================
[12:34:15.956] [DEBUG] [PATHFINDER] Blocked at: BlockPos{x=-84, y=85, z=-103} | Feet: Air | FloorSolid: false
[12:34:15.984] [DEBUG] [PATHFINDER] Blocked at: BlockPos{x=-84, y=85, z=-101} | Feet: Air | FloorSolid: false
[12:34:15.985] [DEBUG] [PATHFINDER] Blocked at: BlockPos{x=-83, y=85, z=-102} | Feet: Air | FloorSolid: false
[12:34:15.985] [DEBUG] [PATHFINDER] Blocked at: BlockPos{x=-85, y=85, z=-102} | Feet: Air | FloorSolid: false
[12:34:15.986] [DEBUG] [PATHFINDER] Blocked at: BlockPos{x=-84, y=83, z=-103} | Feet: Black Concrete | FloorSolid: true
[12:34:15.986] [DEBUG] [PATHFINDER] Blocked at: BlockPos{x=-84, y=83, z=-101} | Feet: White Concrete | FloorSolid: true
[12:34:15.986] [DEBUG] [PATHFINDER] Blocked at: BlockPos{x=-83, y=83, z=-102} | Feet: White Concrete | FloorSolid: true
[12:34:15.987] [DEBUG] [PATHFINDER] Blocked at: BlockPos{x=-85, y=83, z=-102} | Feet: Black Concrete | FloorSolid: true
[12:34:15.987] [DEBUG] [PATHFINDER] Blocked at: BlockPos{x=-83, y=85, z=-103} | Feet: Air | FloorSolid: false
[12:34:15.988] [DEBUG] [PATHFINDER] Blocked at: BlockPos{x=-83, y=85, z=-101} | Feet: Air | FloorSolid: false
[12:34:15.988] [DEBUG] [PATHFINDER] Blocked at: BlockPos{x=-82, y=85, z=-102} | Feet: Air | FloorSolid: false
[12:34:15.989] [DEBUG] [PATHFINDER] Blocked at: BlockPos{x=-84, y=85, z=-102} | Feet: Air | FloorSolid: false
[12:34:15.989] [DEBUG] [PATHFINDER] Blocked at: BlockPos{x=-83, y=83, z=-103} | Feet: Black Concrete | FloorSolid: true
[12:34:15.991] [DEBUG] [PATHFINDER] Blocked at: BlockPos{x=-83, y=83, z=-101} | Feet: White Concrete | FloorSolid: true
[12:34:15.991] [DEBUG] [PATHFINDER] Blocked at: BlockPos{x=-82, y=83, z=-102} | Feet: White Concrete | FloorSolid: true
[12:34:15.992] [DEBUG] [PATHFINDER] Blocked at: BlockPos{x=-84, y=83, z=-102} | Feet: White Concrete | FloorSolid: true
[12:34:15.993] [DEBUG] [PATHFINDER] Blocked at: BlockPos{x=-83, y=85, z=-102} | Feet: Air | FloorSolid: false
[12:34:15.993] [DEBUG] [PATHFINDER] Blocked at: BlockPos{x=-83, y=85, z=-100} | Feet: Air | FloorSolid: false
[12:34:15.994] [DEBUG] [PATHFINDER] Blocked at: BlockPos{x=-82, y=85, z=-101} | Feet: Air | FloorSolid: false
[12:34:15.995] [DEBUG] [PATHFINDER] Blocked at: BlockPos{x=-84, y=85, z=-101} | Feet: Air | FloorSolid: false
[12:34:15.995] [DEBUG] [PATHFINDER] Blocked at: BlockPos{x=-83, y=83, z=-102} | Feet: White Concrete | FloorSolid: true
[12:34:15.995] [DEBUG] [PATHFINDER] Blocked at: BlockPos{x=-83, y=83, z=-100} | Feet: White Concrete | FloorSolid: true
[12:34:15.996] [DEBUG] [PATHFINDER] Blocked at: BlockPos{x=-82, y=83, z=-101} | Feet: White Concrete | FloorSolid: true
[12:34:15.997] [DEBUG] [PATHFINDER] Blocked at: BlockPos{x=-84, y=83, z=-101} | Feet: White Concrete | FloorSolid: true
[12:34:16.335] [INFO] [DEBUG] 
===== MOBILEMINER DIAGNOSTIC =====
BOT
- State: MOVING_TO_TARGET (Moving to BlockPos{x=-81, y=84, z=-100})
- Active Task: ShadowBotTask
TASK
- Pool Size: 2
- Last Completed: DiagnosticTestTask
- Last Failed: AimingTask (Aiming timed out)
PLAYER
- Pos: (-82.44700588143841, 84.0, -102.0596742362114)
PERCEPTION
- Target: null
- Failures: 0
ENGINE
- Last Tick: 11µs
RECENT STATE TRANSITIONS
...->AIMING (Reached destination)
...->MOVING_TO_TARGET (Moving to BlockPos{x=-85, y=84, z=-99})
...->AIMING (Reached destination)
...->MOVING_TO_TARGET (Moving to BlockPos{x=-85, y=84, z=-102})
...->AIMING (Aiming at (-83.5, 84.5, -101.5))
...->MOVING_TO_TARGET (Moving to BlockPos{x=-83, y=84, z=-102})
...->AIMING (Reached destination)
...->MOVING_TO_TARGET (Moving to BlockPos{x=-81, y=84, z=-103})
...->AIMING (Aiming at (-80.5, 84.5, -101.5))
...->MOVING_TO_TARGET (Moving to BlockPos{x=-81, y=84, z=-100})
============================
